2025-08-06 13:14:31.675 WARNING (SyncWorker_1) [homeassistant.loader] We found a custom integration commax which has not been tested by Home Assistant. This component might cause stability problems, be sure to disable it if you experience issues with Home Assistant
2025-08-06 13:14:31.677 WARNING (SyncWorker_1) [homeassistant.loader] We found a custom integration hacs which has not been tested by Home Assistant. This component might cause stability problems, be sure to disable it if you experience issues with Home Assistant
2025-08-06 13:14:31.687 WARNING (SyncWorker_1) [homeassistant.loader] We found a custom integration smartthinq_sensors which has not been tested by Home Assistant. This component might cause stability problems, be sure to disable it if you experience issues with Home Assistant
2025-08-06 13:14:34.296 DEBUG (MainThread) [homeassistant.core] Bus:Handling <Event service_registered[L]: domain=logger, service=set_default_level>
2025-08-06 13:14:34.296 DEBUG (MainThread) [homeassistant.core] Bus:Handling <Event service_registered[L]: domain=logger, service=set_level>
2025-08-06 13:14:34.417 INFO (MainThread) [homeassistant.setup] Setup of domain http took 0.13 seconds
2025-08-06 13:14:34.417 DEBUG (MainThread) [homeassistant.core] Bus:Handling <Event component_loaded[L]: component=http>
2025-08-06 13:14:34.419 INFO (MainThread) [homeassistant.setup] Setup of domain logger took 0.13 seconds
2025-08-06 13:14:34.419 DEBUG (MainThread) [homeassistant.core] Bus:Handling <Event component_loaded[L]: component=logger>
2025-08-06 13:14:34.420 INFO (MainThread) [homeassistant.setup] Setting up websocket_api
2025-08-06 13:14:34.420 INFO (MainThread) [homeassistant.setup] Setup of domain websocket_api took 0.00 seconds
2025-08-06 13:14:34.421 DEBUG (MainThread) [homeassistant.core] Bus:Handling <Event component_loaded[L]: component=websocket_api>
2025-08-06 13:14:34.426 INFO (MainThread) [homeassistant.setup] Setup of domain system_log took 0.14 seconds
2025-08-06 13:14:34.426 DEBUG (MainThread) [homeassistant.core] Bus:Handling <Event component_loaded[L]: component=system_log>
2025-08-06 13:14:34.433 INFO (MainThread) [homeassistant.setup] Setting up network
2025-08-06 13:14:34.438 INFO (MainThread) [homeassistant.setup] Setup of domain network took 0.00 seconds
2025-08-06 13:14:34.438 DEBUG (MainThread) [homeassistant.core] Bus:Handling <Event component_loaded[L]: component=network>
2025-08-06 13:14:34.438 INFO (MainThread) [homeassistant.bootstrap] Setting up stage frontend: {'frontend'} | set()
Dependencies: {'diagnostics', 'search', 'api', 'device_automation', 'repairs', 'lovelace', 'auth', 'config', 'file_upload', 'onboarding'} | {'http', 'websocket_api', 'system_log'}
2025-08-06 13:14:34.438 INFO (MainThread) [homeassistant.setup] Setting up diagnostics
2025-08-06 13:14:34.440 INFO (MainThread) [homeassistant.setup] Setup of domain diagnostics took 0.00 seconds
2025-08-06 13:14:34.440 DEBUG (MainThread) [homeassistant.core] Bus:Handling <Event component_loaded[L]: component=diagnostics>
2025-08-06 13:14:34.440 INFO (MainThread) [homeassistant.setup] Setting up search
2025-08-06 13:14:34.440 INFO (MainThread) [homeassistant.setup] Setup of domain search took 0.00 seconds
2025-08-06 13:14:34.440 DEBUG (MainThread) [homeassistant.core] Bus:Handling <Event component_loaded[L]: component=search>
2025-08-06 13:14:34.440 INFO (MainThread) [homeassistant.setup] Setting up api
2025-08-06 13:14:34.444 INFO (MainThread) [homeassistant.setup] Setup of domain api took 0.00 seconds
2025-08-06 13:14:34.444 DEBUG (MainThread) [homeassistant.core] Bus:Handling <Event component_loaded[L]: component=api>
2025-08-06 13:14:34.450 INFO (MainThread) [homeassistant.setup] Setting up device_automation
2025-08-06 13:14:34.450 INFO (MainThread) [homeassistant.setup] Setup of domain device_automation took 0.00 seconds
2025-08-06 13:14:34.450 DEBUG (MainThread) [homeassistant.core] Bus:Handling <Event component_loaded[L]: component=device_automation>
2025-08-06 13:14:34.451 INFO (MainThread) [homeassistant.setup] Setting up repairs
2025-08-06 13:14:34.452 INFO (MainThread) [homeassistant.setup] Setup of domain repairs took 0.00 seconds
2025-08-06 13:14:34.452 DEBUG (MainThread) [homeassistant.core] Bus:Handling <Event component_loaded[L]: component=repairs>
2025-08-06 13:14:34.452 INFO (MainThread) [homeassistant.setup] Setting up auth
2025-08-06 13:14:34.453 INFO (MainThread) [homeassistant.setup] Setup of domain auth took 0.00 seconds
2025-08-06 13:14:34.453 DEBUG (MainThread) [homeassistant.core] Bus:Handling <Event component_loaded[L]: component=auth>
2025-08-06 13:14:34.454 INFO (MainThread) [homeassistant.setup] Setting up onboarding
2025-08-06 13:14:34.454 INFO (MainThread) [homeassistant.setup] Setup of domain onboarding took 0.00 seconds
2025-08-06 13:14:34.454 DEBUG (MainThread) [homeassistant.core] Bus:Handling <Event component_loaded[L]: component=onboarding>
2025-08-06 13:14:34.454 INFO (MainThread) [homeassistant.setup] Setting up lovelace
2025-08-06 13:14:34.454 DEBUG (MainThread) [homeassistant.core] Bus:Handling <Event panels_updated[L]>
2025-08-06 13:14:34.456 INFO (MainThread) [homeassistant.setup] Setting up config
2025-08-06 13:14:34.459 DEBUG (MainThread) [homeassistant.core] Bus:Handling <Event panels_updated[L]>
2025-08-06 13:14:34.459 DEBUG (MainThread) [homeassistant.core] Bus:Handling <Event component_loaded[L]: component=config.area_registry>
2025-08-06 13:14:34.459 DEBUG (MainThread) [homeassistant.core] Bus:Handling <Event component_loaded[L]: component=config.auth>
2025-08-06 13:14:34.459 DEBUG (MainThread) [homeassistant.core] Bus:Handling <Event component_loaded[L]: component=config.auth_provider_homeassistant>
2025-08-06 13:14:34.460 DEBUG (MainThread) [homeassistant.core] Bus:Handling <Event component_loaded[L]: component=config.automation>
2025-08-06 13:14:34.460 DEBUG (MainThread) [homeassistant.core] Bus:Handling <Event component_loaded[L]: component=config.category_registry>
2025-08-06 13:14:34.463 DEBUG (MainThread) [homeassistant.core] Bus:Handling <Event component_loaded[L]: component=config.config_entries>
2025-08-06 13:14:34.463 DEBUG (MainThread) [homeassistant.core] Bus:Handling <Event component_loaded[L]: component=config.core>
2025-08-06 13:14:34.464 DEBUG (MainThread) [homeassistant.core] Bus:Handling <Event component_loaded[L]: component=config.device_registry>
2025-08-06 13:14:34.464 DEBUG (MainThread) [homeassistant.core] Bus:Handling <Event component_loaded[L]: component=config.entity_registry>
2025-08-06 13:14:34.464 DEBUG (MainThread) [homeassistant.core] Bus:Handling <Event component_loaded[L]: component=config.floor_registry>
2025-08-06 13:14:34.464 DEBUG (MainThread) [homeassistant.core] Bus:Handling <Event component_loaded[L]: component=config.label_registry>
2025-08-06 13:14:34.464 DEBUG (MainThread) [homeassistant.core] Bus:Handling <Event component_loaded[L]: component=config.script>
2025-08-06 13:14:34.465 DEBUG (MainThread) [homeassistant.core] Bus:Handling <Event component_loaded[L]: component=config.scene>
2025-08-06 13:14:34.470 INFO (MainThread) [homeassistant.setup] Setup of domain config took 0.01 seconds
2025-08-06 13:14:34.470 DEBUG (MainThread) [homeassistant.core] Bus:Handling <Event component_loaded[L]: component=config>
2025-08-06 13:14:34.470 INFO (MainThread) [homeassistant.setup] Setting up file_upload
2025-08-06 13:14:34.471 INFO (MainThread) [homeassistant.setup] Setup of domain file_upload took 0.00 seconds
2025-08-06 13:14:34.471 DEBUG (MainThread) [homeassistant.core] Bus:Handling <Event component_loaded[L]: component=file_upload>
2025-08-06 13:14:34.471 DEBUG (MainThread) [homeassistant.core] Bus:Handling <Event panels_updated[L]>
2025-08-06 13:14:34.478 INFO (MainThread) [homeassistant.setup] Setup of domain lovelace took 0.02 seconds
2025-08-06 13:14:34.479 DEBUG (MainThread) [homeassistant.core] Bus:Handling <Event component_loaded[L]: component=lovelace>
2025-08-06 13:14:34.491 INFO (MainThread) [homeassistant.setup] Setting up frontend
2025-08-06 13:14:34.517 DEBUG (MainThread) [homeassistant.core] Bus:Handling <Event panels_updated[L]>
2025-08-06 13:14:34.517 DEBUG (MainThread) [homeassistant.core] Bus:Handling <Event panels_updated[L]>
2025-08-06 13:14:34.517 DEBUG (MainThread) [homeassistant.core] Bus:Handling <Event service_registered[L]: domain=frontend, service=set_theme>
2025-08-06 13:14:34.517 DEBUG (MainThread) [homeassistant.core] Bus:Handling <Event service_registered[L]: domain=frontend, service=reload_themes>
2025-08-06 13:14:34.518 INFO (MainThread) [homeassistant.setup] Setup of domain frontend took 0.03 seconds
2025-08-06 13:14:34.518 DEBUG (MainThread) [homeassistant.core] Bus:Handling <Event component_loaded[L]: component=frontend>
2025-08-06 13:14:34.531 INFO (MainThread) [homeassistant.bootstrap] Setting up stage recorder: {'recorder'} | set()
Dependencies: set() | set()
2025-08-06 13:14:34.574 INFO (MainThread) [homeassistant.components.http] Now listening on port 8123
2025-08-06 13:14:34.575 INFO (MainThread) [homeassistant.setup] Setup of domain http took 0.06 seconds
2025-08-06 13:14:34.579 INFO (MainThread) [homeassistant.setup] Setting up recorder
2025-08-06 13:14:34.584 DEBUG (MainThread) [homeassistant.core] Bus:Handling <Event service_registered[L]: domain=recorder, service=purge>
2025-08-06 13:14:34.584 DEBUG (MainThread) [homeassistant.core] Bus:Handling <Event service_registered[L]: domain=recorder, service=purge_entities>
2025-08-06 13:14:34.584 DEBUG (MainThread) [homeassistant.core] Bus:Handling <Event service_registered[L]: domain=recorder, service=enable>
2025-08-06 13:14:34.585 DEBUG (MainThread) [homeassistant.core] Bus:Handling <Event service_registered[L]: domain=recorder, service=disable>
2025-08-06 13:14:34.588 DEBUG (MainThread) [homeassistant.core] Bus:Handling <Event service_registered[L]: domain=recorder, service=get_statistics>
2025-08-06 13:14:35.569 INFO (MainThread) [homeassistant.setup] Setup of domain recorder took 0.99 seconds
2025-08-06 13:14:35.573 DEBUG (MainThread) [homeassistant.core] Bus:Handling <Event component_loaded[L]: component=recorder>
2025-08-06 13:14:35.581 INFO (MainThread) [homeassistant.bootstrap] Nothing to set up in stage debugger: {'debugpy'}
2025-08-06 13:14:35.587 INFO (MainThread) [homeassistant.bootstrap] Setting up stage zeroconf: {'zeroconf'} | set()
Dependencies: set() | {'http', 'websocket_api', 'api', 'network'}
2025-08-06 13:14:35.589 INFO (MainThread) [homeassistant.setup] Setting up zeroconf
2025-08-06 13:14:35.689 INFO (MainThread) [homeassistant.components.zeroconf] Starting Zeroconf broadcast
2025-08-06 13:14:35.690 INFO (MainThread) [homeassistant.setup] Setup of domain zeroconf took 0.09 seconds
2025-08-06 13:14:35.690 DEBUG (MainThread) [homeassistant.core] Bus:Handling <Event component_loaded[L]: component=zeroconf>
2025-08-06 13:14:35.712 INFO (MainThread) [homeassistant.bootstrap] Setting up stage 1: {'hassio', 'dhcp', 'ssdp', 'usb', 'cloud', 'bluetooth'} | set()
Dependencies: {'wake_word', 'webhook', 'backup', 'intent', 'tts', 'stt', 'conversation', 'assist_pipeline', 'ffmpeg'} | {'websocket_api', 'http', 'repairs', 'network', 'auth'}
2025-08-06 13:14:35.763 INFO (MainThread) [homeassistant.setup] Setting up hassio
2025-08-06 13:14:35.773 INFO (MainThread) [homeassistant.setup] Setting up webhook
2025-08-06 13:14:35.776 INFO (MainThread) [homeassistant.setup] Setup of domain webhook took 0.00 seconds
2025-08-06 13:14:35.776 DEBUG (MainThread) [homeassistant.core] Bus:Handling <Event component_loaded[L]: component=webhook>
2025-08-06 13:14:35.783 INFO (MainThread) [homeassistant.setup] Setting up wake_word
2025-08-06 13:14:35.783 INFO (MainThread) [homeassistant.setup] Setup of domain wake_word took 0.00 seconds
2025-08-06 13:14:35.784 DEBUG (MainThread) [homeassistant.core] Bus:Handling <Event component_loaded[L]: component=wake_word>
2025-08-06 13:14:35.848 DEBUG (MainThread) [homeassistant.core] Bus:Handling <Event panels_updated[L]>
2025-08-06 13:14:35.899 DEBUG (MainThread) [homeassistant.core] Bus:Handling <Event service_registered[L]: domain=hassio, service=addon_start>
2025-08-06 13:14:35.900 DEBUG (MainThread) [homeassistant.core] Bus:Handling <Event service_registered[L]: domain=hassio, service=addon_stop>
2025-08-06 13:14:35.900 DEBUG (MainThread) [homeassistant.core] Bus:Handling <Event service_registered[L]: domain=hassio, service=addon_restart>
2025-08-06 13:14:35.900 DEBUG (MainThread) [homeassistant.core] Bus:Handling <Event service_registered[L]: domain=hassio, service=addon_stdin>
2025-08-06 13:14:35.900 DEBUG (MainThread) [homeassistant.core] Bus:Handling <Event service_registered[L]: domain=hassio, service=host_shutdown>
2025-08-06 13:14:35.900 DEBUG (MainThread) [homeassistant.core] Bus:Handling <Event service_registered[L]: domain=hassio, service=host_reboot>
2025-08-06 13:14:35.900 DEBUG (MainThread) [homeassistant.core] Bus:Handling <Event service_registered[L]: domain=hassio, service=backup_full>
2025-08-06 13:14:35.900 DEBUG (MainThread) [homeassistant.core] Bus:Handling <Event service_registered[L]: domain=hassio, service=backup_partial>
2025-08-06 13:14:35.900 DEBUG (MainThread) [homeassistant.core] Bus:Handling <Event service_registered[L]: domain=hassio, service=restore_full>
2025-08-06 13:14:35.900 DEBUG (MainThread) [homeassistant.core] Bus:Handling <Event service_registered[L]: domain=hassio, service=restore_partial>
2025-08-06 13:14:35.967 INFO (MainThread) [homeassistant.setup] Setting up ffmpeg
2025-08-06 13:14:35.968 DEBUG (MainThread) [homeassistant.core] Bus:Handling <Event service_registered[L]: domain=ffmpeg, service=start>
2025-08-06 13:14:35.968 DEBUG (MainThread) [homeassistant.core] Bus:Handling <Event service_registered[L]: domain=ffmpeg, service=stop>
2025-08-06 13:14:35.969 DEBUG (MainThread) [homeassistant.core] Bus:Handling <Event service_registered[L]: domain=ffmpeg, service=restart>
2025-08-06 13:14:35.969 INFO (MainThread) [homeassistant.setup] Setup of domain ffmpeg took 0.00 seconds
2025-08-06 13:14:35.969 DEBUG (MainThread) [homeassistant.core] Bus:Handling <Event component_loaded[L]: component=ffmpeg>
2025-08-06 13:14:35.969 INFO (MainThread) [homeassistant.setup] Setting up stt
2025-08-06 13:14:35.972 INFO (MainThread) [homeassistant.setup] Setup of domain stt took 0.00 seconds
2025-08-06 13:14:35.972 DEBUG (MainThread) [homeassistant.core] Bus:Handling <Event component_loaded[L]: component=stt>
2025-08-06 13:14:36.187 INFO (MainThread) [homeassistant.setup] Setting up intent
2025-08-06 13:14:36.191 INFO (MainThread) [homeassistant.setup] Setup of domain intent took 0.00 seconds
2025-08-06 13:14:36.191 DEBUG (MainThread) [homeassistant.core] Bus:Handling <Event component_loaded[L]: component=intent>
2025-08-06 13:14:36.199 DEBUG (MainThread) [homeassistant.core] Bus:Handling <Event panels_updated[L]>
2025-08-06 13:14:36.199 DEBUG (MainThread) [homeassistant.core] Bus:Handling <Event panels_updated[L]>
2025-08-06 13:14:37.773 INFO (MainThread) [homeassistant.setup] Setting up dhcp
2025-08-06 13:14:37.774 INFO (MainThread) [homeassistant.setup] Setup of domain dhcp took 0.00 seconds
2025-08-06 13:14:37.774 DEBUG (MainThread) [homeassistant.core] Bus:Handling <Event component_loaded[L]: component=dhcp>
2025-08-06 13:14:37.844 INFO (MainThread) [homeassistant.setup] Setting up ssdp
2025-08-06 13:14:37.886 INFO (MainThread) [homeassistant.setup] Setup of domain ssdp took 0.04 seconds
2025-08-06 13:14:37.888 DEBUG (MainThread) [homeassistant.core] Bus:Handling <Event component_loaded[L]: component=ssdp>
2025-08-06 13:14:37.924 INFO (MainThread) [homeassistant.setup] Setting up usb
2025-08-06 13:14:37.925 INFO (MainThread) [homeassistant.setup] Setup of domain usb took 0.00 seconds
2025-08-06 13:14:37.925 DEBUG (MainThread) [homeassistant.core] Bus:Handling <Event component_loaded[L]: component=usb>
2025-08-06 13:14:38.319 INFO (MainThread) [homeassistant.setup] Setting up tts
2025-08-06 13:14:38.446 INFO (MainThread) [homeassistant.setup] Setup of domain hassio took 2.68 seconds
2025-08-06 13:14:38.450 DEBUG (MainThread) [homeassistant.core] Bus:Handling <Event service_registered[L]: domain=tts, service=speak>
2025-08-06 13:14:38.450 DEBUG (MainThread) [homeassistant.core] Bus:Handling <Event service_registered[L]: domain=tts, service=clear_cache>
2025-08-06 13:14:38.450 INFO (MainThread) [homeassistant.setup] Setup of domain tts took 0.13 seconds
2025-08-06 13:14:38.451 DEBUG (MainThread) [homeassistant.core] Bus:Handling <Event component_loaded[L]: component=tts>
2025-08-06 13:14:38.596 INFO (MainThread) [homeassistant.setup] Setting up binary_sensor
2025-08-06 13:14:38.598 INFO (MainThread) [homeassistant.setup] Setup of domain binary_sensor took 0.00 seconds
2025-08-06 13:14:38.598 DEBUG (MainThread) [homeassistant.core] Bus:Handling <Event component_loaded[L]: component=binary_sensor>
2025-08-06 13:14:38.616 INFO (MainThread) [homeassistant.setup] Setting up sensor
2025-08-06 13:14:38.616 INFO (MainThread) [homeassistant.setup] Setup of domain sensor took 0.00 seconds
2025-08-06 13:14:38.616 DEBUG (MainThread) [homeassistant.core] Bus:Handling <Event component_loaded[L]: component=sensor>
2025-08-06 13:14:38.617 INFO (MainThread) [homeassistant.setup] Setting up update
2025-08-06 13:14:38.618 DEBUG (MainThread) [homeassistant.core] Bus:Handling <Event service_registered[L]: domain=update, service=install>
2025-08-06 13:14:38.618 DEBUG (MainThread) [homeassistant.core] Bus:Handling <Event service_registered[L]: domain=update, service=skip>
2025-08-06 13:14:38.618 DEBUG (MainThread) [homeassistant.core] Bus:Handling <Event service_registered[L]: domain=update, service=clear_skipped>
2025-08-06 13:14:38.618 INFO (MainThread) [homeassistant.setup] Setup of domain update took 0.00 seconds
2025-08-06 13:14:38.618 DEBUG (MainThread) [homeassistant.core] Bus:Handling <Event component_loaded[L]: component=update>
2025-08-06 13:14:38.646 INFO (MainThread) [homeassistant.components.binary_sensor] Setting up hassio.binary_sensor
2025-08-06 13:14:38.647 DEBUG (MainThread) [homeassistant.components.binary_sensor] Not adding entity 작동 중 because it's disabled
2025-08-06 13:14:38.648 DEBUG (MainThread) [homeassistant.components.binary_sensor] Not adding entity 작동 중 because it's disabled
2025-08-06 13:14:38.648 DEBUG (MainThread) [homeassistant.components.binary_sensor] Not adding entity 작동 중 because it's disabled
2025-08-06 13:14:38.648 DEBUG (MainThread) [homeassistant.components.binary_sensor] Not adding entity 작동 중 because it's disabled
2025-08-06 13:14:38.648 DEBUG (MainThread) [homeassistant.components.binary_sensor] Not adding entity 작동 중 because it's disabled
2025-08-06 13:14:38.658 INFO (MainThread) [homeassistant.components.sensor] Setting up hassio.sensor
2025-08-06 13:14:38.687 INFO (MainThread) [homeassistant.components.update] Setting up hassio.update
2025-08-06 13:14:38.690 DEBUG (MainThread) [homeassistant.core] Bus:Handling <Event state_changed[L]: entity_id=update.home_assistant_supervisor_update, old_state=None, new_state=<state update.home_assistant_supervisor_update=off; auto_update=True, display_precision=0, installed_version=2025.07.3, in_progress=False, latest_version=2025.07.3, release_summary=None, release_url=https://github.com/home-assistant/supervisor/releases/tag/2025.07.3, skipped_version=None, title=Home Assistant Supervisor, update_percentage=None, entity_picture=https://brands.home-assistant.io/hassio/icon.png, friendly_name=Home Assistant Supervisor Update, supported_features=1 @ 2025-08-06T13:14:38.688050+09:00>>
2025-08-06 13:14:38.691 DEBUG (MainThread) [homeassistant.core] Bus:Handling <Event state_changed[L]: entity_id=update.home_assistant_core_update, old_state=None, new_state=<state update.home_assistant_core_update=off; auto_update=False, display_precision=0, installed_version=2025.7.4, in_progress=False, latest_version=2025.7.4, release_summary=None, release_url=https://www.home-assistant.io/latest-release-notes/, skipped_version=None, title=Home Assistant Core, update_percentage=None, entity_picture=https://brands.home-assistant.io/homeassistant/icon.png, friendly_name=Home Assistant Core Update, supported_features=11 @ 2025-08-06T13:14:38.691422+09:00>>
2025-08-06 13:14:38.692 DEBUG (MainThread) [homeassistant.core] Bus:Handling <Event state_changed[L]: entity_id=update.zigbee2mqtt_update, old_state=None, new_state=<state update.zigbee2mqtt_update=off; auto_update=False, display_precision=0, installed_version=2.6.0-1, in_progress=False, latest_version=2.6.0-1, release_summary=None, release_url=None, skipped_version=None, title=Zigbee2MQTT, update_percentage=None, entity_picture=/api/hassio/addons/45df7312_zigbee2mqtt/icon, friendly_name=Zigbee2MQTT Update, supported_features=25 @ 2025-08-06T13:14:38.691980+09:00>>
2025-08-06 13:14:38.692 DEBUG (MainThread) [homeassistant.core] Bus:Handling <Event state_changed[L]: entity_id=update.studio_code_server_update, old_state=None, new_state=<state update.studio_code_server_update=off; auto_update=False, display_precision=0, installed_version=5.19.3, in_progress=False, latest_version=5.19.3, release_summary=None, release_url=None, skipped_version=None, title=Studio Code Server, update_percentage=None, entity_picture=/api/hassio/addons/a0d7b954_vscode/icon, friendly_name=Studio Code Server Update, supported_features=25 @ 2025-08-06T13:14:38.692348+09:00>>
2025-08-06 13:14:38.692 DEBUG (MainThread) [homeassistant.core] Bus:Handling <Event state_changed[L]: entity_id=update.get_hacs_update, old_state=None, new_state=<state update.get_hacs_update=off; auto_update=False, display_precision=0, installed_version=1.3.1, in_progress=False, latest_version=1.3.1, release_summary=None, release_url=None, skipped_version=None, title=Get HACS, update_percentage=None, entity_picture=/api/hassio/addons/cb646a50_get/icon, friendly_name=Get HACS Update, supported_features=25 @ 2025-08-06T13:14:38.692746+09:00>>
2025-08-06 13:14:38.693 DEBUG (MainThread) [homeassistant.core] Bus:Handling <Event state_changed[L]: entity_id=update.samba_share_update, old_state=None, new_state=<state update.samba_share_update=off; auto_update=False, display_precision=0, installed_version=12.5.2, in_progress=False, latest_version=12.5.2, release_summary=None, release_url=None, skipped_version=None, title=Samba share, update_percentage=None, entity_picture=/api/hassio/addons/core_samba/icon, friendly_name=Samba share Update, supported_features=25 @ 2025-08-06T13:14:38.693138+09:00>>
2025-08-06 13:14:38.693 DEBUG (MainThread) [homeassistant.core] Bus:Handling <Event state_changed[L]: entity_id=update.advanced_ssh_web_terminal_update, old_state=None, new_state=<state update.advanced_ssh_web_terminal_update=off; auto_update=False, display_precision=0, installed_version=21.0.2, in_progress=False, latest_version=21.0.2, release_summary=None, release_url=None, skipped_version=None, title=Advanced SSH & Web Terminal, update_percentage=None, entity_picture=/api/hassio/addons/a0d7b954_ssh/icon, friendly_name=Advanced SSH & Web Terminal Update, supported_features=25 @ 2025-08-06T13:14:38.693525+09:00>>
2025-08-06 13:14:38.702 DEBUG (MainThread) [homeassistant.core] Bus:Handling <Event state_changed[L]: entity_id=update.home_assistant_operating_system_update, old_state=None, new_state=<state update.home_assistant_operating_system_update=off; auto_update=False, display_precision=0, installed_version=16.0, in_progress=False, latest_version=16.0, release_summary=None, release_url=https://github.com/home-assistant/operating-system/releases/tag/16.0, skipped_version=None, title=Home Assistant Operating System, update_percentage=None, entity_picture=https://brands.home-assistant.io/homeassistant/icon.png, friendly_name=Home Assistant Operating System Update, supported_features=11 @ 2025-08-06T13:14:38.702359+09:00>>
2025-08-06 13:14:38.703 DEBUG (MainThread) [homeassistant.core] Bus:Handling <Event component_loaded[L]: component=hassio>
2025-08-06 13:14:38.703 INFO (MainThread) [homeassistant.setup] Setting up backup
2025-08-06 13:14:38.713 DEBUG (MainThread) [homeassistant.core] Bus:Handling <Event service_registered[L]: domain=backup, service=create_automatic>
2025-08-06 13:14:38.714 INFO (MainThread) [homeassistant.setup] Setup of domain backup took 0.01 seconds
2025-08-06 13:14:38.760 INFO (MainThread) [homeassistant.setup] Setting up conversation
2025-08-06 13:14:38.761 DEBUG (MainThread) [homeassistant.core] Bus:Handling <Event state_changed[L]: entity_id=conversation.home_assistant, old_state=None, new_state=<state conversation.home_assistant=unknown; friendly_name=Home Assistant, supported_features=1 @ 2025-08-06T13:14:38.760912+09:00>>
2025-08-06 13:14:38.818 DEBUG (MainThread) [homeassistant.core] Bus:Handling <Event service_registered[L]: domain=conversation, service=process>
2025-08-06 13:14:38.818 DEBUG (MainThread) [homeassistant.core] Bus:Handling <Event service_registered[L]: domain=conversation, service=reload>
2025-08-06 13:14:38.819 INFO (MainThread) [homeassistant.setup] Setup of domain conversation took 0.06 seconds
2025-08-06 13:14:38.819 DEBUG (MainThread) [homeassistant.core] Bus:Handling <Event component_loaded[L]: component=conversation>
2025-08-06 13:14:38.822 INFO (MainThread) [homeassistant.setup] Setting up bluetooth
2025-08-06 13:14:38.829 INFO (MainThread) [homeassistant.setup] Setting up assist_pipeline
2025-08-06 13:14:38.831 INFO (MainThread) [homeassistant.setup] Setup of domain assist_pipeline took 0.00 seconds
2025-08-06 13:14:38.831 DEBUG (MainThread) [homeassistant.core] Bus:Handling <Event component_loaded[L]: component=assist_pipeline>
2025-08-06 13:14:38.843 INFO (MainThread) [homeassistant.setup] Setting up event
2025-08-06 13:14:38.843 INFO (MainThread) [homeassistant.setup] Setup of domain event took 0.00 seconds
2025-08-06 13:14:38.843 DEBUG (MainThread) [homeassistant.core] Bus:Handling <Event component_loaded[L]: component=event>
2025-08-06 13:14:38.927 INFO (MainThread) [homeassistant.components.sensor] Setting up backup.sensor
2025-08-06 13:14:38.934 DEBUG (MainThread) [homeassistant.core] Bus:Handling <Event state_changed[L]: entity_id=sensor.backup_backup_manager_state, old_state=None, new_state=<state sensor.backup_backup_manager_state=blocked; options=['idle', 'create_backup', 'blocked', 'receive_backup', 'restore_backup'], device_class=enum, friendly_name=Backup Backup Manager state @ 2025-08-06T13:14:38.932222+09:00>>
2025-08-06 13:14:38.946 DEBUG (MainThread) [homeassistant.core] Bus:Handling <Event state_changed[L]: entity_id=sensor.backup_next_scheduled_automatic_backup, old_state=None, new_state=<state sensor.backup_next_scheduled_automatic_backup=unknown; device_class=timestamp, friendly_name=Backup Next scheduled automatic backup @ 2025-08-06T13:14:38.935488+09:00>>
2025-08-06 13:14:38.948 DEBUG (MainThread) [homeassistant.core] Bus:Handling <Event state_changed[L]: entity_id=sensor.backup_last_successful_automatic_backup, old_state=None, new_state=<state sensor.backup_last_successful_automatic_backup=unknown; device_class=timestamp, friendly_name=Backup Last successful automatic backup @ 2025-08-06T13:14:38.948390+09:00>>
2025-08-06 13:14:38.949 DEBUG (MainThread) [homeassistant.core] Bus:Handling <Event state_changed[L]: entity_id=sensor.backup_last_attempted_automatic_backup, old_state=None, new_state=<state sensor.backup_last_attempted_automatic_backup=unknown; device_class=timestamp, friendly_name=Backup Last attempted automatic backup @ 2025-08-06T13:14:38.949381+09:00>>
2025-08-06 13:14:38.988 INFO (MainThread) [homeassistant.components.event] Setting up backup.event
2025-08-06 13:14:38.992 DEBUG (MainThread) [homeassistant.core] Bus:Handling <Event state_changed[L]: entity_id=event.backup_automatic_backup, old_state=None, new_state=<state event.backup_automatic_backup=unknown; event_types=['completed', 'failed', 'in_progress'], event_type=None, friendly_name=Backup Automatic backup @ 2025-08-06T13:14:38.992655+09:00>>
2025-08-06 13:14:39.026 DEBUG (MainThread) [homeassistant.core] Bus:Handling <Event component_loaded[L]: component=backup>
2025-08-06 13:14:39.194 INFO (MainThread) [homeassistant.setup] Setup of domain bluetooth took 0.37 seconds
2025-08-06 13:14:39.194 DEBUG (MainThread) [homeassistant.core] Bus:Handling <Event component_loaded[L]: component=bluetooth>
2025-08-06 13:14:39.197 DEBUG (MainThread) [homeassistant.core] Bus:Handling <Event state_reported[L]: entity_id=sensor.backup_backup_manager_state, old_last_reported=2025-08-06T13:14:38.932222+09:00, new_state=<state sensor.backup_backup_manager_state=blocked; options=['idle', 'create_backup', 'blocked', 'receive_backup', 'restore_backup'], device_class=enum, friendly_name=Backup Backup Manager state @ 2025-08-06T13:14:38.932222+09:00>>
2025-08-06 13:14:39.198 DEBUG (MainThread) [homeassistant.core] Bus:Handling <Event state_reported[L]: entity_id=sensor.backup_next_scheduled_automatic_backup, old_last_reported=2025-08-06T13:14:38.935488+09:00, new_state=<state sensor.backup_next_scheduled_automatic_backup=unknown; device_class=timestamp, friendly_name=Backup Next scheduled automatic backup @ 2025-08-06T13:14:38.935488+09:00>>
2025-08-06 13:14:39.200 DEBUG (MainThread) [homeassistant.core] Bus:Handling <Event state_reported[L]: entity_id=sensor.backup_last_successful_automatic_backup, old_last_reported=2025-08-06T13:14:38.948390+09:00, new_state=<state sensor.backup_last_successful_automatic_backup=unknown; device_class=timestamp, friendly_name=Backup Last successful automatic backup @ 2025-08-06T13:14:38.948390+09:00>>
2025-08-06 13:14:39.200 DEBUG (MainThread) [homeassistant.core] Bus:Handling <Event state_reported[L]: entity_id=sensor.backup_last_attempted_automatic_backup, old_last_reported=2025-08-06T13:14:38.949381+09:00, new_state=<state sensor.backup_last_attempted_automatic_backup=unknown; device_class=timestamp, friendly_name=Backup Last attempted automatic backup @ 2025-08-06T13:14:38.949381+09:00>>
2025-08-06 13:14:39.553 DEBUG (MainThread) [homeassistant.core] Bus:Handling <Event call_service[L]: domain=system_log, service=write, service_data=logger=frontend.js.modern.202507023, message=Unhandled promise rejection from Chrome 138.0.0.0 on Windows 10
{
  "code": "not_found",
  "message": "Subscription not found."
}, level=debug>
2025-08-06 13:14:40.066 INFO (MainThread) [homeassistant.setup] Setting up cloud
2025-08-06 13:14:40.076 DEBUG (MainThread) [homeassistant.core] Bus:Handling <Event service_registered[L]: domain=cloud, service=remote_connect>
2025-08-06 13:14:40.076 DEBUG (MainThread) [homeassistant.core] Bus:Handling <Event service_registered[L]: domain=cloud, service=remote_disconnect>
2025-08-06 13:14:40.086 INFO (MainThread) [homeassistant.setup] Setup of domain cloud took 0.02 seconds
2025-08-06 13:14:40.087 DEBUG (MainThread) [homeassistant.core] Bus:Handling <Event component_loaded[L]: component=cloud>
2025-08-06 13:14:40.089 DEBUG (MainThread) [homeassistant.core] Bus:Handling <Event state_reported[L]: entity_id=sensor.backup_backup_manager_state, old_last_reported=2025-08-06T13:14:39.196061+09:00, new_state=<state sensor.backup_backup_manager_state=blocked; options=['idle', 'create_backup', 'blocked', 'receive_backup', 'restore_backup'], device_class=enum, friendly_name=Backup Backup Manager state @ 2025-08-06T13:14:38.932222+09:00>>
2025-08-06 13:14:40.089 DEBUG (MainThread) [homeassistant.core] Bus:Handling <Event state_reported[L]: entity_id=sensor.backup_next_scheduled_automatic_backup, old_last_reported=2025-08-06T13:14:39.198026+09:00, new_state=<state sensor.backup_next_scheduled_automatic_backup=unknown; device_class=timestamp, friendly_name=Backup Next scheduled automatic backup @ 2025-08-06T13:14:38.935488+09:00>>
2025-08-06 13:14:40.089 DEBUG (MainThread) [homeassistant.core] Bus:Handling <Event state_reported[L]: entity_id=sensor.backup_last_successful_automatic_backup, old_last_reported=2025-08-06T13:14:39.198193+09:00, new_state=<state sensor.backup_last_successful_automatic_backup=unknown; device_class=timestamp, friendly_name=Backup Last successful automatic backup @ 2025-08-06T13:14:38.948390+09:00>>
2025-08-06 13:14:40.089 DEBUG (MainThread) [homeassistant.core] Bus:Handling <Event state_reported[L]: entity_id=sensor.backup_last_attempted_automatic_backup, old_last_reported=2025-08-06T13:14:39.200668+09:00, new_state=<state sensor.backup_last_attempted_automatic_backup=unknown; device_class=timestamp, friendly_name=Backup Last attempted automatic backup @ 2025-08-06T13:14:38.949381+09:00>>
2025-08-06 13:14:40.093 INFO (MainThread) [homeassistant.bootstrap] Setting up stage 2: {'cast', 'person', 'automation', 'analytics', 'tasmota', 'mobile_app', 'scene', 'hardware', 'input_boolean', 'mqtt', 'timer', 'counter', 'go2rtc', 'system_health', 'google_translate', 'application_credentials', 'input_button', 'shopping_list', 'schedule', 'tag', 'dlna_dms', 'smartthings', 'default_config', 'input_select', 'radio_browser', 'script', 'sun', 'met', 'input_datetime', 'xiaomi_miio', 'upnp', 'hacs', 'zone', 'input_text', 'input_number'} | {'hassio', 'logger', 'backup', 'network', 'frontend'}
Dependencies: {'blueprint', 'history', 'homeassistant_alerts', 'energy', 'media_source', 'my', 'camera', 'stream', 'image_upload', 'trace', 'logbook'} | {'websocket_api', 'search', 'ssdp', 'usb', 'backup', 'tts', 'onboarding', 'system_log', 'frontend', 'zeroconf', 'recorder', 'wake_word', 'device_automation', 'config', 'hassio', 'diagnostics', 'dhcp', 'http', 'repairs', 'cloud', 'stt', 'lovelace', 'network', 'auth', 'file_upload', 'api', 'bluetooth', 'webhook', 'intent', 'conversation', 'assist_pipeline', 'persistent_notification', 'ffmpeg'}
2025-08-06 13:14:40.094 INFO (MainThread) [homeassistant.setup] Setting up scene
2025-08-06 13:14:40.116 DEBUG (MainThread) [homeassistant.core] Bus:Handling <Event service_registered[L]: domain=scene, service=turn_on>
2025-08-06 13:14:40.117 INFO (MainThread) [homeassistant.setup] Setup of domain scene took 0.02 seconds
2025-08-06 13:14:40.117 DEBUG (MainThread) [homeassistant.core] Bus:Handling <Event component_loaded[L]: component=scene>
2025-08-06 13:14:40.118 INFO (MainThread) [homeassistant.setup] Setting up camera
2025-08-06 13:14:40.130 DEBUG (MainThread) [homeassistant.core] Bus:Handling <Event service_registered[L]: domain=camera, service=enable_motion_detection>
2025-08-06 13:14:40.130 DEBUG (MainThread) [homeassistant.core] Bus:Handling <Event service_registered[L]: domain=camera, service=disable_motion_detection>
2025-08-06 13:14:40.130 DEBUG (MainThread) [homeassistant.core] Bus:Handling <Event service_registered[L]: domain=camera, service=turn_off>
2025-08-06 13:14:40.131 DEBUG (MainThread) [homeassistant.core] Bus:Handling <Event service_registered[L]: domain=camera, service=turn_on>
2025-08-06 13:14:40.131 DEBUG (MainThread) [homeassistant.core] Bus:Handling <Event service_registered[L]: domain=camera, service=snapshot>
2025-08-06 13:14:40.137 DEBUG (MainThread) [homeassistant.core] Bus:Handling <Event service_registered[L]: domain=camera, service=play_stream>
2025-08-06 13:14:40.137 DEBUG (MainThread) [homeassistant.core] Bus:Handling <Event service_registered[L]: domain=camera, service=record>
2025-08-06 13:14:40.138 INFO (MainThread) [homeassistant.setup] Setup of domain camera took 0.02 seconds
2025-08-06 13:14:40.138 DEBUG (MainThread) [homeassistant.core] Bus:Handling <Event component_loaded[L]: component=camera>
2025-08-06 13:14:40.138 INFO (MainThread) [homeassistant.setup] Setting up media_source
2025-08-06 13:14:40.139 DEBUG (MainThread) [homeassistant.core] Bus:Handling <Event panels_updated[L]>
2025-08-06 13:14:40.140 INFO (MainThread) [homeassistant.setup] Setup of domain media_source took 0.00 seconds
2025-08-06 13:14:40.140 DEBUG (MainThread) [homeassistant.core] Bus:Handling <Event component_loaded[L]: component=media_source>
2025-08-06 13:14:40.141 INFO (MainThread) [homeassistant.setup] Setting up image_upload
2025-08-06 13:14:40.143 INFO (MainThread) [homeassistant.setup] Setup of domain image_upload took 0.00 seconds
2025-08-06 13:14:40.154 DEBUG (MainThread) [homeassistant.core] Bus:Handling <Event component_loaded[L]: component=image_upload>
2025-08-06 13:14:40.155 INFO (MainThread) [homeassistant.setup] Setting up person
2025-08-06 13:14:40.156 INFO (MainThread) [homeassistant.setup] Setting up blueprint
2025-08-06 13:14:40.156 INFO (MainThread) [homeassistant.setup] Setup of domain blueprint took 0.00 seconds
2025-08-06 13:14:40.156 DEBUG (MainThread) [homeassistant.core] Bus:Handling <Event component_loaded[L]: component=blueprint>
2025-08-06 13:14:40.156 INFO (MainThread) [homeassistant.setup] Setting up trace
2025-08-06 13:14:40.157 INFO (MainThread) [homeassistant.setup] Setup of domain trace took 0.00 seconds
2025-08-06 13:14:40.157 DEBUG (MainThread) [homeassistant.core] Bus:Handling <Event component_loaded[L]: component=trace>
2025-08-06 13:14:40.159 INFO (MainThread) [homeassistant.setup] Setting up history
2025-08-06 13:14:40.160 DEBUG (MainThread) [homeassistant.core] Bus:Handling <Event panels_updated[L]>
2025-08-06 13:14:40.160 INFO (MainThread) [homeassistant.setup] Setup of domain history took 0.00 seconds
2025-08-06 13:14:40.160 DEBUG (MainThread) [homeassistant.core] Bus:Handling <Event component_loaded[L]: component=history>
2025-08-06 13:14:40.161 INFO (MainThread) [homeassistant.setup] Setting up input_boolean
2025-08-06 13:14:40.167 DEBUG (MainThread) [homeassistant.core] Bus:Handling <Event service_registered[L]: domain=input_boolean, service=reload>
2025-08-06 13:14:40.167 DEBUG (MainThread) [homeassistant.core] Bus:Handling <Event service_registered[L]: domain=input_boolean, service=turn_on>
2025-08-06 13:14:40.167 DEBUG (MainThread) [homeassistant.core] Bus:Handling <Event service_registered[L]: domain=input_boolean, service=turn_off>
2025-08-06 13:14:40.168 DEBUG (MainThread) [homeassistant.core] Bus:Handling <Event service_registered[L]: domain=input_boolean, service=toggle>
2025-08-06 13:14:40.168 INFO (MainThread) [homeassistant.setup] Setup of domain input_boolean took 0.01 seconds
2025-08-06 13:14:40.168 DEBUG (MainThread) [homeassistant.core] Bus:Handling <Event component_loaded[L]: component=input_boolean>
2025-08-06 13:14:40.170 INFO (MainThread) [homeassistant.setup] Setting up timer
2025-08-06 13:14:40.174 DEBUG (MainThread) [homeassistant.core] Bus:Handling <Event service_registered[L]: domain=timer, service=reload>
2025-08-06 13:14:40.179 DEBUG (MainThread) [homeassistant.core] Bus:Handling <Event service_registered[L]: domain=timer, service=start>
2025-08-06 13:14:40.182 DEBUG (MainThread) [homeassistant.core] Bus:Handling <Event service_registered[L]: domain=timer, service=pause>
2025-08-06 13:14:40.183 DEBUG (MainThread) [homeassistant.core] Bus:Handling <Event service_registered[L]: domain=timer, service=cancel>
2025-08-06 13:14:40.183 DEBUG (MainThread) [homeassistant.core] Bus:Handling <Event service_registered[L]: domain=timer, service=finish>
2025-08-06 13:14:40.196 DEBUG (MainThread) [homeassistant.core] Bus:Handling <Event service_registered[L]: domain=timer, service=change>
2025-08-06 13:14:40.196 INFO (MainThread) [homeassistant.setup] Setup of domain timer took 0.02 seconds
2025-08-06 13:14:40.196 DEBUG (MainThread) [homeassistant.core] Bus:Handling <Event component_loaded[L]: component=timer>
2025-08-06 13:14:40.198 INFO (MainThread) [homeassistant.setup] Setting up system_health
2025-08-06 13:14:40.199 INFO (MainThread) [homeassistant.setup] Setup of domain system_health took 0.00 seconds
2025-08-06 13:14:40.199 DEBUG (MainThread) [homeassistant.core] Bus:Handling <Event component_loaded[L]: component=system_health>
2025-08-06 13:14:40.200 INFO (MainThread) [homeassistant.setup] Setting up input_button
2025-08-06 13:14:40.201 DEBUG (MainThread) [homeassistant.core] Bus:Handling <Event service_registered[L]: domain=input_button, service=reload>
2025-08-06 13:14:40.201 DEBUG (MainThread) [homeassistant.core] Bus:Handling <Event service_registered[L]: domain=input_button, service=press>
2025-08-06 13:14:40.202 INFO (MainThread) [homeassistant.setup] Setup of domain input_button took 0.00 seconds
2025-08-06 13:14:40.202 DEBUG (MainThread) [homeassistant.core] Bus:Handling <Event component_loaded[L]: component=input_button>
2025-08-06 13:14:40.203 INFO (MainThread) [homeassistant.setup] Setting up logbook
2025-08-06 13:14:40.203 DEBUG (MainThread) [homeassistant.core] Bus:Handling <Event panels_updated[L]>
2025-08-06 13:14:40.211 DEBUG (MainThread) [homeassistant.core] Bus:Handling <Event service_registered[L]: domain=logbook, service=log>
2025-08-06 13:14:40.212 INFO (MainThread) [homeassistant.setup] Setup of domain logbook took 0.01 seconds
2025-08-06 13:14:40.212 DEBUG (MainThread) [homeassistant.core] Bus:Handling <Event component_loaded[L]: component=logbook>
2025-08-06 13:14:40.213 INFO (MainThread) [homeassistant.setup] Setting up stream
2025-08-06 13:14:40.214 INFO (MainThread) [homeassistant.setup] Setting up input_select
2025-08-06 13:14:40.220 DEBUG (MainThread) [homeassistant.core] Bus:Handling <Event service_registered[L]: domain=input_select, service=reload>
2025-08-06 13:14:40.221 DEBUG (MainThread) [homeassistant.core] Bus:Handling <Event service_registered[L]: domain=input_select, service=select_first>
2025-08-06 13:14:40.221 DEBUG (MainThread) [homeassistant.core] Bus:Handling <Event service_registered[L]: domain=input_select, service=select_last>
2025-08-06 13:14:40.222 DEBUG (MainThread) [homeassistant.core] Bus:Handling <Event service_registered[L]: domain=input_select, service=select_next>
2025-08-06 13:14:40.223 DEBUG (MainThread) [homeassistant.core] Bus:Handling <Event service_registered[L]: domain=input_select, service=select_option>
2025-08-06 13:14:40.225 DEBUG (MainThread) [homeassistant.core] Bus:Handling <Event service_registered[L]: domain=input_select, service=select_previous>
2025-08-06 13:14:40.225 DEBUG (MainThread) [homeassistant.core] Bus:Handling <Event service_registered[L]: domain=input_select, service=set_options>
2025-08-06 13:14:40.227 INFO (MainThread) [homeassistant.setup] Setup of domain input_select took 0.01 seconds
2025-08-06 13:14:40.227 DEBUG (MainThread) [homeassistant.core] Bus:Handling <Event component_loaded[L]: component=input_select>
2025-08-06 13:14:40.228 INFO (MainThread) [homeassistant.setup] Setting up script
2025-08-06 13:14:40.228 DEBUG (MainThread) [homeassistant.core] Bus:Handling <Event service_registered[L]: domain=script, service=reload>
2025-08-06 13:14:40.228 DEBUG (MainThread) [homeassistant.core] Bus:Handling <Event service_registered[L]: domain=script, service=turn_on>
2025-08-06 13:14:40.229 DEBUG (MainThread) [homeassistant.core] Bus:Handling <Event service_registered[L]: domain=script, service=turn_off>
2025-08-06 13:14:40.229 DEBUG (MainThread) [homeassistant.core] Bus:Handling <Event service_registered[L]: domain=script, service=toggle>
2025-08-06 13:14:40.229 INFO (MainThread) [homeassistant.setup] Setup of domain script took 0.00 seconds
2025-08-06 13:14:40.229 DEBUG (MainThread) [homeassistant.core] Bus:Handling <Event component_loaded[L]: component=script>
2025-08-06 13:14:40.230 INFO (MainThread) [homeassistant.setup] Setting up zone
2025-08-06 13:14:40.231 DEBUG (MainThread) [homeassistant.core] Bus:Handling <Event service_registered[L]: domain=zone, service=reload>
2025-08-06 13:14:40.246 DEBUG (MainThread) [homeassistant.core] Bus:Handling <Event state_changed[L]: entity_id=zone.home, old_state=None, new_state=<state zone.home=0; latitude=37.50206958952469, longitude=126.95912763476375, radius=100, passive=False, persons=[], editable=True, icon=mdi:home, friendly_name=집 @ 2025-08-06T13:14:40.232448+09:00>>
2025-08-06 13:14:40.246 INFO (MainThread) [homeassistant.setup] Setup of domain zone took 0.02 seconds
2025-08-06 13:14:40.246 DEBUG (MainThread) [homeassistant.core] Bus:Handling <Event component_loaded[L]: component=zone>
2025-08-06 13:14:40.247 INFO (MainThread) [homeassistant.setup] Setting up input_number
2025-08-06 13:14:40.249 DEBUG (MainThread) [homeassistant.core] Bus:Handling <Event service_registered[L]: domain=input_number, service=reload>
2025-08-06 13:14:40.249 DEBUG (MainThread) [homeassistant.core] Bus:Handling <Event service_registered[L]: domain=input_number, service=set_value>
2025-08-06 13:14:40.249 DEBUG (MainThread) [homeassistant.core] Bus:Handling <Event service_registered[L]: domain=input_number, service=increment>
2025-08-06 13:14:40.250 DEBUG (MainThread) [homeassistant.core] Bus:Handling <Event service_registered[L]: domain=input_number, service=decrement>
2025-08-06 13:14:40.250 INFO (MainThread) [homeassistant.setup] Setup of domain input_number took 0.00 seconds
2025-08-06 13:14:40.250 DEBUG (MainThread) [homeassistant.core] Bus:Handling <Event component_loaded[L]: component=input_number>
2025-08-06 13:14:40.343 DEBUG (MainThread) [homeassistant.core] Bus:Handling <Event state_changed[L]: entity_id=person.gimjungyo, old_state=None, new_state=<state person.gimjungyo=home; editable=True, id=gimjungyo, device_trackers=['device_tracker.gimjungyoyi_iphone', 'device_tracker.gimjungyoyi_ipad'], latitude=37.50205526530521, longitude=126.95938130662636, gps_accuracy=14, source=person.gimjungyo, user_id=acdae19039da4fd6a1a78cbe5403a220, friendly_name=김준교 @ 2025-08-06T13:14:40.343497+09:00>>
2025-08-06 13:14:40.344 DEBUG (MainThread) [homeassistant.core] Bus:Handling <Event state_changed[L]: entity_id=zone.home, old_state=<state zone.home=0; latitude=37.50206958952469, longitude=126.95912763476375, radius=100, passive=False, persons=[], editable=True, icon=mdi:home, friendly_name=집 @ 2025-08-06T13:14:40.232448+09:00>, new_state=<state zone.home=1; latitude=37.50206958952469, longitude=126.95912763476375, radius=100, passive=False, persons=['person.gimjungyo'], editable=True, icon=mdi:home, friendly_name=집 @ 2025-08-06T13:14:40.344111+09:00>>
2025-08-06 13:14:40.353 DEBUG (MainThread) [homeassistant.core] Bus:Handling <Event service_registered[L]: domain=tts, service=cloud_say>
2025-08-06 13:14:40.353 INFO (MainThread) [homeassistant.components.scene] Setting up homeassistant.scene
2025-08-06 13:14:40.353 DEBUG (MainThread) [homeassistant.core] Bus:Handling <Event service_registered[L]: domain=scene, service=reload>
2025-08-06 13:14:40.354 DEBUG (MainThread) [homeassistant.core] Bus:Handling <Event service_registered[L]: domain=scene, service=apply>
2025-08-06 13:14:40.354 DEBUG (MainThread) [homeassistant.core] Bus:Handling <Event service_registered[L]: domain=scene, service=create>
2025-08-06 13:14:40.354 DEBUG (MainThread) [homeassistant.core] Bus:Handling <Event service_registered[L]: domain=scene, service=delete>
2025-08-06 13:14:40.382 DEBUG (MainThread) [homeassistant.core] Bus:Handling <Event service_registered[L]: domain=person, service=reload>
2025-08-06 13:14:40.383 INFO (MainThread) [homeassistant.setup] Setup of domain person took 0.23 seconds
2025-08-06 13:14:40.383 DEBUG (MainThread) [homeassistant.core] Bus:Handling <Event component_loaded[L]: component=person>
2025-08-06 13:14:40.427 WARNING (ImportExecutor_0) [py.warnings] /usr/local/lib/python3.13/site-packages/google/__init__.py:2: UserWarning: pkg_resources is deprecated as an API. See https://setuptools.pypa.io/en/latest/pkg_resources.html. The pkg_resources package is slated for removal as early as 2025-11-30. Refrain from using this package or pin to Setuptools<81.
  __import__('pkg_resources').declare_namespace(__name__)

2025-08-06 13:14:40.547 INFO (MainThread) [homeassistant.setup] Setup of domain stream took 0.33 seconds
2025-08-06 13:14:40.550 DEBUG (MainThread) [homeassistant.core] Bus:Handling <Event component_loaded[L]: component=stream>
2025-08-06 13:14:42.409 INFO (MainThread) [homeassistant.setup] Setting up cast
2025-08-06 13:14:42.409 INFO (MainThread) [homeassistant.setup] Setup of domain cast took 0.00 seconds
2025-08-06 13:14:42.411 DEBUG (MainThread) [homeassistant.core] Bus:Handling <Event service_registered[L]: domain=cast, service=show_lovelace_view>
2025-08-06 13:14:43.444 INFO (MainThread) [homeassistant.setup] Setting up automation
2025-08-06 13:14:43.466 DEBUG (MainThread) [homeassistant.core] Bus:Handling <Event state_changed[L]: entity_id=automation.geosil_beoteun_1_geosil_eeokeon_togeul, old_state=None, new_state=<state automation.geosil_beoteun_1_geosil_eeokeon_togeul=on; id=1754384697297, last_triggered=2025-08-05T22:36:31.754036+09:00, mode=single, current=0, friendly_name=거실 버튼 1 -> 거실 에어컨 토글 @ 2025-08-06T13:14:43.447436+09:00>>
2025-08-06 13:14:43.472 DEBUG (MainThread) [homeassistant.core] Bus:Handling <Event service_registered[L]: domain=automation, service=trigger>
2025-08-06 13:14:43.472 DEBUG (MainThread) [homeassistant.core] Bus:Handling <Event service_registered[L]: domain=automation, service=toggle>
2025-08-06 13:14:43.472 DEBUG (MainThread) [homeassistant.core] Bus:Handling <Event service_registered[L]: domain=automation, service=turn_on>
2025-08-06 13:14:43.473 DEBUG (MainThread) [homeassistant.core] Bus:Handling <Event service_registered[L]: domain=automation, service=turn_off>
2025-08-06 13:14:43.473 DEBUG (MainThread) [homeassistant.core] Bus:Handling <Event service_registered[L]: domain=automation, service=reload>
2025-08-06 13:14:43.473 INFO (MainThread) [homeassistant.setup] Setup of domain automation took 0.03 seconds
2025-08-06 13:14:43.473 DEBUG (MainThread) [homeassistant.core] Bus:Handling <Event component_loaded[L]: component=automation>
2025-08-06 13:14:43.478 INFO (MainThread) [homeassistant.setup] Setting up energy
2025-08-06 13:14:43.481 DEBUG (MainThread) [homeassistant.core] Bus:Handling <Event panels_updated[L]>
2025-08-06 13:14:43.481 INFO (MainThread) [homeassistant.setup] Setup of domain energy took 0.00 seconds
2025-08-06 13:14:43.482 DEBUG (MainThread) [homeassistant.core] Bus:Handling <Event component_loaded[L]: component=energy>
2025-08-06 13:14:43.482 INFO (MainThread) [homeassistant.setup] Setting up mqtt
2025-08-06 13:14:43.482 DEBUG (MainThread) [homeassistant.core] Bus:Handling <Event service_registered[L]: domain=mqtt, service=publish>
2025-08-06 13:14:43.483 DEBUG (MainThread) [homeassistant.core] Bus:Handling <Event service_registered[L]: domain=mqtt, service=dump>
2025-08-06 13:14:43.483 INFO (MainThread) [homeassistant.setup] Setup of domain mqtt took 0.00 seconds
2025-08-06 13:14:43.512 INFO (MainThread) [homeassistant.setup] Setting up tag
2025-08-06 13:14:43.514 INFO (MainThread) [homeassistant.setup] Setup of domain tag took 0.00 seconds
2025-08-06 13:14:43.514 DEBUG (MainThread) [homeassistant.core] Bus:Handling <Event component_loaded[L]: component=tag>
2025-08-06 13:14:43.521 INFO (MainThread) [homeassistant.setup] Setting up hardware
2025-08-06 13:14:43.522 INFO (MainThread) [homeassistant.setup] Setting up homeassistant_alerts
2025-08-06 13:14:43.522 INFO (MainThread) [homeassistant.setup] Setup of domain homeassistant_alerts took 0.00 seconds
2025-08-06 13:14:43.522 DEBUG (MainThread) [homeassistant.core] Bus:Handling <Event component_loaded[L]: component=homeassistant_alerts>
2025-08-06 13:14:43.522 INFO (MainThread) [homeassistant.setup] Setting up counter
2025-08-06 13:14:43.524 DEBUG (MainThread) [homeassistant.core] Bus:Handling <Event service_registered[L]: domain=counter, service=increment>
2025-08-06 13:14:43.524 DEBUG (MainThread) [homeassistant.core] Bus:Handling <Event service_registered[L]: domain=counter, service=decrement>
2025-08-06 13:14:43.524 DEBUG (MainThread) [homeassistant.core] Bus:Handling <Event service_registered[L]: domain=counter, service=reset>
2025-08-06 13:14:43.544 DEBUG (MainThread) [homeassistant.core] Bus:Handling <Event service_registered[L]: domain=counter, service=set_value>
2025-08-06 13:14:43.545 INFO (MainThread) [homeassistant.setup] Setup of domain counter took 0.02 seconds
2025-08-06 13:14:43.545 DEBUG (MainThread) [homeassistant.core] Bus:Handling <Event component_loaded[L]: component=counter>
2025-08-06 13:14:43.627 INFO (MainThread) [homeassistant.setup] Setup of domain hardware took 0.11 seconds
2025-08-06 13:14:43.627 DEBUG (MainThread) [homeassistant.core] Bus:Handling <Event component_loaded[L]: component=hardware>
2025-08-06 13:14:43.663 INFO (MainThread) [homeassistant.setup] Setting up go2rtc
2025-08-06 13:14:43.675 INFO (MainThread) [homeassistant.setup] Setting up google_translate
2025-08-06 13:14:43.678 INFO (MainThread) [homeassistant.setup] Setup of domain google_translate took 0.00 seconds
2025-08-06 13:14:43.695 INFO (MainThread) [homeassistant.setup] Setting up application_credentials
2025-08-06 13:14:43.706 INFO (MainThread) [homeassistant.setup] Setup of domain application_credentials took 0.01 seconds
2025-08-06 13:14:43.708 DEBUG (MainThread) [homeassistant.core] Bus:Handling <Event component_loaded[L]: component=application_credentials>
2025-08-06 13:14:43.788 INFO (MainThread) [homeassistant.setup] Setting up shopping_list
2025-08-06 13:14:43.790 INFO (MainThread) [homeassistant.setup] Setup of domain shopping_list took 0.00 seconds
2025-08-06 13:14:43.820 DEBUG (MainThread) [homeassistant.core] Bus:Handling <Event service_registered[L]: domain=shopping_list, service=add_item>
2025-08-06 13:14:43.820 DEBUG (MainThread) [homeassistant.core] Bus:Handling <Event service_registered[L]: domain=shopping_list, service=remove_item>
2025-08-06 13:14:43.821 DEBUG (MainThread) [homeassistant.core] Bus:Handling <Event service_registered[L]: domain=shopping_list, service=complete_item>
2025-08-06 13:14:43.821 DEBUG (MainThread) [homeassistant.core] Bus:Handling <Event service_registered[L]: domain=shopping_list, service=incomplete_item>
2025-08-06 13:14:43.821 DEBUG (MainThread) [homeassistant.core] Bus:Handling <Event service_registered[L]: domain=shopping_list, service=complete_all>
2025-08-06 13:14:43.821 DEBUG (MainThread) [homeassistant.core] Bus:Handling <Event service_registered[L]: domain=shopping_list, service=incomplete_all>
2025-08-06 13:14:43.821 DEBUG (MainThread) [homeassistant.core] Bus:Handling <Event service_registered[L]: domain=shopping_list, service=clear_completed_items>
2025-08-06 13:14:43.821 DEBUG (MainThread) [homeassistant.core] Bus:Handling <Event service_registered[L]: domain=shopping_list, service=sort>
2025-08-06 13:14:43.869 INFO (MainThread) [homeassistant.setup] Setting up schedule
2025-08-06 13:14:43.884 DEBUG (MainThread) [homeassistant.core] Bus:Handling <Event service_registered[L]: domain=schedule, service=reload>
2025-08-06 13:14:43.885 DEBUG (MainThread) [homeassistant.core] Bus:Handling <Event service_registered[L]: domain=schedule, service=get_schedule>
2025-08-06 13:14:43.886 INFO (MainThread) [homeassistant.setup] Setup of domain schedule took 0.02 seconds
2025-08-06 13:14:43.886 DEBUG (MainThread) [homeassistant.core] Bus:Handling <Event component_loaded[L]: component=schedule>
2025-08-06 13:14:44.006 INFO (MainThread) [homeassistant.setup] Setting up dlna_dms
2025-08-06 13:14:44.006 INFO (MainThread) [homeassistant.setup] Setup of domain dlna_dms took 0.00 seconds
2025-08-06 13:14:44.006 INFO (MainThread) [homeassistant.setup] Setting up my
2025-08-06 13:14:44.007 DEBUG (MainThread) [homeassistant.core] Bus:Handling <Event panels_updated[L]>
2025-08-06 13:14:44.007 INFO (MainThread) [homeassistant.setup] Setup of domain my took 0.00 seconds
2025-08-06 13:14:44.007 DEBUG (MainThread) [homeassistant.core] Bus:Handling <Event component_loaded[L]: component=my>
2025-08-06 13:14:44.019 INFO (MainThread) [homeassistant.setup] Setting up sun
2025-08-06 13:14:44.020 INFO (MainThread) [homeassistant.setup] Setup of domain sun took 0.00 seconds
2025-08-06 13:14:44.037 DEBUG (MainThread) [homeassistant.core] Bus:Handling <Event state_changed[L]: entity_id=sun.sun, old_state=None, new_state=<state sun.sun=above_horizon; next_dawn=2025-08-06T20:12:19.937481+00:00, next_dusk=2025-08-06T11:04:07.962815+00:00, next_midnight=2025-08-06T15:37:59+00:00, next_noon=2025-08-07T03:37:59+00:00, next_rising=2025-08-06T20:41:22.994271+00:00, next_setting=2025-08-06T10:35:05.744028+00:00, elevation=67.63, azimuth=203.62, rising=False, friendly_name=Sun @ 2025-08-06T13:14:44.035206+09:00>>
2025-08-06 13:14:44.040 DEBUG (MainThread) [homeassistant.core] Bus:Handling <Event state_reported[L]: entity_id=sun.sun, old_last_reported=2025-08-06T13:14:44.035206+09:00, new_state=<state sun.sun=above_horizon; next_dawn=2025-08-06T20:12:19.937481+00:00, next_dusk=2025-08-06T11:04:07.962815+00:00, next_midnight=2025-08-06T15:37:59+00:00, next_noon=2025-08-07T03:37:59+00:00, next_rising=2025-08-06T20:41:22.994271+00:00, next_setting=2025-08-06T10:35:05.744028+00:00, elevation=67.63, azimuth=203.62, rising=False, friendly_name=Sun @ 2025-08-06T13:14:44.035206+09:00>>
2025-08-06 13:14:44.086 INFO (MainThread) [homeassistant.components.binary_sensor] Setting up sun.binary_sensor
2025-08-06 13:14:44.087 DEBUG (MainThread) [homeassistant.components.binary_sensor] Not adding entity Solar rising because it's disabled
2025-08-06 13:14:44.087 INFO (MainThread) [homeassistant.components.sensor] Setting up sun.sensor
2025-08-06 13:14:44.088 DEBUG (MainThread) [homeassistant.core] Bus:Handling <Event state_changed[L]: entity_id=sensor.sun_next_dawn, old_state=None, new_state=<state sensor.sun_next_dawn=2025-08-06T20:12:19+00:00; device_class=timestamp, friendly_name=Sun 다음 새벽 @ 2025-08-06T13:14:44.088454+09:00>>
2025-08-06 13:14:44.089 DEBUG (MainThread) [homeassistant.core] Bus:Handling <Event state_changed[L]: entity_id=sensor.sun_next_dusk, old_state=None, new_state=<state sensor.sun_next_dusk=2025-08-06T11:04:07+00:00; device_class=timestamp, friendly_name=Sun 다음 황혼 @ 2025-08-06T13:14:44.089074+09:00>>
2025-08-06 13:14:44.089 DEBUG (MainThread) [homeassistant.core] Bus:Handling <Event state_changed[L]: entity_id=sensor.sun_next_midnight, old_state=None, new_state=<state sensor.sun_next_midnight=2025-08-06T15:37:59+00:00; device_class=timestamp, friendly_name=Sun 다음 자정 @ 2025-08-06T13:14:44.089475+09:00>>
2025-08-06 13:14:44.090 DEBUG (MainThread) [homeassistant.core] Bus:Handling <Event state_changed[L]: entity_id=sensor.sun_next_noon, old_state=None, new_state=<state sensor.sun_next_noon=2025-08-07T03:37:59+00:00; device_class=timestamp, friendly_name=Sun 다음 정오 @ 2025-08-06T13:14:44.089930+09:00>>
2025-08-06 13:14:44.090 DEBUG (MainThread) [homeassistant.core] Bus:Handling <Event state_changed[L]: entity_id=sensor.sun_next_rising, old_state=None, new_state=<state sensor.sun_next_rising=2025-08-06T20:41:22+00:00; device_class=timestamp, friendly_name=Sun 다음 해돋이 @ 2025-08-06T13:14:44.090330+09:00>>
2025-08-06 13:14:44.090 DEBUG (MainThread) [homeassistant.core] Bus:Handling <Event state_changed[L]: entity_id=sensor.sun_next_setting, old_state=None, new_state=<state sensor.sun_next_setting=2025-08-06T10:35:05+00:00; device_class=timestamp, friendly_name=Sun 다음 해넘이 @ 2025-08-06T13:14:44.090755+09:00>>
2025-08-06 13:14:44.105 DEBUG (MainThread) [homeassistant.core] Bus:Handling <Event component_loaded[L]: component=sun>
2025-08-06 13:14:44.184 INFO (MainThread) [homeassistant.setup] Setup of domain go2rtc took 0.52 seconds
2025-08-06 13:14:44.204 DEBUG (MainThread) [homeassistant.core] Bus:Handling <Event component_loaded[L]: component=go2rtc>
2025-08-06 13:14:44.299 DEBUG (MainThread) [homeassistant.core] Bus:Handling <Event component_loaded[L]: component=dlna_dms>
2025-08-06 13:14:44.319 INFO (MainThread) [homeassistant.setup] Setting up radio_browser
2025-08-06 13:14:44.320 INFO (MainThread) [homeassistant.setup] Setup of domain radio_browser took 0.00 seconds
2025-08-06 13:14:44.340 INFO (MainThread) [homeassistant.setup] Setting up met
2025-08-06 13:14:44.340 INFO (MainThread) [homeassistant.setup] Setup of domain met took 0.00 seconds
2025-08-06 13:14:44.356 INFO (MainThread) [homeassistant.setup] Setting up input_datetime
2025-08-06 13:14:44.358 DEBUG (MainThread) [homeassistant.core] Bus:Handling <Event service_registered[L]: domain=input_datetime, service=reload>
2025-08-06 13:14:44.359 DEBUG (MainThread) [homeassistant.core] Bus:Handling <Event service_registered[L]: domain=input_datetime, service=set_datetime>
2025-08-06 13:14:44.359 INFO (MainThread) [homeassistant.setup] Setup of domain input_datetime took 0.00 seconds
2025-08-06 13:14:44.359 DEBUG (MainThread) [homeassistant.core] Bus:Handling <Event component_loaded[L]: component=input_datetime>
2025-08-06 13:14:44.499 WARNING (ImportExecutor_0) [py.warnings] /usr/local/lib/python3.13/site-packages/miio/miot_device.py:23: FutureWarning: functools.partial will be a method descriptor in future Python versions; wrap it in enum.member() if you want to preserve the old behavior
  Bool = partial(_str2bool)

2025-08-06 13:14:44.851 INFO (MainThread) [homeassistant.setup] Setting up xiaomi_miio
2025-08-06 13:14:44.851 INFO (MainThread) [homeassistant.setup] Setup of domain xiaomi_miio took 0.00 seconds
2025-08-06 13:14:44.889 INFO (MainThread) [homeassistant.setup] Setting up upnp
2025-08-06 13:14:44.889 INFO (MainThread) [homeassistant.setup] Setup of domain upnp took 0.00 seconds
2025-08-06 13:14:45.179 INFO (MainThread) [homeassistant.setup] Setting up hacs
2025-08-06 13:14:45.179 INFO (MainThread) [homeassistant.setup] Setup of domain hacs took 0.00 seconds
2025-08-06 13:14:45.179 INFO (MainThread) [custom_components.hacs] 
-------------------------------------------------------------------
HACS (Home Assistant Community Store)

Version: 2.0.5
This is a custom integration
If you have any issues with this you need to open an issue here:
https://github.com/hacs/integration/issues
-------------------------------------------------------------------

2025-08-06 13:14:45.240 INFO (MainThread) [homeassistant.setup] Setting up input_text
2025-08-06 13:14:45.244 DEBUG (MainThread) [homeassistant.core] Bus:Handling <Event service_registered[L]: domain=input_text, service=reload>
2025-08-06 13:14:45.250 DEBUG (MainThread) [homeassistant.core] Bus:Handling <Event service_registered[L]: domain=input_text, service=set_value>
2025-08-06 13:14:45.252 INFO (MainThread) [homeassistant.setup] Setup of domain input_text took 0.01 seconds
2025-08-06 13:14:45.252 DEBUG (MainThread) [homeassistant.core] Bus:Handling <Event component_loaded[L]: component=input_text>
2025-08-06 13:14:45.456 DEBUG (MainThread) [homeassistant.core] Bus:Handling <Event device_registry_updated[L]: action=update, device_id=9bf5a689239271ebcc1c30796aaf6403, changes=identifiers={('upnp', 'uuid:fc4ec57e-b051-11db-88f8-5886940afa87::urn:schemas-upnp-org:device:InternetGatewayDevice:1'), ('upnp_serial_number', '12345678'), ('upnp_host', '192.168.0.1')}>
2025-08-06 13:14:45.465 INFO (MainThread) [custom_components.hacs] <HacsData restore> Restore started
2025-08-06 13:14:45.482 INFO (MainThread) [homeassistant.setup] Setting up media_player
2025-08-06 13:14:45.484 DEBUG (MainThread) [homeassistant.core] Bus:Handling <Event service_registered[L]: domain=media_player, service=turn_on>
2025-08-06 13:14:45.485 DEBUG (MainThread) [homeassistant.core] Bus:Handling <Event service_registered[L]: domain=media_player, service=turn_off>
2025-08-06 13:14:45.485 DEBUG (MainThread) [homeassistant.core] Bus:Handling <Event service_registered[L]: domain=media_player, service=toggle>
2025-08-06 13:14:45.485 DEBUG (MainThread) [homeassistant.core] Bus:Handling <Event service_registered[L]: domain=media_player, service=volume_up>
2025-08-06 13:14:45.485 DEBUG (MainThread) [homeassistant.core] Bus:Handling <Event service_registered[L]: domain=media_player, service=volume_down>
2025-08-06 13:14:45.485 DEBUG (MainThread) [homeassistant.core] Bus:Handling <Event service_registered[L]: domain=media_player, service=media_play_pause>
2025-08-06 13:14:45.485 DEBUG (MainThread) [homeassistant.core] Bus:Handling <Event service_registered[L]: domain=media_player, service=media_play>
2025-08-06 13:14:45.486 DEBUG (MainThread) [homeassistant.core] Bus:Handling <Event service_registered[L]: domain=media_player, service=media_pause>
2025-08-06 13:14:45.486 DEBUG (MainThread) [homeassistant.core] Bus:Handling <Event service_registered[L]: domain=media_player, service=media_stop>
2025-08-06 13:14:45.486 DEBUG (MainThread) [homeassistant.core] Bus:Handling <Event service_registered[L]: domain=media_player, service=media_next_track>
2025-08-06 13:14:45.486 DEBUG (MainThread) [homeassistant.core] Bus:Handling <Event service_registered[L]: domain=media_player, service=media_previous_track>
2025-08-06 13:14:45.486 DEBUG (MainThread) [homeassistant.core] Bus:Handling <Event service_registered[L]: domain=media_player, service=clear_playlist>
2025-08-06 13:14:45.489 DEBUG (MainThread) [homeassistant.core] Bus:Handling <Event service_registered[L]: domain=media_player, service=volume_set>
2025-08-06 13:14:45.490 DEBUG (MainThread) [homeassistant.core] Bus:Handling <Event service_registered[L]: domain=media_player, service=volume_mute>
2025-08-06 13:14:45.490 DEBUG (MainThread) [homeassistant.core] Bus:Handling <Event service_registered[L]: domain=media_player, service=media_seek>
2025-08-06 13:14:45.491 DEBUG (MainThread) [homeassistant.core] Bus:Handling <Event service_registered[L]: domain=media_player, service=join>
2025-08-06 13:14:45.491 DEBUG (MainThread) [homeassistant.core] Bus:Handling <Event service_registered[L]: domain=media_player, service=select_source>
2025-08-06 13:14:45.492 DEBUG (MainThread) [homeassistant.core] Bus:Handling <Event service_registered[L]: domain=media_player, service=select_sound_mode>
2025-08-06 13:14:45.492 DEBUG (MainThread) [homeassistant.core] Bus:Handling <Event service_registered[L]: domain=media_player, service=play_media>
2025-08-06 13:14:45.493 DEBUG (MainThread) [homeassistant.core] Bus:Handling <Event service_registered[L]: domain=media_player, service=browse_media>
2025-08-06 13:14:45.493 DEBUG (MainThread) [homeassistant.core] Bus:Handling <Event service_registered[L]: domain=media_player, service=search_media>
2025-08-06 13:14:45.495 DEBUG (MainThread) [homeassistant.core] Bus:Handling <Event service_registered[L]: domain=media_player, service=shuffle_set>
2025-08-06 13:14:45.495 DEBUG (MainThread) [homeassistant.core] Bus:Handling <Event service_registered[L]: domain=media_player, service=unjoin>
2025-08-06 13:14:45.495 DEBUG (MainThread) [homeassistant.core] Bus:Handling <Event service_registered[L]: domain=media_player, service=repeat_set>
2025-08-06 13:14:45.496 INFO (MainThread) [homeassistant.setup] Setup of domain media_player took 0.01 seconds
2025-08-06 13:14:45.496 DEBUG (MainThread) [homeassistant.core] Bus:Handling <Event component_loaded[L]: component=media_player>
2025-08-06 13:14:45.498 INFO (MainThread) [homeassistant.setup] Setting up analytics
2025-08-06 13:14:45.498 INFO (MainThread) [homeassistant.setup] Setup of domain analytics took 0.00 seconds
2025-08-06 13:14:45.498 DEBUG (MainThread) [homeassistant.core] Bus:Handling <Event component_loaded[L]: component=analytics>
2025-08-06 13:14:45.581 DEBUG (MainThread) [homeassistant.core] Bus:Handling <Event component_loaded[L]: component=radio_browser>
2025-08-06 13:14:45.613 INFO (MainThread) [homeassistant.components.sensor] Setting up energy.sensor
2025-08-06 13:14:45.673 INFO (MainThread) [homeassistant.components.media_player] Setting up cast.media_player
2025-08-06 13:14:45.719 INFO (MainThread) [homeassistant.setup] Setting up mobile_app
2025-08-06 13:14:45.730 INFO (MainThread) [homeassistant.setup] Setting up notify
2025-08-06 13:14:45.732 DEBUG (MainThread) [homeassistant.core] Bus:Handling <Event service_registered[L]: domain=notify, service=send_message>
2025-08-06 13:14:45.733 DEBUG (MainThread) [homeassistant.core] Bus:Handling <Event service_registered[L]: domain=notify, service=persistent_notification>
2025-08-06 13:14:45.733 INFO (MainThread) [homeassistant.setup] Setup of domain notify took 0.00 seconds
2025-08-06 13:14:45.734 DEBUG (MainThread) [homeassistant.core] Bus:Handling <Event component_loaded[L]: component=notify>
2025-08-06 13:14:45.744 INFO (MainThread) [homeassistant.setup] Setup of domain mobile_app took 0.03 seconds
2025-08-06 13:14:45.745 INFO (MainThread) [homeassistant.setup] Setting up device_tracker
2025-08-06 13:14:45.747 INFO (MainThread) [homeassistant.setup] Setup of domain device_tracker took 0.00 seconds
2025-08-06 13:14:45.747 DEBUG (MainThread) [homeassistant.core] Bus:Handling <Event component_loaded[L]: component=device_tracker>
2025-08-06 13:14:45.769 DEBUG (MainThread) [homeassistant.core] Bus:Handling <Event component_loaded[L]: component=cast>
2025-08-06 13:14:45.770 INFO (MainThread) [homeassistant.components.binary_sensor] Setting up mobile_app.binary_sensor
2025-08-06 13:14:45.771 DEBUG (MainThread) [homeassistant.core] Bus:Handling <Event state_changed[L]: entity_id=binary_sensor.gimjungyoyi_iphone_focus, old_state=None, new_state=<state binary_sensor.gimjungyoyi_iphone_focus=off; icon=mdi:moon-waning-crescent, friendly_name=김준교의 iPhone Focus @ 2025-08-06T13:14:45.770880+09:00>>
2025-08-06 13:14:45.771 DEBUG (MainThread) [homeassistant.core] Bus:Handling <Event service_registered[L]: domain=device_tracker, service=see>
2025-08-06 13:14:45.884 DEBUG (MainThread) [homeassistant.core] Bus:Handling <Event state_changed[L]: entity_id=media_player.geosil, old_state=None, new_state=<state media_player.geosil=unavailable; device_class=speaker, friendly_name=구글홈, supported_features=131968 @ 2025-08-06T13:14:45.881147+09:00>>
2025-08-06 13:14:45.932 INFO (MainThread) [homeassistant.components.device_tracker] Setting up mobile_app.device_tracker
2025-08-06 13:14:45.938 DEBUG (MainThread) [homeassistant.core] Bus:Handling <Event state_changed[L]: entity_id=device_tracker.gimjungyoyi_iphone, old_state=None, new_state=<state device_tracker.gimjungyoyi_iphone=home; source_type=gps, battery_level=75, latitude=37.50205705006861, longitude=126.95937225258767, gps_accuracy=15, altitude=80.85914412044828, vertical_accuracy=30, friendly_name=김준교의 iPhone @ 2025-08-06T13:14:45.933922+09:00>>
2025-08-06 13:14:45.951 DEBUG (MainThread) [homeassistant.core] Bus:Handling <Event entity_registry_updated[L]: action=update, entity_id=media_player.geosil, changes=supported_features=131968>
2025-08-06 13:14:45.952 DEBUG (MainThread) [homeassistant.core] Bus:Handling <Event state_changed[L]: entity_id=media_player.geosil, old_state=<state media_player.geosil=unavailable; device_class=speaker, friendly_name=구글홈, supported_features=131968 @ 2025-08-06T13:14:45.881147+09:00>, new_state=<state media_player.geosil=unavailable; device_class=speaker, friendly_name=구글홈, supported_features=152449 @ 2025-08-06T13:14:45.881147+09:00>>
2025-08-06 13:14:45.953 DEBUG (MainThread) [homeassistant.core] Bus:Handling <Event state_reported[L]: entity_id=media_player.geosil, old_last_reported=2025-08-06T13:14:45.952391+09:00, new_state=<state media_player.geosil=unavailable; device_class=speaker, friendly_name=구글홈, supported_features=152449 @ 2025-08-06T13:14:45.881147+09:00>>
2025-08-06 13:14:45.964 INFO (MainThread) [homeassistant.components.sensor] Setting up mobile_app.sensor
2025-08-06 13:14:45.968 DEBUG (MainThread) [homeassistant.core] Bus:Handling <Event state_changed[L]: entity_id=sensor.gimjungyoyi_iphone_activity, old_state=None, new_state=<state sensor.gimjungyoyi_iphone_activity=Stationary; Confidence=High, Types=['Stationary'], icon=mdi:human-male, friendly_name=김준교의 iPhone Activity @ 2025-08-06T13:14:45.968428+09:00>>
2025-08-06 13:14:45.970 DEBUG (MainThread) [homeassistant.core] Bus:Handling <Event state_changed[L]: entity_id=sensor.gimjungyoyi_iphone_floors_descended, old_state=None, new_state=<state sensor.gimjungyoyi_iphone_floors_descended=0; unit_of_measurement=floors, icon=mdi:stairs-down, friendly_name=김준교의 iPhone Floors Descended @ 2025-08-06T13:14:45.970241+09:00>>
2025-08-06 13:14:45.970 DEBUG (MainThread) [homeassistant.core] Bus:Handling <Event state_changed[L]: entity_id=sensor.gimjungyoyi_iphone_floors_ascended, old_state=None, new_state=<state sensor.gimjungyoyi_iphone_floors_ascended=0; unit_of_measurement=floors, icon=mdi:stairs-up, friendly_name=김준교의 iPhone Floors Ascended @ 2025-08-06T13:14:45.970801+09:00>>
2025-08-06 13:14:45.971 DEBUG (MainThread) [homeassistant.core] Bus:Handling <Event state_changed[L]: entity_id=sensor.gimjungyoyi_iphone_distance, old_state=None, new_state=<state sensor.gimjungyoyi_iphone_distance=81; unit_of_measurement=m, icon=mdi:hiking, friendly_name=김준교의 iPhone Distance @ 2025-08-06T13:14:45.971189+09:00>>
2025-08-06 13:14:45.971 DEBUG (MainThread) [homeassistant.core] Bus:Handling <Event state_changed[L]: entity_id=sensor.gimjungyoyi_iphone_battery_level, old_state=None, new_state=<state sensor.gimjungyoyi_iphone_battery_level=75; unit_of_measurement=%, device_class=battery, icon=mdi:battery-70, friendly_name=김준교의 iPhone Battery Level @ 2025-08-06T13:14:45.971660+09:00>>
2025-08-06 13:14:45.972 DEBUG (MainThread) [homeassistant.core] Bus:Handling <Event state_changed[L]: entity_id=sensor.gimjungyoyi_iphone_steps, old_state=None, new_state=<state sensor.gimjungyoyi_iphone_steps=125; unit_of_measurement=steps, icon=mdi:walk, friendly_name=김준교의 iPhone Steps @ 2025-08-06T13:14:45.972350+09:00>>
2025-08-06 13:14:45.972 DEBUG (MainThread) [homeassistant.core] Bus:Handling <Event state_changed[L]: entity_id=sensor.gimjungyoyi_iphone_average_active_pace, old_state=None, new_state=<state sensor.gimjungyoyi_iphone_average_active_pace=2; unit_of_measurement=m/s, icon=mdi:speedometer, friendly_name=김준교의 iPhone Average Active Pace @ 2025-08-06T13:14:45.972800+09:00>>
2025-08-06 13:14:45.979 DEBUG (MainThread) [homeassistant.core] Bus:Handling <Event state_changed[L]: entity_id=sensor.gimjungyoyi_iphone_battery_state, old_state=None, new_state=<state sensor.gimjungyoyi_iphone_battery_state=Not Charging; Low Power Mode=False, icon=mdi:battery-70, friendly_name=김준교의 iPhone Battery State @ 2025-08-06T13:14:45.979090+09:00>>
2025-08-06 13:14:45.979 DEBUG (MainThread) [homeassistant.core] Bus:Handling <Event state_changed[L]: entity_id=sensor.gimjungyoyi_iphone_storage, old_state=None, new_state=<state sensor.gimjungyoyi_iphone_storage=51.58; Available=125.98GB, Available (Important)=153.38GB, Available (Opportunistic)=131.97GB, Total=255.88GB, unit_of_measurement=% available, icon=mdi:database, friendly_name=김준교의 iPhone Storage @ 2025-08-06T13:14:45.979808+09:00>>
2025-08-06 13:14:45.980 DEBUG (MainThread) [homeassistant.core] Bus:Handling <Event state_changed[L]: entity_id=sensor.gimjungyoyi_iphone_ssid, old_state=None, new_state=<state sensor.gimjungyoyi_iphone_ssid=honami; icon=mdi:wifi, friendly_name=김준교의 iPhone SSID @ 2025-08-06T13:14:45.980229+09:00>>
2025-08-06 13:14:45.980 DEBUG (MainThread) [homeassistant.core] Bus:Handling <Event state_changed[L]: entity_id=sensor.gimjungyoyi_iphone_bssid, old_state=None, new_state=<state sensor.gimjungyoyi_iphone_bssid=88:36:6c:c7:1:7e; icon=mdi:wifi-star, friendly_name=김준교의 iPhone BSSID @ 2025-08-06T13:14:45.980619+09:00>>
2025-08-06 13:14:45.981 DEBUG (MainThread) [homeassistant.core] Bus:Handling <Event state_changed[L]: entity_id=sensor.gimjungyoyi_iphone_connection_type, old_state=None, new_state=<state sensor.gimjungyoyi_iphone_connection_type=Wi-Fi; icon=mdi:wifi, friendly_name=김준교의 iPhone Connection Type @ 2025-08-06T13:14:45.981190+09:00>>
2025-08-06 13:14:45.981 DEBUG (MainThread) [homeassistant.core] Bus:Handling <Event state_changed[L]: entity_id=sensor.gimjungyoyi_iphone_sim_2, old_state=None, new_state=<state sensor.gimjungyoyi_iphone_sim_2=--; Allows VoIP=True, Carrier ID=0000000100000002, Carrier Name=--, ISO Country Code=--, Mobile Country Code=65535, Mobile Network Code=65535, icon=mdi:sim, friendly_name=김준교의 iPhone SIM 2 @ 2025-08-06T13:14:45.981601+09:00>>
2025-08-06 13:14:45.982 DEBUG (MainThread) [homeassistant.core] Bus:Handling <Event state_changed[L]: entity_id=sensor.gimjungyoyi_iphone_sim_1, old_state=None, new_state=<state sensor.gimjungyoyi_iphone_sim_1=--; Allows VoIP=True, Carrier ID=0000000100000001, Carrier Name=--, Current Radio Technology=Long-Term Evolution (LTE), ISO Country Code=--, Mobile Country Code=65535, Mobile Network Code=65535, icon=mdi:sim, friendly_name=김준교의 iPhone SIM 1 @ 2025-08-06T13:14:45.982028+09:00>>
2025-08-06 13:14:45.982 DEBUG (MainThread) [homeassistant.core] Bus:Handling <Event state_changed[L]: entity_id=sensor.gimjungyoyi_iphone_geocoded_location, old_state=None, new_state=<state sensor.gimjungyoyi_iphone_geocoded_location=대한민국
서울특별시
서울특별시
흑석동 339-5
06975; Administrative Area=서울특별시, Areas Of Interest=N/A, Country=대한민국, Inland Water=N/A, ISO Country Code=KR, Locality=서울특별시, Location=[37.50205705006861, 126.95937225258767], Name=흑석동 339-5, Ocean=N/A, Postal Code=06975, Sub Administrative Area=N/A, Sub Locality=흑석동, Sub Thoroughfare=339-5, Thoroughfare=흑석동, Time Zone=Asia/Seoul, Zones=['집'], icon=mdi:map, friendly_name=김준교의 iPhone Geocoded Location @ 2025-08-06T13:14:45.982438+09:00>>
2025-08-06 13:14:45.983 DEBUG (MainThread) [homeassistant.core] Bus:Handling <Event state_changed[L]: entity_id=sensor.gimjungyoyi_iphone_last_update_trigger, old_state=None, new_state=<state sensor.gimjungyoyi_iphone_last_update_trigger=Background Fetch; icon=mdi:cellphone-wireless, friendly_name=김준교의 iPhone Last Update Trigger @ 2025-08-06T13:14:45.982934+09:00>>
2025-08-06 13:14:45.983 DEBUG (MainThread) [homeassistant.core] Bus:Handling <Event state_changed[L]: entity_id=sensor.gimjungyoyi_iphone_app_version, old_state=None, new_state=<state sensor.gimjungyoyi_iphone_app_version=2025.7.1; icon=mdi:cellphone, friendly_name=김준교의 iPhone App Version @ 2025-08-06T13:14:45.983307+09:00>>
2025-08-06 13:14:45.983 DEBUG (MainThread) [homeassistant.core] Bus:Handling <Event state_changed[L]: entity_id=sensor.gimjungyoyi_iphone_location_permission, old_state=None, new_state=<state sensor.gimjungyoyi_iphone_location_permission=Authorized Always; icon=mdi:map, friendly_name=김준교의 iPhone Location permission @ 2025-08-06T13:14:45.983733+09:00>>
2025-08-06 13:14:45.984 DEBUG (MainThread) [homeassistant.core] Bus:Handling <Event state_changed[L]: entity_id=sensor.gimjungyoyi_iphone_audio_output, old_state=None, new_state=<state sensor.gimjungyoyi_iphone_audio_output=Built-in Speaker; icon=mdi:volume-high, friendly_name=김준교의 iPhone Audio Output @ 2025-08-06T13:14:45.984118+09:00>>
2025-08-06 13:14:45.992 INFO (MainThread) [homeassistant.components.binary_sensor] Setting up mobile_app.binary_sensor
2025-08-06 13:14:45.993 DEBUG (MainThread) [homeassistant.core] Bus:Handling <Event state_changed[L]: entity_id=binary_sensor.gimjungyoyi_ipad_focus, old_state=None, new_state=<state binary_sensor.gimjungyoyi_ipad_focus=on; icon=mdi:moon-waning-crescent, friendly_name=김준교의 iPad Focus @ 2025-08-06T13:14:45.993565+09:00>>
2025-08-06 13:14:46.014 INFO (MainThread) [homeassistant.components.device_tracker] Setting up mobile_app.device_tracker
2025-08-06 13:14:46.016 DEBUG (MainThread) [homeassistant.core] Bus:Handling <Event state_changed[L]: entity_id=device_tracker.gimjungyoyi_ipad, old_state=None, new_state=<state device_tracker.gimjungyoyi_ipad=home; source_type=gps, battery_level=10, latitude=37.50205526530521, longitude=126.95938130662636, gps_accuracy=14, altitude=63.852939416329185, vertical_accuracy=30, friendly_name=김준교의 iPad @ 2025-08-06T13:14:46.015735+09:00>>
2025-08-06 13:14:46.032 INFO (MainThread) [homeassistant.components.sensor] Setting up mobile_app.sensor
2025-08-06 13:14:46.040 DEBUG (MainThread) [homeassistant.core] Bus:Handling <Event state_changed[L]: entity_id=sensor.gimjungyoyi_ipad_activity, old_state=None, new_state=<state sensor.gimjungyoyi_ipad_activity=Stationary; Confidence=High, Types=['Stationary'], icon=mdi:human-male, friendly_name=김준교의 iPad Activity @ 2025-08-06T13:14:46.040079+09:00>>
2025-08-06 13:14:46.041 DEBUG (MainThread) [homeassistant.core] Bus:Handling <Event state_changed[L]: entity_id=sensor.gimjungyoyi_ipad_battery_level, old_state=None, new_state=<state sensor.gimjungyoyi_ipad_battery_level=10; unit_of_measurement=%, device_class=battery, icon=mdi:battery-10, friendly_name=김준교의 iPad Battery Level @ 2025-08-06T13:14:46.040725+09:00>>
2025-08-06 13:14:46.041 DEBUG (MainThread) [homeassistant.core] Bus:Handling <Event state_changed[L]: entity_id=sensor.gimjungyoyi_ipad_connection_type, old_state=None, new_state=<state sensor.gimjungyoyi_ipad_connection_type=Wi-Fi; icon=mdi:wifi, friendly_name=김준교의 iPad Connection Type @ 2025-08-06T13:14:46.041703+09:00>>
2025-08-06 13:14:46.043 DEBUG (MainThread) [homeassistant.core] Bus:Handling <Event state_changed[L]: entity_id=sensor.gimjungyoyi_ipad_storage, old_state=None, new_state=<state sensor.gimjungyoyi_ipad_storage=29.10; Available=64.03GB, Available (Important)=85.53GB, Available (Opportunistic)=74.38GB, Total=255.58GB, unit_of_measurement=% available, icon=mdi:database, friendly_name=김준교의 iPad Storage @ 2025-08-06T13:14:46.042822+09:00>>
2025-08-06 13:14:46.044 DEBUG (MainThread) [homeassistant.core] Bus:Handling <Event state_changed[L]: entity_id=sensor.gimjungyoyi_ipad_battery_state, old_state=None, new_state=<state sensor.gimjungyoyi_ipad_battery_state=Not Charging; Low Power Mode=False, icon=mdi:battery-10, friendly_name=김준교의 iPad Battery State @ 2025-08-06T13:14:46.043961+09:00>>
2025-08-06 13:14:46.045 DEBUG (MainThread) [homeassistant.core] Bus:Handling <Event state_changed[L]: entity_id=sensor.gimjungyoyi_ipad_geocoded_location, old_state=None, new_state=<state sensor.gimjungyoyi_ipad_geocoded_location=대한민국
서울특별시
서울특별시
흑석동 339-5
06975; Administrative Area=서울특별시, Areas Of Interest=N/A, Country=대한민국, Inland Water=N/A, ISO Country Code=KR, Locality=서울특별시, Location=[37.50205526530521, 126.95938130662636], Name=흑석동 339-5, Ocean=N/A, Postal Code=06975, Sub Administrative Area=N/A, Sub Locality=흑석동, Sub Thoroughfare=339-5, Thoroughfare=흑석동, Time Zone=Asia/Seoul, Zones=[], icon=mdi:map, friendly_name=김준교의 iPad Geocoded Location @ 2025-08-06T13:14:46.045112+09:00>>
2025-08-06 13:14:46.061 DEBUG (MainThread) [homeassistant.core] Bus:Handling <Event state_changed[L]: entity_id=sensor.gimjungyoyi_ipad_last_update_trigger, old_state=None, new_state=<state sensor.gimjungyoyi_ipad_last_update_trigger=Manual; icon=mdi:cellphone-wireless, friendly_name=김준교의 iPad Last Update Trigger @ 2025-08-06T13:14:46.060717+09:00>>
2025-08-06 13:14:46.062 DEBUG (MainThread) [homeassistant.core] Bus:Handling <Event state_changed[L]: entity_id=sensor.gimjungyoyi_ipad_app_version, old_state=None, new_state=<state sensor.gimjungyoyi_ipad_app_version=2025.7.1; icon=mdi:cellphone, friendly_name=김준교의 iPad App Version @ 2025-08-06T13:14:46.062046+09:00>>
2025-08-06 13:14:46.063 DEBUG (MainThread) [homeassistant.core] Bus:Handling <Event state_changed[L]: entity_id=sensor.gimjungyoyi_ipad_location_permission, old_state=None, new_state=<state sensor.gimjungyoyi_ipad_location_permission=Authorized when in use; icon=mdi:map, friendly_name=김준교의 iPad Location permission @ 2025-08-06T13:14:46.063365+09:00>>
2025-08-06 13:14:46.064 DEBUG (MainThread) [homeassistant.core] Bus:Handling <Event state_changed[L]: entity_id=sensor.gimjungyoyi_ipad_audio_output, old_state=None, new_state=<state sensor.gimjungyoyi_ipad_audio_output=Built-in Speaker; icon=mdi:volume-high, friendly_name=김준교의 iPad Audio Output @ 2025-08-06T13:14:46.064340+09:00>>
2025-08-06 13:14:46.065 DEBUG (MainThread) [homeassistant.core] Bus:Handling <Event state_changed[L]: entity_id=sensor.gimjungyoyi_ipad_ssid, old_state=None, new_state=<state sensor.gimjungyoyi_ipad_ssid=honami; icon=mdi:wifi, friendly_name=김준교의 iPad SSID @ 2025-08-06T13:14:46.065325+09:00>>
2025-08-06 13:14:46.072 DEBUG (MainThread) [homeassistant.core] Bus:Handling <Event state_changed[L]: entity_id=sensor.gimjungyoyi_ipad_bssid, old_state=None, new_state=<state sensor.gimjungyoyi_ipad_bssid=88:36:6c:c7:1:7e; icon=mdi:wifi-star, friendly_name=김준교의 iPad BSSID @ 2025-08-06T13:14:46.072356+09:00>>
2025-08-06 13:14:46.375 INFO (MainThread) [custom_components.hacs] <HacsData restore> Restore done
2025-08-06 13:14:46.386 INFO (MainThread) [custom_components.hacs] Enable category: integration
2025-08-06 13:14:46.387 INFO (MainThread) [custom_components.hacs] Enable category: plugin
2025-08-06 13:14:46.387 INFO (MainThread) [custom_components.hacs] Enable category: template
2025-08-06 13:14:46.389 INFO (MainThread) [custom_components.hacs] Enable category: theme
2025-08-06 13:14:46.393 DEBUG (MainThread) [homeassistant.core] Bus:Handling <Event entity_registry_updated[L]: action=update, entity_id=media_player.geosil, changes=supported_features=152449>
2025-08-06 13:14:46.394 DEBUG (MainThread) [homeassistant.core] Bus:Handling <Event state_changed[L]: entity_id=media_player.geosil, old_state=<state media_player.geosil=unavailable; device_class=speaker, friendly_name=구글홈, supported_features=152449 @ 2025-08-06T13:14:45.881147+09:00>, new_state=<state media_player.geosil=off; device_class=speaker, friendly_name=구글홈, supported_features=152461 @ 2025-08-06T13:14:46.394100+09:00>>
2025-08-06 13:14:46.394 DEBUG (MainThread) [homeassistant.core] Bus:Handling <Event state_reported[L]: entity_id=media_player.geosil, old_last_reported=2025-08-06T13:14:46.394100+09:00, new_state=<state media_player.geosil=off; device_class=speaker, friendly_name=구글홈, supported_features=152461 @ 2025-08-06T13:14:46.394100+09:00>>
2025-08-06 13:14:46.394 DEBUG (MainThread) [homeassistant.core] Bus:Handling <Event state_reported[L]: entity_id=media_player.geosil, old_last_reported=2025-08-06T13:14:46.393183+09:00, new_state=<state media_player.geosil=off; device_class=speaker, friendly_name=구글홈, supported_features=152461 @ 2025-08-06T13:14:46.394100+09:00>>
2025-08-06 13:14:46.430 DEBUG (MainThread) [homeassistant.core] Bus:Handling <Event component_loaded[L]: component=mobile_app>
2025-08-06 13:14:46.443 INFO (MainThread) [homeassistant.components.notify] Setting up notify.mobile_app
2025-08-06 13:14:46.444 DEBUG (MainThread) [homeassistant.core] Bus:Handling <Event panels_updated[L]>
2025-08-06 13:14:46.455 INFO (MainThread) [homeassistant.setup] Setting up default_config
2025-08-06 13:14:46.456 INFO (MainThread) [homeassistant.setup] Setup of domain default_config took 0.00 seconds
2025-08-06 13:14:46.456 DEBUG (MainThread) [homeassistant.core] Bus:Handling <Event component_loaded[L]: component=default_config>
2025-08-06 13:14:46.473 DEBUG (MainThread) [homeassistant.core] Bus:Handling <Event service_registered[L]: domain=notify, service=mobile_app_gimjungyoyi_iphone>
2025-08-06 13:14:46.474 DEBUG (MainThread) [homeassistant.core] Bus:Handling <Event service_registered[L]: domain=notify, service=mobile_app_gimjungyoyi_ipad>
2025-08-06 13:14:46.474 DEBUG (MainThread) [homeassistant.core] Bus:Handling <Event service_registered[L]: domain=notify, service=notify>
2025-08-06 13:14:46.831 INFO (MainThread) [homeassistant.components.tts] Setting up google_translate.tts
2025-08-06 13:14:46.831 DEBUG (MainThread) [homeassistant.core] Bus:Handling <Event state_changed[L]: entity_id=tts.google_translate_en_com, old_state=None, new_state=<state tts.google_translate_en_com=unknown; friendly_name=Google Translate en com @ 2025-08-06T13:14:46.831595+09:00>>
2025-08-06 13:14:46.832 DEBUG (MainThread) [homeassistant.core] Bus:Handling <Event component_loaded[L]: component=google_translate>
2025-08-06 13:14:47.666 INFO (MainThread) [homeassistant.setup] Setting up smartthings
2025-08-06 13:14:47.666 INFO (MainThread) [homeassistant.setup] Setup of domain smartthings took 0.00 seconds
2025-08-06 13:14:47.672 INFO (MainThread) [homeassistant.setup] Setting up todo
2025-08-06 13:14:47.673 DEBUG (MainThread) [homeassistant.core] Bus:Handling <Event panels_updated[L]>
2025-08-06 13:14:47.687 DEBUG (MainThread) [homeassistant.core] Bus:Handling <Event service_registered[L]: domain=todo, service=add_item>
2025-08-06 13:14:47.689 DEBUG (MainThread) [homeassistant.core] Bus:Handling <Event service_registered[L]: domain=todo, service=update_item>
2025-08-06 13:14:47.691 DEBUG (MainThread) [homeassistant.core] Bus:Handling <Event service_registered[L]: domain=todo, service=remove_item>
2025-08-06 13:14:47.691 DEBUG (MainThread) [homeassistant.core] Bus:Handling <Event service_registered[L]: domain=todo, service=get_items>
2025-08-06 13:14:47.692 DEBUG (MainThread) [homeassistant.core] Bus:Handling <Event service_registered[L]: domain=todo, service=remove_completed_items>
2025-08-06 13:14:47.692 INFO (MainThread) [homeassistant.setup] Setup of domain todo took 0.02 seconds
2025-08-06 13:14:47.692 DEBUG (MainThread) [homeassistant.core] Bus:Handling <Event component_loaded[L]: component=todo>
2025-08-06 13:14:47.720 INFO (MainThread) [homeassistant.setup] Setting up weather
2025-08-06 13:14:47.722 DEBUG (MainThread) [homeassistant.core] Bus:Handling <Event service_registered[L]: domain=weather, service=get_forecasts>
2025-08-06 13:14:47.723 INFO (MainThread) [homeassistant.setup] Setup of domain weather took 0.00 seconds
2025-08-06 13:14:47.723 DEBUG (MainThread) [homeassistant.core] Bus:Handling <Event component_loaded[L]: component=weather>
2025-08-06 13:14:47.724 INFO (MainThread) [homeassistant.components.todo] Setting up shopping_list.todo
2025-08-06 13:14:47.731 DEBUG (MainThread) [homeassistant.core] Bus:Handling <Event state_changed[L]: entity_id=todo.shopping_list, old_state=None, new_state=<state todo.shopping_list=0; friendly_name=쇼핑 리스트, supported_features=15 @ 2025-08-06T13:14:47.725472+09:00>>
2025-08-06 13:14:47.765 DEBUG (MainThread) [homeassistant.core] Bus:Handling <Event component_loaded[L]: component=shopping_list>
2025-08-06 13:14:47.771 INFO (MainThread) [homeassistant.components.weather] Setting up met.weather
2025-08-06 13:14:47.789 DEBUG (MainThread) [homeassistant.core] Bus:Handling <Event state_changed[L]: entity_id=weather.forecast_jib, old_state=None, new_state=<state weather.forecast_jib=rainy; temperature=25.2, dew_point=24.5, temperature_unit=°C, humidity=96, cloud_coverage=100.0, uv_index=9.1, pressure=1002.0, pressure_unit=hPa, wind_bearing=274.9, wind_speed=12.2, wind_speed_unit=km/h, visibility_unit=km, precipitation_unit=mm, attribution=Weather forecast from met.no, delivered by the Norwegian Meteorological Institute., friendly_name=Forecast 집, supported_features=3 @ 2025-08-06T13:14:47.772637+09:00>>
2025-08-06 13:14:47.810 DEBUG (MainThread) [homeassistant.core] Bus:Handling <Event component_loaded[L]: component=met>
2025-08-06 13:14:47.811 INFO (MainThread) [homeassistant.setup] Setting up button
2025-08-06 13:14:47.811 DEBUG (MainThread) [homeassistant.core] Bus:Handling <Event service_registered[L]: domain=button, service=press>
2025-08-06 13:14:47.811 INFO (MainThread) [homeassistant.setup] Setup of domain button took 0.00 seconds
2025-08-06 13:14:47.811 DEBUG (MainThread) [homeassistant.core] Bus:Handling <Event component_loaded[L]: component=button>
2025-08-06 13:14:47.812 INFO (MainThread) [homeassistant.setup] Setting up fan
2025-08-06 13:14:47.813 DEBUG (MainThread) [homeassistant.core] Bus:Handling <Event service_registered[L]: domain=fan, service=turn_on>
2025-08-06 13:14:47.814 DEBUG (MainThread) [homeassistant.core] Bus:Handling <Event service_registered[L]: domain=fan, service=turn_off>
2025-08-06 13:14:47.814 DEBUG (MainThread) [homeassistant.core] Bus:Handling <Event service_registered[L]: domain=fan, service=toggle>
2025-08-06 13:14:47.815 DEBUG (MainThread) [homeassistant.core] Bus:Handling <Event service_registered[L]: domain=fan, service=increase_speed>
2025-08-06 13:14:47.815 DEBUG (MainThread) [homeassistant.core] Bus:Handling <Event service_registered[L]: domain=fan, service=decrease_speed>
2025-08-06 13:14:47.836 DEBUG (MainThread) [homeassistant.core] Bus:Handling <Event service_registered[L]: domain=fan, service=oscillate>
2025-08-06 13:14:47.837 DEBUG (MainThread) [homeassistant.core] Bus:Handling <Event service_registered[L]: domain=fan, service=set_direction>
2025-08-06 13:14:47.838 DEBUG (MainThread) [homeassistant.core] Bus:Handling <Event service_registered[L]: domain=fan, service=set_percentage>
2025-08-06 13:14:47.838 DEBUG (MainThread) [homeassistant.core] Bus:Handling <Event service_registered[L]: domain=fan, service=set_preset_mode>
2025-08-06 13:14:47.839 INFO (MainThread) [homeassistant.setup] Setup of domain fan took 0.03 seconds
2025-08-06 13:14:47.839 DEBUG (MainThread) [homeassistant.core] Bus:Handling <Event component_loaded[L]: component=fan>
2025-08-06 13:14:47.839 INFO (MainThread) [homeassistant.setup] Setting up number
2025-08-06 13:14:47.840 DEBUG (MainThread) [homeassistant.core] Bus:Handling <Event service_registered[L]: domain=number, service=set_value>
2025-08-06 13:14:47.840 INFO (MainThread) [homeassistant.setup] Setup of domain number took 0.00 seconds
2025-08-06 13:14:47.840 DEBUG (MainThread) [homeassistant.core] Bus:Handling <Event component_loaded[L]: component=number>
2025-08-06 13:14:47.841 INFO (MainThread) [homeassistant.setup] Setting up select
2025-08-06 13:14:47.841 DEBUG (MainThread) [homeassistant.core] Bus:Handling <Event service_registered[L]: domain=select, service=select_first>
2025-08-06 13:14:47.841 DEBUG (MainThread) [homeassistant.core] Bus:Handling <Event service_registered[L]: domain=select, service=select_last>
2025-08-06 13:14:47.842 DEBUG (MainThread) [homeassistant.core] Bus:Handling <Event service_registered[L]: domain=select, service=select_next>
2025-08-06 13:14:47.842 DEBUG (MainThread) [homeassistant.core] Bus:Handling <Event service_registered[L]: domain=select, service=select_option>
2025-08-06 13:14:47.843 DEBUG (MainThread) [homeassistant.core] Bus:Handling <Event service_registered[L]: domain=select, service=select_previous>
2025-08-06 13:14:47.843 INFO (MainThread) [homeassistant.setup] Setup of domain select took 0.00 seconds
2025-08-06 13:14:47.843 DEBUG (MainThread) [homeassistant.core] Bus:Handling <Event component_loaded[L]: component=select>
2025-08-06 13:14:47.855 INFO (MainThread) [homeassistant.setup] Setting up switch
2025-08-06 13:14:47.857 DEBUG (MainThread) [homeassistant.core] Bus:Handling <Event service_registered[L]: domain=switch, service=turn_off>
2025-08-06 13:14:47.858 DEBUG (MainThread) [homeassistant.core] Bus:Handling <Event service_registered[L]: domain=switch, service=turn_on>
2025-08-06 13:14:47.858 DEBUG (MainThread) [homeassistant.core] Bus:Handling <Event service_registered[L]: domain=switch, service=toggle>
2025-08-06 13:14:47.858 INFO (MainThread) [homeassistant.setup] Setup of domain switch took 0.00 seconds
2025-08-06 13:14:47.859 DEBUG (MainThread) [homeassistant.core] Bus:Handling <Event component_loaded[L]: component=switch>
2025-08-06 13:14:47.877 INFO (MainThread) [homeassistant.components.binary_sensor] Setting up xiaomi_miio.binary_sensor
2025-08-06 13:14:47.906 INFO (MainThread) [homeassistant.components.button] Setting up xiaomi_miio.button
2025-08-06 13:14:47.914 INFO (MainThread) [homeassistant.components.fan] Setting up xiaomi_miio.fan
2025-08-06 13:14:47.915 DEBUG (MainThread) [homeassistant.core] Bus:Handling <Event service_registered[L]: domain=xiaomi_miio, service=fan_reset_filter>
2025-08-06 13:14:47.915 DEBUG (MainThread) [homeassistant.core] Bus:Handling <Event service_registered[L]: domain=xiaomi_miio, service=fan_set_extra_features>
2025-08-06 13:14:47.918 DEBUG (MainThread) [homeassistant.core] Bus:Handling <Event state_changed[L]: entity_id=fan.zhimi_airpurifier_m1, old_state=None, new_state=<state fan.zhimi_airpurifier_m1=off; preset_modes=['Auto', 'Silent', 'Favorite', 'Idle'], preset_mode=None, extra_features=0, turbo_mode_supported=False, button_pressed=None, sleep_time=None, sleep_mode_learn_count=None, use_time=148003558, sleep_mode=None, friendly_name=공기청정기, supported_features=56 @ 2025-08-06T13:14:47.916394+09:00>>
2025-08-06 13:14:47.936 INFO (MainThread) [homeassistant.components.number] Setting up xiaomi_miio.number
2025-08-06 13:14:47.940 DEBUG (MainThread) [homeassistant.core] Bus:Handling <Event state_changed[L]: entity_id=number.zhimi_airpurifier_m1_favorite_level, old_state=None, new_state=<state number.zhimi_airpurifier_m1_favorite_level=10; min=0, max=17, step=1, mode=auto, icon=mdi:star-cog, friendly_name=공기청정기 Favorite level @ 2025-08-06T13:14:47.938869+09:00>>
2025-08-06 13:14:47.961 INFO (MainThread) [homeassistant.components.select] Setting up xiaomi_miio.select
2025-08-06 13:14:47.962 DEBUG (MainThread) [homeassistant.core] Bus:Handling <Event state_changed[L]: entity_id=select.zhimi_airpurifier_m1_led_brightness, old_state=None, new_state=<state select.zhimi_airpurifier_m1_led_brightness=bright; options=['bright', 'dim', 'off'], icon=mdi:brightness-6, friendly_name=공기청정기 Led Brightness @ 2025-08-06T13:14:47.962032+09:00>>
2025-08-06 13:14:47.973 INFO (MainThread) [homeassistant.components.sensor] Setting up xiaomi_miio.sensor
2025-08-06 13:14:47.986 DEBUG (MainThread) [homeassistant.core] Bus:Handling <Event state_changed[L]: entity_id=sensor.zhimi_airpurifier_m1_temperature, old_state=None, new_state=<state sensor.zhimi_airpurifier_m1_temperature=26.1; state_class=measurement, unit_of_measurement=°C, device_class=temperature, friendly_name=온도 @ 2025-08-06T13:14:47.976501+09:00>>
2025-08-06 13:14:47.987 DEBUG (MainThread) [homeassistant.core] Bus:Handling <Event state_changed[L]: entity_id=sensor.zhimi_airpurifier_m1_humidity, old_state=None, new_state=<state sensor.zhimi_airpurifier_m1_humidity=57; state_class=measurement, unit_of_measurement=%, device_class=humidity, friendly_name=공기청정기 습도 @ 2025-08-06T13:14:47.986961+09:00>>
2025-08-06 13:14:47.987 DEBUG (MainThread) [homeassistant.core] Bus:Handling <Event state_changed[L]: entity_id=sensor.zhimi_airpurifier_m1_motor_speed, old_state=None, new_state=<state sensor.zhimi_airpurifier_m1_motor_speed=0; state_class=measurement, unit_of_measurement=rpm, icon=mdi:fast-forward, friendly_name=공기청정기 Motor speed @ 2025-08-06T13:14:47.987427+09:00>>
2025-08-06 13:14:47.988 DEBUG (MainThread) [homeassistant.core] Bus:Handling <Event state_changed[L]: entity_id=sensor.zhimi_airpurifier_m1_pm2_5, old_state=None, new_state=<state sensor.zhimi_airpurifier_m1_pm2_5=32; state_class=measurement, unit_of_measurement=µg/m³, device_class=pm25, friendly_name=공기청정기 PM2.5 @ 2025-08-06T13:14:47.988102+09:00>>
2025-08-06 13:14:47.988 DEBUG (MainThread) [homeassistant.core] Bus:Handling <Event state_changed[L]: entity_id=sensor.zhimi_airpurifier_m1_filter_life_remaining, old_state=None, new_state=<state sensor.zhimi_airpurifier_m1_filter_life_remaining=0; state_class=measurement, unit_of_measurement=%, icon=mdi:air-filter, friendly_name=공기청정기 Filter life remaining @ 2025-08-06T13:14:47.988484+09:00>>
2025-08-06 13:14:47.990 DEBUG (MainThread) [homeassistant.core] Bus:Handling <Event state_changed[L]: entity_id=sensor.zhimi_airpurifier_m1_filter_use, old_state=None, new_state=<state sensor.zhimi_airpurifier_m1_filter_use=3500; state_class=measurement, unit_of_measurement=h, device_class=duration, icon=mdi:clock-outline, friendly_name=공기청정기 Filter use @ 2025-08-06T13:14:47.989019+09:00>>
2025-08-06 13:14:48.006 INFO (MainThread) [homeassistant.components.switch] Setting up xiaomi_miio.switch
2025-08-06 13:14:48.009 DEBUG (MainThread) [homeassistant.core] Bus:Handling <Event state_changed[L]: entity_id=switch.zhimi_airpurifier_m1_buzzer, old_state=None, new_state=<state switch.zhimi_airpurifier_m1_buzzer=off; icon=mdi:volume-high, friendly_name=공기청정기 Buzzer @ 2025-08-06T13:14:48.008732+09:00>>
2025-08-06 13:14:48.010 DEBUG (MainThread) [homeassistant.core] Bus:Handling <Event state_changed[L]: entity_id=switch.zhimi_airpurifier_m1_child_lock, old_state=None, new_state=<state switch.zhimi_airpurifier_m1_child_lock=off; icon=mdi:lock, friendly_name=공기청정기 차일드 락 @ 2025-08-06T13:14:48.010084+09:00>>
2025-08-06 13:14:48.011 DEBUG (MainThread) [homeassistant.core] Bus:Handling <Event state_changed[L]: entity_id=switch.zhimi_airpurifier_m1_led, old_state=None, new_state=<state switch.zhimi_airpurifier_m1_led=off; icon=mdi:led-outline, friendly_name=공기청정기 LED @ 2025-08-06T13:14:48.011089+09:00>>
2025-08-06 13:14:48.016 DEBUG (MainThread) [homeassistant.core] Bus:Handling <Event state_changed[L]: entity_id=switch.zhimi_airpurifier_m1_learn_mode, old_state=None, new_state=<state switch.zhimi_airpurifier_m1_learn_mode=off; icon=mdi:school-outline, friendly_name=공기청정기 Learn mode @ 2025-08-06T13:14:48.015987+09:00>>
2025-08-06 13:14:48.029 INFO (MainThread) [homeassistant.components.binary_sensor] Setting up upnp.binary_sensor
2025-08-06 13:14:48.031 DEBUG (MainThread) [homeassistant.core] Bus:Handling <Event state_changed[L]: entity_id=binary_sensor.efm_networks_iptime_ax3000m_wan_status, old_state=None, new_state=<state binary_sensor.efm_networks_iptime_ax3000m_wan_status=on; device_class=connectivity, friendly_name=EFM Networks ipTIME AX3000M WAN 상태 @ 2025-08-06T13:14:48.031083+09:00>>
2025-08-06 13:14:48.033 DEBUG (MainThread) [homeassistant.core] Bus:Handling <Event component_loaded[L]: component=xiaomi_miio>
2025-08-06 13:14:48.033 INFO (MainThread) [homeassistant.components.sensor] Setting up upnp.sensor
2025-08-06 13:14:48.035 DEBUG (MainThread) [homeassistant.core] Bus:Handling <Event state_changed[L]: entity_id=sensor.efm_networks_iptime_ax3000m_external_ip, old_state=None, new_state=<state sensor.efm_networks_iptime_ax3000m_external_ip=49.142.72.18; friendly_name=EFM Networks ipTIME AX3000M 외부 IP @ 2025-08-06T13:14:48.035416+09:00>>
2025-08-06 13:14:48.041 DEBUG (MainThread) [homeassistant.core] Bus:Handling <Event state_changed[L]: entity_id=sensor.efm_networks_iptime_ax3000m_download_speed, old_state=None, new_state=<state sensor.efm_networks_iptime_ax3000m_download_speed=unknown; state_class=measurement, unit_of_measurement=KiB/s, device_class=data_rate, friendly_name=EFM Networks ipTIME AX3000M 다운로드 속도 @ 2025-08-06T13:14:48.038405+09:00>>
2025-08-06 13:14:48.043 DEBUG (MainThread) [homeassistant.core] Bus:Handling <Event state_changed[L]: entity_id=sensor.efm_networks_iptime_ax3000m_upload_speed, old_state=None, new_state=<state sensor.efm_networks_iptime_ax3000m_upload_speed=unknown; state_class=measurement, unit_of_measurement=KiB/s, device_class=data_rate, friendly_name=EFM Networks ipTIME AX3000M 업로드 속도 @ 2025-08-06T13:14:48.042646+09:00>>
2025-08-06 13:14:48.044 DEBUG (MainThread) [homeassistant.core] Bus:Handling <Event component_loaded[L]: component=upnp>
2025-08-06 13:14:48.046 INFO (MainThread) [homeassistant.components.update] Setting up hacs.update
2025-08-06 13:14:48.050 DEBUG (MainThread) [homeassistant.core] Bus:Handling <Event state_changed[L]: entity_id=update.hacs_update, old_state=None, new_state=<state update.hacs_update=off; auto_update=False, display_precision=0, installed_version=2.0.5, in_progress=False, latest_version=2.0.5, release_summary=None, release_url=https://github.com/hacs/integration/releases/2.0.5, skipped_version=None, title=None, update_percentage=None, entity_picture=https://brands.home-assistant.io/_/hacs/icon.png, friendly_name=HACS update, supported_features=23 @ 2025-08-06T13:14:48.049276+09:00>>
2025-08-06 13:14:48.051 DEBUG (MainThread) [homeassistant.core] Bus:Handling <Event state_changed[L]: entity_id=update.smartthinq_lge_sensors_update, old_state=None, new_state=<state update.smartthinq_lge_sensors_update=off; auto_update=False, display_precision=0, installed_version=v0.41.1, in_progress=False, latest_version=v0.41.1, release_summary=None, release_url=https://github.com/ollo69/ha-smartthinq-sensors/releases/v0.41.1, skipped_version=None, title=None, update_percentage=None, entity_picture=https://brands.home-assistant.io/_/smartthinq_sensors/icon.png, friendly_name=SmartThinQ LGE Sensors update, supported_features=23 @ 2025-08-06T13:14:48.051324+09:00>>
2025-08-06 13:14:48.069 INFO (MainThread) [homeassistant.components.button] Setting up mqtt.button
2025-08-06 13:14:48.074 INFO (MainThread) [homeassistant.components.binary_sensor] Setting up mqtt.binary_sensor
2025-08-06 13:14:48.075 INFO (MainThread) [homeassistant.components.switch] Setting up mqtt.switch
2025-08-06 13:14:48.075 INFO (MainThread) [homeassistant.components.select] Setting up mqtt.select
2025-08-06 13:14:48.076 INFO (MainThread) [homeassistant.components.sensor] Setting up mqtt.sensor
2025-08-06 13:14:48.076 INFO (MainThread) [homeassistant.components.switch] Setting up hacs.switch
2025-08-06 13:14:48.078 DEBUG (MainThread) [homeassistant.components.switch] Not adding entity Pre-release because it's disabled
2025-08-06 13:14:48.078 DEBUG (MainThread) [homeassistant.components.switch] Not adding entity Pre-release because it's disabled
2025-08-06 13:14:48.083 INFO (MainThread) [custom_components.hacs] Stage changed: setup
2025-08-06 13:14:48.084 INFO (MainThread) [custom_components.hacs] Stage changed: waiting
2025-08-06 13:14:48.084 INFO (MainThread) [custom_components.hacs] Setup complete, waiting for Home Assistant before startup tasks starts
2025-08-06 13:14:48.086 DEBUG (MainThread) [homeassistant.core] Bus:Handling <Event service_registered[L]: domain=mqtt, service=reload>
2025-08-06 13:14:48.091 DEBUG (MainThread) [homeassistant.core] Bus:Handling <Event component_loaded[L]: component=hacs>
2025-08-06 13:14:48.092 DEBUG (MainThread) [homeassistant.core] Bus:Handling <Event component_loaded[L]: component=mqtt>
2025-08-06 13:14:48.151 INFO (MainThread) [homeassistant.setup] Setting up tasmota
2025-08-06 13:14:48.151 INFO (MainThread) [homeassistant.setup] Setup of domain tasmota took 0.00 seconds
2025-08-06 13:14:48.160 INFO (MainThread) [homeassistant.setup] Setting up cover
2025-08-06 13:14:48.161 DEBUG (MainThread) [homeassistant.core] Bus:Handling <Event service_registered[L]: domain=cover, service=open_cover>
2025-08-06 13:14:48.161 DEBUG (MainThread) [homeassistant.core] Bus:Handling <Event service_registered[L]: domain=cover, service=close_cover>
2025-08-06 13:14:48.162 DEBUG (MainThread) [homeassistant.core] Bus:Handling <Event service_registered[L]: domain=cover, service=set_cover_position>
2025-08-06 13:14:48.162 DEBUG (MainThread) [homeassistant.core] Bus:Handling <Event service_registered[L]: domain=cover, service=stop_cover>
2025-08-06 13:14:48.162 DEBUG (MainThread) [homeassistant.core] Bus:Handling <Event service_registered[L]: domain=cover, service=toggle>
2025-08-06 13:14:48.162 DEBUG (MainThread) [homeassistant.core] Bus:Handling <Event service_registered[L]: domain=cover, service=open_cover_tilt>
2025-08-06 13:14:48.162 DEBUG (MainThread) [homeassistant.core] Bus:Handling <Event service_registered[L]: domain=cover, service=close_cover_tilt>
2025-08-06 13:14:48.162 DEBUG (MainThread) [homeassistant.core] Bus:Handling <Event service_registered[L]: domain=cover, service=stop_cover_tilt>
2025-08-06 13:14:48.163 DEBUG (MainThread) [homeassistant.core] Bus:Handling <Event service_registered[L]: domain=cover, service=set_cover_tilt_position>
2025-08-06 13:14:48.163 DEBUG (MainThread) [homeassistant.core] Bus:Handling <Event service_registered[L]: domain=cover, service=toggle_cover_tilt>
2025-08-06 13:14:48.163 INFO (MainThread) [homeassistant.setup] Setup of domain cover took 0.00 seconds
2025-08-06 13:14:48.163 DEBUG (MainThread) [homeassistant.core] Bus:Handling <Event component_loaded[L]: component=cover>
2025-08-06 13:14:48.165 INFO (MainThread) [homeassistant.setup] Setting up light
2025-08-06 13:14:48.173 DEBUG (MainThread) [homeassistant.core] Bus:Handling <Event service_registered[L]: domain=light, service=turn_on>
2025-08-06 13:14:48.174 DEBUG (MainThread) [homeassistant.core] Bus:Handling <Event service_registered[L]: domain=light, service=turn_off>
2025-08-06 13:14:48.175 DEBUG (MainThread) [homeassistant.core] Bus:Handling <Event service_registered[L]: domain=light, service=toggle>
2025-08-06 13:14:48.176 INFO (MainThread) [homeassistant.setup] Setup of domain light took 0.01 seconds
2025-08-06 13:14:48.176 DEBUG (MainThread) [homeassistant.core] Bus:Handling <Event component_loaded[L]: component=light>
2025-08-06 13:14:48.184 INFO (MainThread) [homeassistant.components.binary_sensor] Setting up tasmota.binary_sensor
2025-08-06 13:14:48.187 INFO (MainThread) [homeassistant.components.cover] Setting up tasmota.cover
2025-08-06 13:14:48.188 INFO (MainThread) [homeassistant.components.fan] Setting up tasmota.fan
2025-08-06 13:14:48.207 INFO (MainThread) [homeassistant.components.light] Setting up tasmota.light
2025-08-06 13:14:48.213 INFO (MainThread) [homeassistant.components.sensor] Setting up tasmota.sensor
2025-08-06 13:14:48.213 INFO (MainThread) [homeassistant.components.switch] Setting up tasmota.switch
2025-08-06 13:14:48.239 DEBUG (MainThread) [homeassistant.core] Bus:Handling <Event component_loaded[L]: component=tasmota>
2025-08-06 13:14:48.880 DEBUG (MainThread) [homeassistant.core] Bus:Handling <Event state_changed[L]: entity_id=binary_sensor.zigbee2mqtt_bridge_connection_state, old_state=None, new_state=<state binary_sensor.zigbee2mqtt_bridge_connection_state=unknown; device_class=connectivity, friendly_name=Zigbee2MQTT Bridge Connection state @ 2025-08-06T13:14:48.880436+09:00>>
2025-08-06 13:14:48.891 DEBUG (MainThread) [homeassistant.components.binary_sensor] Not adding entity Restart required because it's disabled
2025-08-06 13:14:48.902 DEBUG (MainThread) [homeassistant.core] Bus:Handling <Event state_changed[L]: entity_id=button.zigbee2mqtt_bridge_restart, old_state=None, new_state=<state button.zigbee2mqtt_bridge_restart=unavailable; device_class=restart, friendly_name=Zigbee2MQTT Bridge Restart @ 2025-08-06T13:14:48.901964+09:00>>
2025-08-06 13:14:49.093 DEBUG (MainThread) [homeassistant.core] Bus:Handling <Event state_changed[L]: entity_id=select.zigbee2mqtt_bridge_log_level, old_state=None, new_state=<state select.zigbee2mqtt_bridge_log_level=unavailable; options=['error', 'warning', 'info', 'debug'], friendly_name=Zigbee2MQTT Bridge Log level @ 2025-08-06T13:14:49.092906+09:00>>
2025-08-06 13:14:49.108 DEBUG (MainThread) [homeassistant.core] Bus:Handling <Event state_changed[L]: entity_id=select.geosil_beoteun1_operation_mode, old_state=None, new_state=<state select.geosil_beoteun1_operation_mode=unavailable; options=['command', 'event'], icon=mdi:tune, friendly_name=거실 버튼1 Operation mode @ 2025-08-06T13:14:49.107802+09:00>>
2025-08-06 13:14:49.132 DEBUG (MainThread) [homeassistant.core] Bus:Handling <Event state_changed[L]: entity_id=sensor.zigbee2mqtt_bridge_version, old_state=None, new_state=<state sensor.zigbee2mqtt_bridge_version=unavailable; icon=mdi:zigbee, friendly_name=Zigbee2MQTT Bridge Version @ 2025-08-06T13:14:49.132292+09:00>>
2025-08-06 13:14:49.155 DEBUG (MainThread) [homeassistant.core] Bus:Handling <Event state_changed[L]: entity_id=sensor.geosil_beoteun1_battery, old_state=None, new_state=<state sensor.geosil_beoteun1_battery=unavailable; state_class=measurement, unit_of_measurement=%, device_class=battery, friendly_name=거실 버튼1 배터리 @ 2025-08-06T13:14:49.155238+09:00>>
2025-08-06 13:14:49.169 DEBUG (MainThread) [homeassistant.core] Bus:Handling <Event state_changed[L]: entity_id=sensor.0xa4c13857052a9c52_battery, old_state=None, new_state=<state sensor.0xa4c13857052a9c52_battery=unavailable; state_class=measurement, unit_of_measurement=%, device_class=battery, friendly_name=안방 온습도 센서 배터리 @ 2025-08-06T13:14:49.169367+09:00>>
2025-08-06 13:14:49.178 DEBUG (MainThread) [homeassistant.core] Bus:Handling <Event state_changed[L]: entity_id=sensor.0xa4c13857052a9c52_temperature, old_state=None, new_state=<state sensor.0xa4c13857052a9c52_temperature=unavailable; state_class=measurement, unit_of_measurement=°C, device_class=temperature, friendly_name=안방 온습도 센서 온도 @ 2025-08-06T13:14:49.178048+09:00>>
2025-08-06 13:14:49.200 DEBUG (MainThread) [homeassistant.core] Bus:Handling <Event state_changed[L]: entity_id=sensor.0xa4c13857052a9c52_humidity, old_state=None, new_state=<state sensor.0xa4c13857052a9c52_humidity=unavailable; state_class=measurement, unit_of_measurement=%, device_class=humidity, friendly_name=안방 온습도 센서 습도 @ 2025-08-06T13:14:49.200364+09:00>>
2025-08-06 13:14:49.207 DEBUG (MainThread) [homeassistant.core] Bus:Handling <Event state_changed[L]: entity_id=sensor.0xa4c13857052a9c52_voltage, old_state=None, new_state=<state sensor.0xa4c13857052a9c52_voltage=unavailable; state_class=measurement, unit_of_measurement=mV, device_class=voltage, friendly_name=안방 온습도 센서 전압 @ 2025-08-06T13:14:49.207556+09:00>>
2025-08-06 13:14:49.243 DEBUG (MainThread) [homeassistant.core] Bus:Handling <Event state_changed[L]: entity_id=switch.zigbee2mqtt_bridge_permit_join, old_state=None, new_state=<state switch.zigbee2mqtt_bridge_permit_join=unavailable; icon=mdi:human-greeting-proximity, friendly_name=Zigbee2MQTT Bridge Permit join @ 2025-08-06T13:14:49.243077+09:00>>
2025-08-06 13:14:49.357 DEBUG (MainThread) [homeassistant.core] Bus:Handling <Event state_changed[L]: entity_id=sensor.tasmota_last_restart_time, old_state=None, new_state=<state sensor.tasmota_last_restart_time=unavailable; device_class=timestamp, friendly_name=Tasmota Last Restart Time @ 2025-08-06T13:14:49.357384+09:00>>
2025-08-06 13:14:49.361 DEBUG (MainThread) [homeassistant.core] Bus:Handling <Event state_changed[L]: entity_id=sensor.tasmota_wifi_connect_count, old_state=None, new_state=<state sensor.tasmota_wifi_connect_count=unavailable; icon=mdi:counter, friendly_name=Tasmota WiFi Connect Count @ 2025-08-06T13:14:49.361171+09:00>>
2025-08-06 13:14:49.369 DEBUG (MainThread) [homeassistant.core] Bus:Handling <Event state_changed[L]: entity_id=sensor.tasmota_mqtt_connect_count, old_state=None, new_state=<state sensor.tasmota_mqtt_connect_count=unavailable; icon=mdi:counter, friendly_name=Tasmota MQTT Connect Count @ 2025-08-06T13:14:49.364716+09:00>>
2025-08-06 13:14:49.372 DEBUG (MainThread) [homeassistant.core] Bus:Handling <Event state_changed[L]: entity_id=sensor.tasmota_restart_reason, old_state=None, new_state=<state sensor.tasmota_restart_reason=unavailable; icon=mdi:information-outline, friendly_name=Tasmota Restart Reason @ 2025-08-06T13:14:49.370569+09:00>>
2025-08-06 13:14:49.381 DEBUG (MainThread) [homeassistant.core] Bus:Handling <Event state_changed[L]: entity_id=sensor.tasmota_ssid, old_state=None, new_state=<state sensor.tasmota_ssid=unavailable; icon=mdi:access-point-network, friendly_name=Tasmota SSID @ 2025-08-06T13:14:49.380197+09:00>>
2025-08-06 13:14:49.391 INFO (MainThread) [homeassistant.setup] Setting up climate
2025-08-06 13:14:49.392 DEBUG (MainThread) [homeassistant.core] Bus:Handling <Event service_registered[L]: domain=climate, service=turn_on>
2025-08-06 13:14:49.394 DEBUG (MainThread) [homeassistant.core] Bus:Handling <Event service_registered[L]: domain=climate, service=turn_off>
2025-08-06 13:14:49.395 DEBUG (MainThread) [homeassistant.core] Bus:Handling <Event service_registered[L]: domain=climate, service=toggle>
2025-08-06 13:14:49.405 DEBUG (MainThread) [homeassistant.core] Bus:Handling <Event service_registered[L]: domain=climate, service=set_hvac_mode>
2025-08-06 13:14:49.407 DEBUG (MainThread) [homeassistant.core] Bus:Handling <Event service_registered[L]: domain=climate, service=set_preset_mode>
2025-08-06 13:14:49.408 DEBUG (MainThread) [homeassistant.core] Bus:Handling <Event service_registered[L]: domain=climate, service=set_temperature>
2025-08-06 13:14:49.408 DEBUG (MainThread) [homeassistant.core] Bus:Handling <Event service_registered[L]: domain=climate, service=set_humidity>
2025-08-06 13:14:49.411 DEBUG (MainThread) [homeassistant.core] Bus:Handling <Event service_registered[L]: domain=climate, service=set_fan_mode>
2025-08-06 13:14:49.437 DEBUG (MainThread) [homeassistant.core] Bus:Handling <Event service_registered[L]: domain=climate, service=set_swing_mode>
2025-08-06 13:14:49.438 DEBUG (MainThread) [homeassistant.core] Bus:Handling <Event service_registered[L]: domain=climate, service=set_swing_horizontal_mode>
2025-08-06 13:14:49.438 INFO (MainThread) [homeassistant.setup] Setup of domain climate took 0.05 seconds
2025-08-06 13:14:49.438 DEBUG (MainThread) [homeassistant.core] Bus:Handling <Event component_loaded[L]: component=climate>
2025-08-06 13:14:49.440 INFO (MainThread) [homeassistant.setup] Setting up lock
2025-08-06 13:14:49.440 DEBUG (MainThread) [homeassistant.core] Bus:Handling <Event service_registered[L]: domain=lock, service=unlock>
2025-08-06 13:14:49.470 DEBUG (MainThread) [homeassistant.core] Bus:Handling <Event service_registered[L]: domain=lock, service=lock>
2025-08-06 13:14:49.470 DEBUG (MainThread) [homeassistant.core] Bus:Handling <Event service_registered[L]: domain=lock, service=open>
2025-08-06 13:14:49.470 INFO (MainThread) [homeassistant.setup] Setup of domain lock took 0.03 seconds
2025-08-06 13:14:49.470 DEBUG (MainThread) [homeassistant.core] Bus:Handling <Event component_loaded[L]: component=lock>
2025-08-06 13:14:49.472 INFO (MainThread) [homeassistant.setup] Setting up valve
2025-08-06 13:14:49.472 DEBUG (MainThread) [homeassistant.core] Bus:Handling <Event service_registered[L]: domain=valve, service=open_valve>
2025-08-06 13:14:49.472 DEBUG (MainThread) [homeassistant.core] Bus:Handling <Event service_registered[L]: domain=valve, service=close_valve>
2025-08-06 13:14:49.473 DEBUG (MainThread) [homeassistant.core] Bus:Handling <Event service_registered[L]: domain=valve, service=set_valve_position>
2025-08-06 13:14:49.473 DEBUG (MainThread) [homeassistant.core] Bus:Handling <Event service_registered[L]: domain=valve, service=stop_valve>
2025-08-06 13:14:49.473 DEBUG (MainThread) [homeassistant.core] Bus:Handling <Event service_registered[L]: domain=valve, service=toggle>
2025-08-06 13:14:49.486 INFO (MainThread) [homeassistant.setup] Setup of domain valve took 0.01 seconds
2025-08-06 13:14:49.486 DEBUG (MainThread) [homeassistant.core] Bus:Handling <Event component_loaded[L]: component=valve>
2025-08-06 13:14:49.488 INFO (MainThread) [homeassistant.setup] Setting up water_heater
2025-08-06 13:14:49.488 DEBUG (MainThread) [homeassistant.core] Bus:Handling <Event service_registered[L]: domain=water_heater, service=turn_on>
2025-08-06 13:14:49.489 DEBUG (MainThread) [homeassistant.core] Bus:Handling <Event service_registered[L]: domain=water_heater, service=turn_off>
2025-08-06 13:14:49.492 DEBUG (MainThread) [homeassistant.core] Bus:Handling <Event service_registered[L]: domain=water_heater, service=set_away_mode>
2025-08-06 13:14:49.494 DEBUG (MainThread) [homeassistant.core] Bus:Handling <Event service_registered[L]: domain=water_heater, service=set_temperature>
2025-08-06 13:14:49.496 DEBUG (MainThread) [homeassistant.core] Bus:Handling <Event service_registered[L]: domain=water_heater, service=set_operation_mode>
2025-08-06 13:14:49.504 INFO (MainThread) [homeassistant.setup] Setup of domain water_heater took 0.02 seconds
2025-08-06 13:14:49.504 DEBUG (MainThread) [homeassistant.core] Bus:Handling <Event component_loaded[L]: component=water_heater>
2025-08-06 13:14:49.560 INFO (MainThread) [homeassistant.components.binary_sensor] Setting up smartthings.binary_sensor
2025-08-06 13:14:49.573 DEBUG (MainThread) [homeassistant.core] Bus:Handling <Event state_changed[L]: entity_id=binary_sensor.naengjanggo_fridge_door, old_state=None, new_state=<state binary_sensor.naengjanggo_fridge_door=off; device_class=door, friendly_name=냉장고 Fridge door @ 2025-08-06T13:14:49.572191+09:00>>
2025-08-06 13:14:49.576 DEBUG (MainThread) [homeassistant.core] Bus:Handling <Event state_changed[L]: entity_id=binary_sensor.naengjanggo_freezer_door, old_state=None, new_state=<state binary_sensor.naengjanggo_freezer_door=off; device_class=door, friendly_name=냉장고 Freezer door @ 2025-08-06T13:14:49.576089+09:00>>
2025-08-06 13:14:49.637 DEBUG (MainThread) [homeassistant.core] Bus:Handling <Event state_changed[L]: entity_id=binary_sensor.naengjanggo_coolselect_door, old_state=None, new_state=<state binary_sensor.naengjanggo_coolselect_door=off; device_class=door, friendly_name=냉장고 CoolSelect+ door @ 2025-08-06T13:14:49.636700+09:00>>
2025-08-06 13:14:49.644 INFO (MainThread) [homeassistant.components.button] Setting up smartthings.button
2025-08-06 13:14:49.666 INFO (MainThread) [homeassistant.components.climate] Setting up smartthings.climate
2025-08-06 13:14:49.680 DEBUG (MainThread) [homeassistant.core] Bus:Handling <Event state_changed[L]: entity_id=climate.geosil_eeokeon, old_state=None, new_state=<state climate.geosil_eeokeon=cool; hvac_modes=[<HVACMode.OFF: 'off'>, <HVACMode.COOL: 'cool'>, <HVACMode.DRY: 'dry'>, <HVACMode.FAN_ONLY: 'fan_only'>], min_temp=7, max_temp=35, fan_modes=['auto', '1', '2', '3', '4', '5'], preset_modes=['windFree'], swing_modes=['off', 'horizontal'], current_temperature=23, temperature=18, fan_mode=5, preset_mode=None, swing_mode=horizontal, drlc_status_duration=0, drlc_status_start=1970-01-01T00:00:00Z, drlc_status_override=False, drlc_status_level=0, friendly_name=거실 에어컨, supported_features=441 @ 2025-08-06T13:14:49.672952+09:00>>
2025-08-06 13:14:49.685 INFO (MainThread) [homeassistant.components.cover] Setting up smartthings.cover
2025-08-06 13:14:49.689 INFO (MainThread) [homeassistant.components.event] Setting up smartthings.event
2025-08-06 13:14:49.699 INFO (MainThread) [homeassistant.components.fan] Setting up smartthings.fan
2025-08-06 13:14:49.699 INFO (MainThread) [homeassistant.components.light] Setting up smartthings.light
2025-08-06 13:14:49.703 INFO (MainThread) [homeassistant.components.lock] Setting up smartthings.lock
2025-08-06 13:14:49.704 INFO (MainThread) [homeassistant.components.media_player] Setting up smartthings.media_player
2025-08-06 13:14:49.707 INFO (MainThread) [homeassistant.components.number] Setting up smartthings.number
2025-08-06 13:14:49.709 DEBUG (MainThread) [homeassistant.core] Bus:Handling <Event state_changed[L]: entity_id=number.naengjanggo_fridge_temperature, old_state=None, new_state=<state number.naengjanggo_fridge_temperature=3; min=0, max=5, step=1, mode=auto, unit_of_measurement=°C, device_class=temperature, friendly_name=냉장고 Fridge temperature @ 2025-08-06T13:14:49.708717+09:00>>
2025-08-06 13:14:49.709 DEBUG (MainThread) [homeassistant.core] Bus:Handling <Event state_changed[L]: entity_id=number.naengjanggo_freezer_temperature, old_state=None, new_state=<state number.naengjanggo_freezer_temperature=-20; min=-23, max=-17, step=1, mode=auto, unit_of_measurement=°C, device_class=temperature, friendly_name=냉장고 Freezer temperature @ 2025-08-06T13:14:49.709476+09:00>>
2025-08-06 13:14:49.715 INFO (MainThread) [homeassistant.components.scene] Setting up smartthings.scene
2025-08-06 13:14:49.717 INFO (MainThread) [homeassistant.components.select] Setting up smartthings.select
2025-08-06 13:14:49.717 INFO (MainThread) [homeassistant.components.sensor] Setting up smartthings.sensor
2025-08-06 13:14:49.719 DEBUG (MainThread) [homeassistant.core] Bus:Handling <Event state_changed[L]: entity_id=sensor.geosil_eeokeon_volume, old_state=None, new_state=<state sensor.geosil_eeokeon_volume=100; unit_of_measurement=%, friendly_name=거실 에어컨 Volume @ 2025-08-06T13:14:49.718650+09:00>>
2025-08-06 13:14:49.723 DEBUG (MainThread) [homeassistant.core] Bus:Handling <Event state_changed[L]: entity_id=sensor.geosil_eeokeon_energy, old_state=None, new_state=<state sensor.geosil_eeokeon_energy=160.087; state_class=total_increasing, unit_of_measurement=kWh, device_class=energy, friendly_name=거실 에어컨 에너지 @ 2025-08-06T13:14:49.720600+09:00>>
2025-08-06 13:14:49.726 DEBUG (MainThread) [homeassistant.core] Bus:Handling <Event state_changed[L]: entity_id=sensor.geosil_eeokeon_power, old_state=None, new_state=<state sensor.geosil_eeokeon_power=725.0; state_class=measurement, power_consumption_start=2025-08-06T04:09:18Z, power_consumption_end=2025-08-06T04:12:05Z, unit_of_measurement=W, device_class=power, friendly_name=거실 에어컨 전원 @ 2025-08-06T13:14:49.724422+09:00>>
2025-08-06 13:14:49.727 DEBUG (MainThread) [homeassistant.core] Bus:Handling <Event state_changed[L]: entity_id=sensor.geosil_eeokeon_energy_difference, old_state=None, new_state=<state sensor.geosil_eeokeon_energy_difference=0.024; state_class=total, unit_of_measurement=kWh, device_class=energy, friendly_name=거실 에어컨 Energy difference @ 2025-08-06T13:14:49.727607+09:00>>
2025-08-06 13:14:49.729 DEBUG (MainThread) [homeassistant.core] Bus:Handling <Event state_changed[L]: entity_id=sensor.geosil_eeokeon_power_energy, old_state=None, new_state=<state sensor.geosil_eeokeon_power_energy=0.0343620108095143; state_class=total, unit_of_measurement=kWh, device_class=energy, friendly_name=거실 에어컨 전력 에너지 @ 2025-08-06T13:14:49.729455+09:00>>
2025-08-06 13:14:49.731 DEBUG (MainThread) [homeassistant.core] Bus:Handling <Event state_changed[L]: entity_id=sensor.geosil_eeokeon_energy_saved, old_state=None, new_state=<state sensor.geosil_eeokeon_energy_saved=0.0; state_class=total_increasing, unit_of_measurement=kWh, device_class=energy, friendly_name=거실 에어컨 Energy saved @ 2025-08-06T13:14:49.730738+09:00>>
2025-08-06 13:14:49.732 DEBUG (MainThread) [homeassistant.core] Bus:Handling <Event state_changed[L]: entity_id=sensor.geosil_eeokeon_humidity, old_state=None, new_state=<state sensor.geosil_eeokeon_humidity=65; state_class=measurement, unit_of_measurement=%, device_class=humidity, friendly_name=거실 에어컨 습도 @ 2025-08-06T13:14:49.732054+09:00>>
2025-08-06 13:14:49.733 DEBUG (MainThread) [homeassistant.core] Bus:Handling <Event state_changed[L]: entity_id=sensor.geosil_eeokeon_temperature, old_state=None, new_state=<state sensor.geosil_eeokeon_temperature=23; state_class=measurement, unit_of_measurement=°C, device_class=temperature, friendly_name=거실 에어컨 온도 @ 2025-08-06T13:14:49.733293+09:00>>
2025-08-06 13:14:49.735 DEBUG (MainThread) [homeassistant.core] Bus:Handling <Event state_changed[L]: entity_id=sensor.naengjanggo_energy, old_state=None, new_state=<state sensor.naengjanggo_energy=2997.922; state_class=total_increasing, unit_of_measurement=kWh, device_class=energy, friendly_name=냉장고 에너지 @ 2025-08-06T13:14:49.734882+09:00>>
2025-08-06 13:14:49.736 DEBUG (MainThread) [homeassistant.core] Bus:Handling <Event state_changed[L]: entity_id=sensor.naengjanggo_power, old_state=None, new_state=<state sensor.naengjanggo_power=2935; state_class=measurement, power_consumption_start=2025-08-06T03:48:25Z, power_consumption_end=2025-08-06T04:03:24Z, unit_of_measurement=W, device_class=power, friendly_name=냉장고 전원 @ 2025-08-06T13:14:49.735852+09:00>>
2025-08-06 13:14:49.737 DEBUG (MainThread) [homeassistant.core] Bus:Handling <Event state_changed[L]: entity_id=sensor.naengjanggo_energy_difference, old_state=None, new_state=<state sensor.naengjanggo_energy_difference=0.05; state_class=total, unit_of_measurement=kWh, device_class=energy, friendly_name=냉장고 Energy difference @ 2025-08-06T13:14:49.736881+09:00>>
2025-08-06 13:14:49.738 DEBUG (MainThread) [homeassistant.core] Bus:Handling <Event state_changed[L]: entity_id=sensor.naengjanggo_power_energy, old_state=None, new_state=<state sensor.naengjanggo_power_energy=0.165841562228203; state_class=total, unit_of_measurement=kWh, device_class=energy, friendly_name=냉장고 전력 에너지 @ 2025-08-06T13:14:49.737973+09:00>>
2025-08-06 13:14:49.739 DEBUG (MainThread) [homeassistant.core] Bus:Handling <Event state_changed[L]: entity_id=sensor.naengjanggo_energy_saved, old_state=None, new_state=<state sensor.naengjanggo_energy_saved=0.0; state_class=total_increasing, unit_of_measurement=kWh, device_class=energy, friendly_name=냉장고 Energy saved @ 2025-08-06T13:14:49.739146+09:00>>
2025-08-06 13:14:49.740 DEBUG (MainThread) [homeassistant.core] Bus:Handling <Event state_changed[L]: entity_id=sensor.naengjanggo_fridge_temperature, old_state=None, new_state=<state sensor.naengjanggo_fridge_temperature=3; state_class=measurement, unit_of_measurement=°C, device_class=temperature, friendly_name=냉장고 Fridge temperature @ 2025-08-06T13:14:49.740293+09:00>>
2025-08-06 13:14:49.741 DEBUG (MainThread) [homeassistant.core] Bus:Handling <Event state_changed[L]: entity_id=sensor.naengjanggo_freezer_temperature, old_state=None, new_state=<state sensor.naengjanggo_freezer_temperature=-20; state_class=measurement, unit_of_measurement=°C, device_class=temperature, friendly_name=냉장고 Freezer temperature @ 2025-08-06T13:14:49.741482+09:00>>
2025-08-06 13:14:49.754 INFO (MainThread) [homeassistant.components.switch] Setting up smartthings.switch
2025-08-06 13:14:49.755 DEBUG (MainThread) [homeassistant.core] Bus:Handling <Event state_changed[L]: entity_id=switch.naengjanggo_power_cool, old_state=None, new_state=<state switch.naengjanggo_power_cool=off; friendly_name=냉장고 Power cool @ 2025-08-06T13:14:49.755279+09:00>>
2025-08-06 13:14:49.774 DEBUG (MainThread) [homeassistant.core] Bus:Handling <Event state_changed[L]: entity_id=switch.naengjanggo_power_freeze, old_state=None, new_state=<state switch.naengjanggo_power_freeze=off; friendly_name=냉장고 Power freeze @ 2025-08-06T13:14:49.758094+09:00>>
2025-08-06 13:14:49.783 INFO (MainThread) [homeassistant.components.update] Setting up smartthings.update
2025-08-06 13:14:49.814 INFO (MainThread) [homeassistant.components.valve] Setting up smartthings.valve
2025-08-06 13:14:49.824 INFO (MainThread) [homeassistant.components.water_heater] Setting up smartthings.water_heater
2025-08-06 13:14:49.839 DEBUG (MainThread) [homeassistant.core] Bus:Handling <Event component_loaded[L]: component=smartthings>
2025-08-06 13:14:49.843 INFO (MainThread) [homeassistant.bootstrap] Home Assistant initialized in 18.18s
2025-08-06 13:14:49.843 INFO (MainThread) [homeassistant.core] Starting Home Assistant
2025-08-06 13:14:49.843 DEBUG (MainThread) [homeassistant.core] Bus:Handling <Event core_config_updated[L]>
2025-08-06 13:14:49.844 DEBUG (MainThread) [homeassistant.core] Bus:Handling <Event homeassistant_start[L]>
2025-08-06 13:14:49.844 DEBUG (MainThread) [homeassistant.core] Bus:Handling <Event state_changed[L]: entity_id=media_player.geosil_2, old_state=None, new_state=<state media_player.geosil_2=unavailable; restored=True, friendly_name=크롬캐스트, supported_features=131968 @ 2025-08-06T13:14:49.844524+09:00>>
2025-08-06 13:14:49.862 DEBUG (MainThread) [homeassistant.core] Bus:Handling <Event state_changed[L]: entity_id=person.gimjungyo, old_state=<state person.gimjungyo=home; editable=True, id=gimjungyo, device_trackers=['device_tracker.gimjungyoyi_iphone', 'device_tracker.gimjungyoyi_ipad'], latitude=37.50205526530521, longitude=126.95938130662636, gps_accuracy=14, source=person.gimjungyo, user_id=acdae19039da4fd6a1a78cbe5403a220, friendly_name=김준교 @ 2025-08-06T13:14:40.343497+09:00>, new_state=<state person.gimjungyo=home; editable=True, id=gimjungyo, device_trackers=['device_tracker.gimjungyoyi_iphone', 'device_tracker.gimjungyoyi_ipad'], latitude=37.50205526530521, longitude=126.95938130662636, gps_accuracy=14, source=device_tracker.gimjungyoyi_ipad, user_id=acdae19039da4fd6a1a78cbe5403a220, friendly_name=김준교 @ 2025-08-06T13:14:40.343497+09:00>>
2025-08-06 13:14:49.863 INFO (MainThread) [custom_components.hacs] Stage changed: startup
2025-08-06 13:14:49.869 INFO (MainThread) [custom_components.hacs] Loading removed repositories
2025-08-06 13:14:49.886 DEBUG (MainThread) [homeassistant.core] Bus:Handling <Event state_changed[L]: entity_id=binary_sensor.zigbee2mqtt_bridge_connection_state, old_state=<state binary_sensor.zigbee2mqtt_bridge_connection_state=unknown; device_class=connectivity, friendly_name=Zigbee2MQTT Bridge Connection state @ 2025-08-06T13:14:48.880436+09:00>, new_state=<state binary_sensor.zigbee2mqtt_bridge_connection_state=on; device_class=connectivity, friendly_name=Zigbee2MQTT Bridge Connection state @ 2025-08-06T13:14:49.886574+09:00>>
2025-08-06 13:14:49.887 DEBUG (MainThread) [homeassistant.core] Bus:Handling <Event state_changed[L]: entity_id=sensor.0xa4c13857052a9c52_temperature, old_state=<state sensor.0xa4c13857052a9c52_temperature=unavailable; state_class=measurement, unit_of_measurement=°C, device_class=temperature, friendly_name=안방 온습도 센서 온도 @ 2025-08-06T13:14:49.178048+09:00>, new_state=<state sensor.0xa4c13857052a9c52_temperature=unknown; state_class=measurement, unit_of_measurement=°C, device_class=temperature, friendly_name=안방 온습도 센서 온도 @ 2025-08-06T13:14:49.887221+09:00>>
2025-08-06 13:14:49.887 DEBUG (MainThread) [homeassistant.core] Bus:Handling <Event state_changed[L]: entity_id=sensor.zigbee2mqtt_bridge_version, old_state=<state sensor.zigbee2mqtt_bridge_version=unavailable; icon=mdi:zigbee, friendly_name=Zigbee2MQTT Bridge Version @ 2025-08-06T13:14:49.132292+09:00>, new_state=<state sensor.zigbee2mqtt_bridge_version=unknown; icon=mdi:zigbee, friendly_name=Zigbee2MQTT Bridge Version @ 2025-08-06T13:14:49.887461+09:00>>
2025-08-06 13:14:49.887 DEBUG (MainThread) [homeassistant.core] Bus:Handling <Event state_changed[L]: entity_id=button.zigbee2mqtt_bridge_restart, old_state=<state button.zigbee2mqtt_bridge_restart=unavailable; device_class=restart, friendly_name=Zigbee2MQTT Bridge Restart @ 2025-08-06T13:14:48.901964+09:00>, new_state=<state button.zigbee2mqtt_bridge_restart=unknown; device_class=restart, friendly_name=Zigbee2MQTT Bridge Restart @ 2025-08-06T13:14:49.887749+09:00>>
2025-08-06 13:14:49.888 DEBUG (MainThread) [homeassistant.core] Bus:Handling <Event state_changed[L]: entity_id=sensor.geosil_beoteun1_battery, old_state=<state sensor.geosil_beoteun1_battery=unavailable; state_class=measurement, unit_of_measurement=%, device_class=battery, friendly_name=거실 버튼1 배터리 @ 2025-08-06T13:14:49.155238+09:00>, new_state=<state sensor.geosil_beoteun1_battery=unknown; state_class=measurement, unit_of_measurement=%, device_class=battery, friendly_name=거실 버튼1 배터리 @ 2025-08-06T13:14:49.888011+09:00>>
2025-08-06 13:14:49.888 DEBUG (MainThread) [homeassistant.core] Bus:Handling <Event state_changed[L]: entity_id=select.geosil_beoteun1_operation_mode, old_state=<state select.geosil_beoteun1_operation_mode=unavailable; options=['command', 'event'], icon=mdi:tune, friendly_name=거실 버튼1 Operation mode @ 2025-08-06T13:14:49.107802+09:00>, new_state=<state select.geosil_beoteun1_operation_mode=unknown; options=['command', 'event'], icon=mdi:tune, friendly_name=거실 버튼1 Operation mode @ 2025-08-06T13:14:49.888276+09:00>>
2025-08-06 13:14:49.888 DEBUG (MainThread) [homeassistant.core] Bus:Handling <Event state_changed[L]: entity_id=sensor.0xa4c13857052a9c52_humidity, old_state=<state sensor.0xa4c13857052a9c52_humidity=unavailable; state_class=measurement, unit_of_measurement=%, device_class=humidity, friendly_name=안방 온습도 센서 습도 @ 2025-08-06T13:14:49.200364+09:00>, new_state=<state sensor.0xa4c13857052a9c52_humidity=unknown; state_class=measurement, unit_of_measurement=%, device_class=humidity, friendly_name=안방 온습도 센서 습도 @ 2025-08-06T13:14:49.888496+09:00>>
2025-08-06 13:14:49.888 DEBUG (MainThread) [homeassistant.core] Bus:Handling <Event state_changed[L]: entity_id=sensor.0xa4c13857052a9c52_voltage, old_state=<state sensor.0xa4c13857052a9c52_voltage=unavailable; state_class=measurement, unit_of_measurement=mV, device_class=voltage, friendly_name=안방 온습도 센서 전압 @ 2025-08-06T13:14:49.207556+09:00>, new_state=<state sensor.0xa4c13857052a9c52_voltage=unknown; state_class=measurement, unit_of_measurement=mV, device_class=voltage, friendly_name=안방 온습도 센서 전압 @ 2025-08-06T13:14:49.888805+09:00>>
2025-08-06 13:14:49.889 DEBUG (MainThread) [homeassistant.core] Bus:Handling <Event state_changed[L]: entity_id=sensor.0xa4c13857052a9c52_battery, old_state=<state sensor.0xa4c13857052a9c52_battery=unavailable; state_class=measurement, unit_of_measurement=%, device_class=battery, friendly_name=안방 온습도 센서 배터리 @ 2025-08-06T13:14:49.169367+09:00>, new_state=<state sensor.0xa4c13857052a9c52_battery=unknown; state_class=measurement, unit_of_measurement=%, device_class=battery, friendly_name=안방 온습도 센서 배터리 @ 2025-08-06T13:14:49.889084+09:00>>
2025-08-06 13:14:49.889 DEBUG (MainThread) [homeassistant.core] Bus:Handling <Event state_changed[L]: entity_id=switch.zigbee2mqtt_bridge_permit_join, old_state=<state switch.zigbee2mqtt_bridge_permit_join=unavailable; icon=mdi:human-greeting-proximity, friendly_name=Zigbee2MQTT Bridge Permit join @ 2025-08-06T13:14:49.243077+09:00>, new_state=<state switch.zigbee2mqtt_bridge_permit_join=unknown; icon=mdi:human-greeting-proximity, friendly_name=Zigbee2MQTT Bridge Permit join @ 2025-08-06T13:14:49.889336+09:00>>
2025-08-06 13:14:49.889 DEBUG (MainThread) [homeassistant.core] Bus:Handling <Event state_changed[L]: entity_id=select.zigbee2mqtt_bridge_log_level, old_state=<state select.zigbee2mqtt_bridge_log_level=unavailable; options=['error', 'warning', 'info', 'debug'], friendly_name=Zigbee2MQTT Bridge Log level @ 2025-08-06T13:14:49.092906+09:00>, new_state=<state select.zigbee2mqtt_bridge_log_level=unknown; options=['error', 'warning', 'info', 'debug'], friendly_name=Zigbee2MQTT Bridge Log level @ 2025-08-06T13:14:49.889556+09:00>>
2025-08-06 13:14:49.904 DEBUG (MainThread) [homeassistant.core] Bus:Handling <Event state_changed[L]: entity_id=select.zigbee2mqtt_bridge_log_level, old_state=<state select.zigbee2mqtt_bridge_log_level=unknown; options=['error', 'warning', 'info', 'debug'], friendly_name=Zigbee2MQTT Bridge Log level @ 2025-08-06T13:14:49.889556+09:00>, new_state=<state select.zigbee2mqtt_bridge_log_level=info; options=['error', 'warning', 'info', 'debug'], friendly_name=Zigbee2MQTT Bridge Log level @ 2025-08-06T13:14:49.896926+09:00>>
2025-08-06 13:14:49.906 DEBUG (MainThread) [homeassistant.core] Bus:Handling <Event state_changed[L]: entity_id=sensor.zigbee2mqtt_bridge_version, old_state=<state sensor.zigbee2mqtt_bridge_version=unknown; icon=mdi:zigbee, friendly_name=Zigbee2MQTT Bridge Version @ 2025-08-06T13:14:49.887461+09:00>, new_state=<state sensor.zigbee2mqtt_bridge_version=2.6.0; icon=mdi:zigbee, friendly_name=Zigbee2MQTT Bridge Version @ 2025-08-06T13:14:49.905967+09:00>>
2025-08-06 13:14:49.907 DEBUG (MainThread) [homeassistant.core] Bus:Handling <Event state_changed[L]: entity_id=switch.zigbee2mqtt_bridge_permit_join, old_state=<state switch.zigbee2mqtt_bridge_permit_join=unknown; icon=mdi:human-greeting-proximity, friendly_name=Zigbee2MQTT Bridge Permit join @ 2025-08-06T13:14:49.889336+09:00>, new_state=<state switch.zigbee2mqtt_bridge_permit_join=off; icon=mdi:human-greeting-proximity, friendly_name=Zigbee2MQTT Bridge Permit join @ 2025-08-06T13:14:49.906899+09:00>>
2025-08-06 13:14:49.916 DEBUG (MainThread) [homeassistant.core] Bus:Handling <Event state_changed[L]: entity_id=sensor.tasmota_restart_reason, old_state=<state sensor.tasmota_restart_reason=unavailable; icon=mdi:information-outline, friendly_name=Tasmota Restart Reason @ 2025-08-06T13:14:49.370569+09:00>, new_state=<state sensor.tasmota_restart_reason=unknown; icon=mdi:information-outline, friendly_name=Tasmota Restart Reason @ 2025-08-06T13:14:49.916019+09:00>>
2025-08-06 13:14:49.920 DEBUG (MainThread) [homeassistant.core] Bus:Handling <Event state_changed[L]: entity_id=sensor.tasmota_wifi_connect_count, old_state=<state sensor.tasmota_wifi_connect_count=unavailable; icon=mdi:counter, friendly_name=Tasmota WiFi Connect Count @ 2025-08-06T13:14:49.361171+09:00>, new_state=<state sensor.tasmota_wifi_connect_count=unknown; icon=mdi:counter, friendly_name=Tasmota WiFi Connect Count @ 2025-08-06T13:14:49.919793+09:00>>
2025-08-06 13:14:49.920 DEBUG (MainThread) [homeassistant.core] Bus:Handling <Event state_changed[L]: entity_id=sensor.tasmota_ssid, old_state=<state sensor.tasmota_ssid=unavailable; icon=mdi:access-point-network, friendly_name=Tasmota SSID @ 2025-08-06T13:14:49.380197+09:00>, new_state=<state sensor.tasmota_ssid=unknown; icon=mdi:access-point-network, friendly_name=Tasmota SSID @ 2025-08-06T13:14:49.920345+09:00>>
2025-08-06 13:14:49.926 DEBUG (MainThread) [homeassistant.core] Bus:Handling <Event state_changed[L]: entity_id=sensor.tasmota_mqtt_connect_count, old_state=<state sensor.tasmota_mqtt_connect_count=unavailable; icon=mdi:counter, friendly_name=Tasmota MQTT Connect Count @ 2025-08-06T13:14:49.364716+09:00>, new_state=<state sensor.tasmota_mqtt_connect_count=unknown; icon=mdi:counter, friendly_name=Tasmota MQTT Connect Count @ 2025-08-06T13:14:49.925548+09:00>>
2025-08-06 13:14:49.926 DEBUG (MainThread) [homeassistant.core] Bus:Handling <Event state_changed[L]: entity_id=sensor.tasmota_last_restart_time, old_state=<state sensor.tasmota_last_restart_time=unavailable; device_class=timestamp, friendly_name=Tasmota Last Restart Time @ 2025-08-06T13:14:49.357384+09:00>, new_state=<state sensor.tasmota_last_restart_time=unknown; device_class=timestamp, friendly_name=Tasmota Last Restart Time @ 2025-08-06T13:14:49.926526+09:00>>
2025-08-06 13:14:49.998 INFO (MainThread) [custom_components.hacs] Loading known repositories
2025-08-06 13:14:50.751 DEBUG (MainThread) [homeassistant.core] Bus:Handling <Event state_reported[L]: entity_id=update.hacs_update, old_last_reported=2025-08-06T13:14:48.049276+09:00, new_state=<state update.hacs_update=off; auto_update=False, display_precision=0, installed_version=2.0.5, in_progress=False, latest_version=2.0.5, release_summary=None, release_url=https://github.com/hacs/integration/releases/2.0.5, skipped_version=None, title=None, update_percentage=None, entity_picture=https://brands.home-assistant.io/_/hacs/icon.png, friendly_name=HACS update, supported_features=23 @ 2025-08-06T13:14:48.049276+09:00>>
2025-08-06 13:14:50.822 INFO (MainThread) [custom_components.hacs] Stage changed: running
2025-08-06 13:14:50.865 DEBUG (MainThread) [homeassistant.core] Bus:Handling <Event core_config_updated[L]>
2025-08-06 13:14:50.865 DEBUG (MainThread) [homeassistant.core] Bus:Handling <Event homeassistant_started[L]>
2025-08-06 13:14:50.872 INFO (SyncWorker_1) [homeassistant.loader] Loaded xiaomi_aqara from homeassistant.components.xiaomi_aqara
2025-08-06 13:14:50.875 DEBUG (MainThread) [homeassistant.core] Bus:Handling <Event state_changed[L]: entity_id=sensor.backup_backup_manager_state, old_state=<state sensor.backup_backup_manager_state=blocked; options=['idle', 'create_backup', 'blocked', 'receive_backup', 'restore_backup'], device_class=enum, friendly_name=Backup Backup Manager state @ 2025-08-06T13:14:38.932222+09:00>, new_state=<state sensor.backup_backup_manager_state=idle; options=['idle', 'create_backup', 'blocked', 'receive_backup', 'restore_backup'], device_class=enum, friendly_name=Backup Backup Manager state @ 2025-08-06T13:14:50.874986+09:00>>
2025-08-06 13:14:50.876 DEBUG (MainThread) [homeassistant.core] Bus:Handling <Event state_reported[L]: entity_id=sensor.backup_next_scheduled_automatic_backup, old_last_reported=2025-08-06T13:14:40.089235+09:00, new_state=<state sensor.backup_next_scheduled_automatic_backup=unknown; device_class=timestamp, friendly_name=Backup Next scheduled automatic backup @ 2025-08-06T13:14:38.935488+09:00>>
2025-08-06 13:14:50.876 DEBUG (MainThread) [homeassistant.core] Bus:Handling <Event state_reported[L]: entity_id=sensor.backup_last_successful_automatic_backup, old_last_reported=2025-08-06T13:14:40.089387+09:00, new_state=<state sensor.backup_last_successful_automatic_backup=unknown; device_class=timestamp, friendly_name=Backup Last successful automatic backup @ 2025-08-06T13:14:38.948390+09:00>>
2025-08-06 13:14:50.876 DEBUG (MainThread) [homeassistant.core] Bus:Handling <Event state_reported[L]: entity_id=sensor.backup_last_attempted_automatic_backup, old_last_reported=2025-08-06T13:14:40.089586+09:00, new_state=<state sensor.backup_last_attempted_automatic_backup=unknown; device_class=timestamp, friendly_name=Backup Last attempted automatic backup @ 2025-08-06T13:14:38.949381+09:00>>
2025-08-06 13:14:50.877 INFO (MainThread) [homeassistant.components.automation.geosil_beoteun_1_geosil_eeokeon_togeul] Initialized trigger 거실 버튼 1 -> 거실 에어컨 토글
2025-08-06 13:14:50.877 DEBUG (MainThread) [homeassistant.core] Bus:Handling <Event state_reported[L]: entity_id=automation.geosil_beoteun_1_geosil_eeokeon_togeul, old_last_reported=2025-08-06T13:14:43.447436+09:00, new_state=<state automation.geosil_beoteun_1_geosil_eeokeon_togeul=on; id=1754384697297, last_triggered=2025-08-05T22:36:31.754036+09:00, mode=single, current=0, friendly_name=거실 버튼 1 -> 거실 에어컨 토글 @ 2025-08-06T13:14:43.447436+09:00>>
2025-08-06 13:14:50.910 INFO (SyncWorker_0) [homeassistant.loader] Loaded synology_dsm from homeassistant.components.synology_dsm
2025-08-06 13:14:51.244 DEBUG (MainThread) [homeassistant.core] Bus:Handling <Event state_changed[L]: entity_id=sensor.tasmota_restart_reason, old_state=<state sensor.tasmota_restart_reason=unknown; icon=mdi:information-outline, friendly_name=Tasmota Restart Reason @ 2025-08-06T13:14:49.916019+09:00>, new_state=<state sensor.tasmota_restart_reason=Software reset CPU; icon=mdi:information-outline, friendly_name=Tasmota Restart Reason @ 2025-08-06T13:14:51.244636+09:00>>
2025-08-06 13:14:51.288 DEBUG (MainThread) [homeassistant.core] Bus:Handling <Event state_changed[L]: entity_id=sensor.tasmota_wifi_connect_count, old_state=<state sensor.tasmota_wifi_connect_count=unknown; icon=mdi:counter, friendly_name=Tasmota WiFi Connect Count @ 2025-08-06T13:14:49.919793+09:00>, new_state=<state sensor.tasmota_wifi_connect_count=19; icon=mdi:counter, friendly_name=Tasmota WiFi Connect Count @ 2025-08-06T13:14:51.288110+09:00>>
2025-08-06 13:14:51.288 DEBUG (MainThread) [homeassistant.core] Bus:Handling <Event state_changed[L]: entity_id=sensor.tasmota_mqtt_connect_count, old_state=<state sensor.tasmota_mqtt_connect_count=unknown; icon=mdi:counter, friendly_name=Tasmota MQTT Connect Count @ 2025-08-06T13:14:49.925548+09:00>, new_state=<state sensor.tasmota_mqtt_connect_count=22; icon=mdi:counter, friendly_name=Tasmota MQTT Connect Count @ 2025-08-06T13:14:51.288702+09:00>>
2025-08-06 13:14:51.289 DEBUG (MainThread) [homeassistant.core] Bus:Handling <Event state_changed[L]: entity_id=sensor.tasmota_last_restart_time, old_state=<state sensor.tasmota_last_restart_time=unknown; device_class=timestamp, friendly_name=Tasmota Last Restart Time @ 2025-08-06T13:14:49.926526+09:00>, new_state=<state sensor.tasmota_last_restart_time=2025-06-23T14:36:57+00:00; device_class=timestamp, friendly_name=Tasmota Last Restart Time @ 2025-08-06T13:14:51.289077+09:00>>
2025-08-06 13:14:51.289 DEBUG (MainThread) [homeassistant.core] Bus:Handling <Event state_changed[L]: entity_id=sensor.tasmota_ssid, old_state=<state sensor.tasmota_ssid=unknown; icon=mdi:access-point-network, friendly_name=Tasmota SSID @ 2025-08-06T13:14:49.920345+09:00>, new_state=<state sensor.tasmota_ssid=honami; icon=mdi:access-point-network, friendly_name=Tasmota SSID @ 2025-08-06T13:14:51.289371+09:00>>
2025-08-06 13:14:55.924 INFO (MainThread) [homeassistant.components.mqtt.client] MQTT client initialized, birth message sent
2025-08-06 13:14:57.987 DEBUG (MainThread) [homeassistant.core] Bus:Handling <Event state_changed[L]: entity_id=sensor.geosil_eeokeon_humidity, old_state=<state sensor.geosil_eeokeon_humidity=65; state_class=measurement, unit_of_measurement=%, device_class=humidity, friendly_name=거실 에어컨 습도 @ 2025-08-06T13:14:49.732054+09:00>, new_state=<state sensor.geosil_eeokeon_humidity=60; state_class=measurement, unit_of_measurement=%, device_class=humidity, friendly_name=거실 에어컨 습도 @ 2025-08-06T13:14:57.987318+09:00>>
2025-08-06 13:14:59.047 DEBUG (MainThread) [homeassistant.core] Bus:Handling <Event state_reported[L]: entity_id=sun.sun, old_last_reported=2025-08-06T13:14:44.040410+09:00, new_state=<state sun.sun=above_horizon; next_dawn=2025-08-06T20:12:19.937481+00:00, next_dusk=2025-08-06T11:04:07.962815+00:00, next_midnight=2025-08-06T15:37:59+00:00, next_noon=2025-08-07T03:37:59+00:00, next_rising=2025-08-06T20:41:22.994271+00:00, next_setting=2025-08-06T10:35:05.744028+00:00, elevation=67.63, azimuth=203.62, rising=False, friendly_name=Sun @ 2025-08-06T13:14:44.035206+09:00>>
2025-08-06 13:15:02.553 DEBUG (MainThread) [homeassistant.core] Bus:Handling <Event state_reported[L]: entity_id=fan.zhimi_airpurifier_m1, old_last_reported=2025-08-06T13:14:47.916394+09:00, new_state=<state fan.zhimi_airpurifier_m1=off; preset_modes=['Auto', 'Silent', 'Favorite', 'Idle'], preset_mode=None, extra_features=0, turbo_mode_supported=False, button_pressed=None, sleep_time=None, sleep_mode_learn_count=None, use_time=148003558, sleep_mode=None, friendly_name=공기청정기, supported_features=56 @ 2025-08-06T13:14:47.916394+09:00>>
2025-08-06 13:15:02.554 DEBUG (MainThread) [homeassistant.core] Bus:Handling <Event state_reported[L]: entity_id=number.zhimi_airpurifier_m1_favorite_level, old_last_reported=2025-08-06T13:14:47.938869+09:00, new_state=<state number.zhimi_airpurifier_m1_favorite_level=10; min=0, max=17, step=1, mode=auto, icon=mdi:star-cog, friendly_name=공기청정기 Favorite level @ 2025-08-06T13:14:47.938869+09:00>>
2025-08-06 13:15:02.554 DEBUG (MainThread) [homeassistant.core] Bus:Handling <Event state_reported[L]: entity_id=select.zhimi_airpurifier_m1_led_brightness, old_last_reported=2025-08-06T13:14:47.962032+09:00, new_state=<state select.zhimi_airpurifier_m1_led_brightness=bright; options=['bright', 'dim', 'off'], icon=mdi:brightness-6, friendly_name=공기청정기 Led Brightness @ 2025-08-06T13:14:47.962032+09:00>>
2025-08-06 13:15:02.557 DEBUG (MainThread) [homeassistant.core] Bus:Handling <Event state_reported[L]: entity_id=sensor.zhimi_airpurifier_m1_temperature, old_last_reported=2025-08-06T13:14:47.976501+09:00, new_state=<state sensor.zhimi_airpurifier_m1_temperature=26.1; state_class=measurement, unit_of_measurement=°C, device_class=temperature, friendly_name=온도 @ 2025-08-06T13:14:47.976501+09:00>>
2025-08-06 13:15:02.558 DEBUG (MainThread) [homeassistant.core] Bus:Handling <Event state_changed[L]: entity_id=sensor.zhimi_airpurifier_m1_humidity, old_state=<state sensor.zhimi_airpurifier_m1_humidity=57; state_class=measurement, unit_of_measurement=%, device_class=humidity, friendly_name=공기청정기 습도 @ 2025-08-06T13:14:47.986961+09:00>, new_state=<state sensor.zhimi_airpurifier_m1_humidity=58; state_class=measurement, unit_of_measurement=%, device_class=humidity, friendly_name=공기청정기 습도 @ 2025-08-06T13:15:02.557895+09:00>>
2025-08-06 13:15:02.558 DEBUG (MainThread) [homeassistant.core] Bus:Handling <Event state_reported[L]: entity_id=sensor.zhimi_airpurifier_m1_motor_speed, old_last_reported=2025-08-06T13:14:47.987427+09:00, new_state=<state sensor.zhimi_airpurifier_m1_motor_speed=0; state_class=measurement, unit_of_measurement=rpm, icon=mdi:fast-forward, friendly_name=공기청정기 Motor speed @ 2025-08-06T13:14:47.987427+09:00>>
2025-08-06 13:15:02.558 DEBUG (MainThread) [homeassistant.core] Bus:Handling <Event state_reported[L]: entity_id=sensor.zhimi_airpurifier_m1_pm2_5, old_last_reported=2025-08-06T13:14:47.988102+09:00, new_state=<state sensor.zhimi_airpurifier_m1_pm2_5=32; state_class=measurement, unit_of_measurement=µg/m³, device_class=pm25, friendly_name=공기청정기 PM2.5 @ 2025-08-06T13:14:47.988102+09:00>>
2025-08-06 13:15:02.559 DEBUG (MainThread) [homeassistant.core] Bus:Handling <Event state_reported[L]: entity_id=sensor.zhimi_airpurifier_m1_filter_life_remaining, old_last_reported=2025-08-06T13:14:47.988484+09:00, new_state=<state sensor.zhimi_airpurifier_m1_filter_life_remaining=0; state_class=measurement, unit_of_measurement=%, icon=mdi:air-filter, friendly_name=공기청정기 Filter life remaining @ 2025-08-06T13:14:47.988484+09:00>>
2025-08-06 13:15:02.559 DEBUG (MainThread) [homeassistant.core] Bus:Handling <Event state_reported[L]: entity_id=sensor.zhimi_airpurifier_m1_filter_use, old_last_reported=2025-08-06T13:14:47.989019+09:00, new_state=<state sensor.zhimi_airpurifier_m1_filter_use=3500; state_class=measurement, unit_of_measurement=h, device_class=duration, icon=mdi:clock-outline, friendly_name=공기청정기 Filter use @ 2025-08-06T13:14:47.989019+09:00>>
2025-08-06 13:15:02.559 DEBUG (MainThread) [homeassistant.core] Bus:Handling <Event state_reported[L]: entity_id=switch.zhimi_airpurifier_m1_buzzer, old_last_reported=2025-08-06T13:14:48.008732+09:00, new_state=<state switch.zhimi_airpurifier_m1_buzzer=off; icon=mdi:volume-high, friendly_name=공기청정기 Buzzer @ 2025-08-06T13:14:48.008732+09:00>>
2025-08-06 13:15:02.559 DEBUG (MainThread) [homeassistant.core] Bus:Handling <Event state_reported[L]: entity_id=switch.zhimi_airpurifier_m1_child_lock, old_last_reported=2025-08-06T13:14:48.010084+09:00, new_state=<state switch.zhimi_airpurifier_m1_child_lock=off; icon=mdi:lock, friendly_name=공기청정기 차일드 락 @ 2025-08-06T13:14:48.010084+09:00>>
2025-08-06 13:15:02.565 DEBUG (MainThread) [homeassistant.core] Bus:Handling <Event state_reported[L]: entity_id=switch.zhimi_airpurifier_m1_led, old_last_reported=2025-08-06T13:14:48.011089+09:00, new_state=<state switch.zhimi_airpurifier_m1_led=off; icon=mdi:led-outline, friendly_name=공기청정기 LED @ 2025-08-06T13:14:48.011089+09:00>>
2025-08-06 13:15:02.565 DEBUG (MainThread) [homeassistant.core] Bus:Handling <Event state_reported[L]: entity_id=switch.zhimi_airpurifier_m1_learn_mode, old_last_reported=2025-08-06T13:14:48.015987+09:00, new_state=<state switch.zhimi_airpurifier_m1_learn_mode=off; icon=mdi:school-outline, friendly_name=공기청정기 Learn mode @ 2025-08-06T13:14:48.015987+09:00>>
2025-08-06 13:15:10.507 DEBUG (MainThread) [homeassistant.core] Bus:Handling <Event recorder_5min_statistics_generated[L]>
2025-08-06 13:15:14.049 DEBUG (MainThread) [homeassistant.core] Bus:Handling <Event state_reported[L]: entity_id=sun.sun, old_last_reported=2025-08-06T13:14:59.047545+09:00, new_state=<state sun.sun=above_horizon; next_dawn=2025-08-06T20:12:19.937481+00:00, next_dusk=2025-08-06T11:04:07.962815+00:00, next_midnight=2025-08-06T15:37:59+00:00, next_noon=2025-08-07T03:37:59+00:00, next_rising=2025-08-06T20:41:22.994271+00:00, next_setting=2025-08-06T10:35:05.744028+00:00, elevation=67.63, azimuth=203.62, rising=False, friendly_name=Sun @ 2025-08-06T13:14:44.035206+09:00>>
2025-08-06 13:15:17.453 DEBUG (MainThread) [homeassistant.core] Bus:Handling <Event state_reported[L]: entity_id=binary_sensor.efm_networks_iptime_ax3000m_wan_status, old_last_reported=2025-08-06T13:14:48.031083+09:00, new_state=<state binary_sensor.efm_networks_iptime_ax3000m_wan_status=on; device_class=connectivity, friendly_name=EFM Networks ipTIME AX3000M WAN 상태 @ 2025-08-06T13:14:48.031083+09:00>>
2025-08-06 13:15:17.453 DEBUG (MainThread) [homeassistant.core] Bus:Handling <Event state_reported[L]: entity_id=sensor.efm_networks_iptime_ax3000m_external_ip, old_last_reported=2025-08-06T13:14:48.035416+09:00, new_state=<state sensor.efm_networks_iptime_ax3000m_external_ip=49.142.72.18; friendly_name=EFM Networks ipTIME AX3000M 외부 IP @ 2025-08-06T13:14:48.035416+09:00>>
2025-08-06 13:15:17.453 DEBUG (MainThread) [homeassistant.core] Bus:Handling <Event state_changed[L]: entity_id=sensor.efm_networks_iptime_ax3000m_download_speed, old_state=<state sensor.efm_networks_iptime_ax3000m_download_speed=unknown; state_class=measurement, unit_of_measurement=KiB/s, device_class=data_rate, friendly_name=EFM Networks ipTIME AX3000M 다운로드 속도 @ 2025-08-06T13:14:48.038405+09:00>, new_state=<state sensor.efm_networks_iptime_ax3000m_download_speed=1198.46809641563; state_class=measurement, unit_of_measurement=KiB/s, device_class=data_rate, friendly_name=EFM Networks ipTIME AX3000M 다운로드 속도 @ 2025-08-06T13:15:17.453840+09:00>>
2025-08-06 13:15:17.454 DEBUG (MainThread) [homeassistant.core] Bus:Handling <Event state_changed[L]: entity_id=sensor.efm_networks_iptime_ax3000m_upload_speed, old_state=<state sensor.efm_networks_iptime_ax3000m_upload_speed=unknown; state_class=measurement, unit_of_measurement=KiB/s, device_class=data_rate, friendly_name=EFM Networks ipTIME AX3000M 업로드 속도 @ 2025-08-06T13:14:48.042646+09:00>, new_state=<state sensor.efm_networks_iptime_ax3000m_upload_speed=17.5705370544378; state_class=measurement, unit_of_measurement=KiB/s, device_class=data_rate, friendly_name=EFM Networks ipTIME AX3000M 업로드 속도 @ 2025-08-06T13:15:17.454222+09:00>>
2025-08-06 13:15:17.560 DEBUG (MainThread) [homeassistant.core] Bus:Handling <Event state_reported[L]: entity_id=fan.zhimi_airpurifier_m1, old_last_reported=2025-08-06T13:15:02.553621+09:00, new_state=<state fan.zhimi_airpurifier_m1=off; preset_modes=['Auto', 'Silent', 'Favorite', 'Idle'], preset_mode=None, extra_features=0, turbo_mode_supported=False, button_pressed=None, sleep_time=None, sleep_mode_learn_count=None, use_time=148003558, sleep_mode=None, friendly_name=공기청정기, supported_features=56 @ 2025-08-06T13:14:47.916394+09:00>>
2025-08-06 13:15:17.561 DEBUG (MainThread) [homeassistant.core] Bus:Handling <Event state_reported[L]: entity_id=number.zhimi_airpurifier_m1_favorite_level, old_last_reported=2025-08-06T13:15:02.554277+09:00, new_state=<state number.zhimi_airpurifier_m1_favorite_level=10; min=0, max=17, step=1, mode=auto, icon=mdi:star-cog, friendly_name=공기청정기 Favorite level @ 2025-08-06T13:14:47.938869+09:00>>
2025-08-06 13:15:17.561 DEBUG (MainThread) [homeassistant.core] Bus:Handling <Event state_reported[L]: entity_id=select.zhimi_airpurifier_m1_led_brightness, old_last_reported=2025-08-06T13:15:02.554585+09:00, new_state=<state select.zhimi_airpurifier_m1_led_brightness=bright; options=['bright', 'dim', 'off'], icon=mdi:brightness-6, friendly_name=공기청정기 Led Brightness @ 2025-08-06T13:14:47.962032+09:00>>
2025-08-06 13:15:17.561 DEBUG (MainThread) [homeassistant.core] Bus:Handling <Event state_reported[L]: entity_id=sensor.zhimi_airpurifier_m1_temperature, old_last_reported=2025-08-06T13:15:02.554998+09:00, new_state=<state sensor.zhimi_airpurifier_m1_temperature=26.1; state_class=measurement, unit_of_measurement=°C, device_class=temperature, friendly_name=온도 @ 2025-08-06T13:14:47.976501+09:00>>
2025-08-06 13:15:17.561 DEBUG (MainThread) [homeassistant.core] Bus:Handling <Event state_changed[L]: entity_id=sensor.zhimi_airpurifier_m1_humidity, old_state=<state sensor.zhimi_airpurifier_m1_humidity=58; state_class=measurement, unit_of_measurement=%, device_class=humidity, friendly_name=공기청정기 습도 @ 2025-08-06T13:15:02.557895+09:00>, new_state=<state sensor.zhimi_airpurifier_m1_humidity=57; state_class=measurement, unit_of_measurement=%, device_class=humidity, friendly_name=공기청정기 습도 @ 2025-08-06T13:15:17.561826+09:00>>
2025-08-06 13:15:17.562 DEBUG (MainThread) [homeassistant.core] Bus:Handling <Event state_reported[L]: entity_id=sensor.zhimi_airpurifier_m1_motor_speed, old_last_reported=2025-08-06T13:15:02.558349+09:00, new_state=<state sensor.zhimi_airpurifier_m1_motor_speed=0; state_class=measurement, unit_of_measurement=rpm, icon=mdi:fast-forward, friendly_name=공기청정기 Motor speed @ 2025-08-06T13:14:47.987427+09:00>>
2025-08-06 13:15:17.562 DEBUG (MainThread) [homeassistant.core] Bus:Handling <Event state_changed[L]: entity_id=sensor.zhimi_airpurifier_m1_pm2_5, old_state=<state sensor.zhimi_airpurifier_m1_pm2_5=32; state_class=measurement, unit_of_measurement=µg/m³, device_class=pm25, friendly_name=공기청정기 PM2.5 @ 2025-08-06T13:14:47.988102+09:00>, new_state=<state sensor.zhimi_airpurifier_m1_pm2_5=30; state_class=measurement, unit_of_measurement=µg/m³, device_class=pm25, friendly_name=공기청정기 PM2.5 @ 2025-08-06T13:15:17.562441+09:00>>
2025-08-06 13:15:17.562 DEBUG (MainThread) [homeassistant.core] Bus:Handling <Event state_reported[L]: entity_id=sensor.zhimi_airpurifier_m1_filter_life_remaining, old_last_reported=2025-08-06T13:15:02.558975+09:00, new_state=<state sensor.zhimi_airpurifier_m1_filter_life_remaining=0; state_class=measurement, unit_of_measurement=%, icon=mdi:air-filter, friendly_name=공기청정기 Filter life remaining @ 2025-08-06T13:14:47.988484+09:00>>
2025-08-06 13:15:17.563 DEBUG (MainThread) [homeassistant.core] Bus:Handling <Event state_reported[L]: entity_id=sensor.zhimi_airpurifier_m1_filter_use, old_last_reported=2025-08-06T13:15:02.559175+09:00, new_state=<state sensor.zhimi_airpurifier_m1_filter_use=3500; state_class=measurement, unit_of_measurement=h, device_class=duration, icon=mdi:clock-outline, friendly_name=공기청정기 Filter use @ 2025-08-06T13:14:47.989019+09:00>>
2025-08-06 13:15:17.563 DEBUG (MainThread) [homeassistant.core] Bus:Handling <Event state_reported[L]: entity_id=switch.zhimi_airpurifier_m1_buzzer, old_last_reported=2025-08-06T13:15:02.559403+09:00, new_state=<state switch.zhimi_airpurifier_m1_buzzer=off; icon=mdi:volume-high, friendly_name=공기청정기 Buzzer @ 2025-08-06T13:14:48.008732+09:00>>
2025-08-06 13:15:17.563 DEBUG (MainThread) [homeassistant.core] Bus:Handling <Event state_reported[L]: entity_id=switch.zhimi_airpurifier_m1_child_lock, old_last_reported=2025-08-06T13:15:02.559572+09:00, new_state=<state switch.zhimi_airpurifier_m1_child_lock=off; icon=mdi:lock, friendly_name=공기청정기 차일드 락 @ 2025-08-06T13:14:48.010084+09:00>>
2025-08-06 13:15:17.563 DEBUG (MainThread) [homeassistant.core] Bus:Handling <Event state_reported[L]: entity_id=switch.zhimi_airpurifier_m1_led, old_last_reported=2025-08-06T13:15:02.559826+09:00, new_state=<state switch.zhimi_airpurifier_m1_led=off; icon=mdi:led-outline, friendly_name=공기청정기 LED @ 2025-08-06T13:14:48.011089+09:00>>
2025-08-06 13:15:17.563 DEBUG (MainThread) [homeassistant.core] Bus:Handling <Event state_reported[L]: entity_id=switch.zhimi_airpurifier_m1_learn_mode, old_last_reported=2025-08-06T13:15:02.565509+09:00, new_state=<state switch.zhimi_airpurifier_m1_learn_mode=off; icon=mdi:school-outline, friendly_name=공기청정기 Learn mode @ 2025-08-06T13:14:48.015987+09:00>>
2025-08-06 13:15:25.991 DEBUG (MainThread) [homeassistant.core] Bus:Handling <Event state_changed[L]: entity_id=select.geosil_beoteun1_operation_mode, old_state=<state select.geosil_beoteun1_operation_mode=unknown; options=['command', 'event'], icon=mdi:tune, friendly_name=거실 버튼1 Operation mode @ 2025-08-06T13:14:49.888276+09:00>, new_state=<state select.geosil_beoteun1_operation_mode=event; options=['command', 'event'], icon=mdi:tune, friendly_name=거실 버튼1 Operation mode @ 2025-08-06T13:15:25.991107+09:00>>
2025-08-06 13:15:26.011 DEBUG (MainThread) [homeassistant.core] Bus:Handling <Event state_changed[L]: entity_id=sensor.geosil_beoteun1_battery, old_state=<state sensor.geosil_beoteun1_battery=unknown; state_class=measurement, unit_of_measurement=%, device_class=battery, friendly_name=거실 버튼1 배터리 @ 2025-08-06T13:14:49.888011+09:00>, new_state=<state sensor.geosil_beoteun1_battery=100; state_class=measurement, unit_of_measurement=%, device_class=battery, friendly_name=거실 버튼1 배터리 @ 2025-08-06T13:15:26.011022+09:00>>
2025-08-06 13:15:26.040 DEBUG (MainThread) [homeassistant.core] Bus:Handling <Event state_changed[L]: entity_id=sensor.0xa4c13857052a9c52_temperature, old_state=<state sensor.0xa4c13857052a9c52_temperature=unknown; state_class=measurement, unit_of_measurement=°C, device_class=temperature, friendly_name=안방 온습도 센서 온도 @ 2025-08-06T13:14:49.887221+09:00>, new_state=<state sensor.0xa4c13857052a9c52_temperature=28.79; state_class=measurement, unit_of_measurement=°C, device_class=temperature, friendly_name=안방 온습도 센서 온도 @ 2025-08-06T13:15:26.040269+09:00>>
2025-08-06 13:15:26.041 DEBUG (MainThread) [homeassistant.core] Bus:Handling <Event state_changed[L]: entity_id=sensor.0xa4c13857052a9c52_battery, old_state=<state sensor.0xa4c13857052a9c52_battery=unknown; state_class=measurement, unit_of_measurement=%, device_class=battery, friendly_name=안방 온습도 센서 배터리 @ 2025-08-06T13:14:49.889084+09:00>, new_state=<state sensor.0xa4c13857052a9c52_battery=87; state_class=measurement, unit_of_measurement=%, device_class=battery, friendly_name=안방 온습도 센서 배터리 @ 2025-08-06T13:15:26.041152+09:00>>
2025-08-06 13:15:26.041 DEBUG (MainThread) [homeassistant.core] Bus:Handling <Event state_changed[L]: entity_id=sensor.0xa4c13857052a9c52_humidity, old_state=<state sensor.0xa4c13857052a9c52_humidity=unknown; state_class=measurement, unit_of_measurement=%, device_class=humidity, friendly_name=안방 온습도 센서 습도 @ 2025-08-06T13:14:49.888496+09:00>, new_state=<state sensor.0xa4c13857052a9c52_humidity=57.13; state_class=measurement, unit_of_measurement=%, device_class=humidity, friendly_name=안방 온습도 센서 습도 @ 2025-08-06T13:15:26.041426+09:00>>
2025-08-06 13:15:26.047 DEBUG (MainThread) [homeassistant.core] Bus:Handling <Event state_changed[L]: entity_id=sensor.0xa4c13857052a9c52_voltage, old_state=<state sensor.0xa4c13857052a9c52_voltage=unknown; state_class=measurement, unit_of_measurement=mV, device_class=voltage, friendly_name=안방 온습도 센서 전압 @ 2025-08-06T13:14:49.888805+09:00>, new_state=<state sensor.0xa4c13857052a9c52_voltage=2500; state_class=measurement, unit_of_measurement=mV, device_class=voltage, friendly_name=안방 온습도 센서 전압 @ 2025-08-06T13:15:26.044022+09:00>>
2025-08-06 13:15:29.050 DEBUG (MainThread) [homeassistant.core] Bus:Handling <Event state_reported[L]: entity_id=sun.sun, old_last_reported=2025-08-06T13:15:14.048737+09:00, new_state=<state sun.sun=above_horizon; next_dawn=2025-08-06T20:12:19.937481+00:00, next_dusk=2025-08-06T11:04:07.962815+00:00, next_midnight=2025-08-06T15:37:59+00:00, next_noon=2025-08-07T03:37:59+00:00, next_rising=2025-08-06T20:41:22.994271+00:00, next_setting=2025-08-06T10:35:05.744028+00:00, elevation=67.63, azimuth=203.62, rising=False, friendly_name=Sun @ 2025-08-06T13:14:44.035206+09:00>>
2025-08-06 13:15:32.546 DEBUG (MainThread) [homeassistant.core] Bus:Handling <Event state_reported[L]: entity_id=fan.zhimi_airpurifier_m1, old_last_reported=2025-08-06T13:15:17.560358+09:00, new_state=<state fan.zhimi_airpurifier_m1=off; preset_modes=['Auto', 'Silent', 'Favorite', 'Idle'], preset_mode=None, extra_features=0, turbo_mode_supported=False, button_pressed=None, sleep_time=None, sleep_mode_learn_count=None, use_time=148003558, sleep_mode=None, friendly_name=공기청정기, supported_features=56 @ 2025-08-06T13:14:47.916394+09:00>>
2025-08-06 13:15:32.547 DEBUG (MainThread) [homeassistant.core] Bus:Handling <Event state_reported[L]: entity_id=number.zhimi_airpurifier_m1_favorite_level, old_last_reported=2025-08-06T13:15:17.560932+09:00, new_state=<state number.zhimi_airpurifier_m1_favorite_level=10; min=0, max=17, step=1, mode=auto, icon=mdi:star-cog, friendly_name=공기청정기 Favorite level @ 2025-08-06T13:14:47.938869+09:00>>
2025-08-06 13:15:32.547 DEBUG (MainThread) [homeassistant.core] Bus:Handling <Event state_reported[L]: entity_id=select.zhimi_airpurifier_m1_led_brightness, old_last_reported=2025-08-06T13:15:17.561187+09:00, new_state=<state select.zhimi_airpurifier_m1_led_brightness=bright; options=['bright', 'dim', 'off'], icon=mdi:brightness-6, friendly_name=공기청정기 Led Brightness @ 2025-08-06T13:14:47.962032+09:00>>
2025-08-06 13:15:32.548 DEBUG (MainThread) [homeassistant.core] Bus:Handling <Event state_reported[L]: entity_id=sensor.zhimi_airpurifier_m1_temperature, old_last_reported=2025-08-06T13:15:17.561488+09:00, new_state=<state sensor.zhimi_airpurifier_m1_temperature=26.1; state_class=measurement, unit_of_measurement=°C, device_class=temperature, friendly_name=온도 @ 2025-08-06T13:14:47.976501+09:00>>
2025-08-06 13:15:32.549 DEBUG (MainThread) [homeassistant.core] Bus:Handling <Event state_reported[L]: entity_id=sensor.zhimi_airpurifier_m1_humidity, old_last_reported=2025-08-06T13:15:17.561826+09:00, new_state=<state sensor.zhimi_airpurifier_m1_humidity=57; state_class=measurement, unit_of_measurement=%, device_class=humidity, friendly_name=공기청정기 습도 @ 2025-08-06T13:15:17.561826+09:00>>
2025-08-06 13:15:32.549 DEBUG (MainThread) [homeassistant.core] Bus:Handling <Event state_reported[L]: entity_id=sensor.zhimi_airpurifier_m1_motor_speed, old_last_reported=2025-08-06T13:15:17.562207+09:00, new_state=<state sensor.zhimi_airpurifier_m1_motor_speed=0; state_class=measurement, unit_of_measurement=rpm, icon=mdi:fast-forward, friendly_name=공기청정기 Motor speed @ 2025-08-06T13:14:47.987427+09:00>>
2025-08-06 13:15:32.549 DEBUG (MainThread) [homeassistant.core] Bus:Handling <Event state_reported[L]: entity_id=sensor.zhimi_airpurifier_m1_pm2_5, old_last_reported=2025-08-06T13:15:17.562441+09:00, new_state=<state sensor.zhimi_airpurifier_m1_pm2_5=30; state_class=measurement, unit_of_measurement=µg/m³, device_class=pm25, friendly_name=공기청정기 PM2.5 @ 2025-08-06T13:15:17.562441+09:00>>
2025-08-06 13:15:32.549 DEBUG (MainThread) [homeassistant.core] Bus:Handling <Event state_reported[L]: entity_id=sensor.zhimi_airpurifier_m1_filter_life_remaining, old_last_reported=2025-08-06T13:15:17.562793+09:00, new_state=<state sensor.zhimi_airpurifier_m1_filter_life_remaining=0; state_class=measurement, unit_of_measurement=%, icon=mdi:air-filter, friendly_name=공기청정기 Filter life remaining @ 2025-08-06T13:14:47.988484+09:00>>
2025-08-06 13:15:32.550 DEBUG (MainThread) [homeassistant.core] Bus:Handling <Event state_reported[L]: entity_id=sensor.zhimi_airpurifier_m1_filter_use, old_last_reported=2025-08-06T13:15:17.563022+09:00, new_state=<state sensor.zhimi_airpurifier_m1_filter_use=3500; state_class=measurement, unit_of_measurement=h, device_class=duration, icon=mdi:clock-outline, friendly_name=공기청정기 Filter use @ 2025-08-06T13:14:47.989019+09:00>>
2025-08-06 13:15:32.551 DEBUG (MainThread) [homeassistant.core] Bus:Handling <Event state_reported[L]: entity_id=switch.zhimi_airpurifier_m1_buzzer, old_last_reported=2025-08-06T13:15:17.563234+09:00, new_state=<state switch.zhimi_airpurifier_m1_buzzer=off; icon=mdi:volume-high, friendly_name=공기청정기 Buzzer @ 2025-08-06T13:14:48.008732+09:00>>
2025-08-06 13:15:32.551 DEBUG (MainThread) [homeassistant.core] Bus:Handling <Event state_reported[L]: entity_id=switch.zhimi_airpurifier_m1_child_lock, old_last_reported=2025-08-06T13:15:17.563422+09:00, new_state=<state switch.zhimi_airpurifier_m1_child_lock=off; icon=mdi:lock, friendly_name=공기청정기 차일드 락 @ 2025-08-06T13:14:48.010084+09:00>>
2025-08-06 13:15:32.552 DEBUG (MainThread) [homeassistant.core] Bus:Handling <Event state_reported[L]: entity_id=switch.zhimi_airpurifier_m1_led, old_last_reported=2025-08-06T13:15:17.563632+09:00, new_state=<state switch.zhimi_airpurifier_m1_led=off; icon=mdi:led-outline, friendly_name=공기청정기 LED @ 2025-08-06T13:14:48.011089+09:00>>
2025-08-06 13:15:32.552 DEBUG (MainThread) [homeassistant.core] Bus:Handling <Event state_reported[L]: entity_id=switch.zhimi_airpurifier_m1_learn_mode, old_last_reported=2025-08-06T13:15:17.563849+09:00, new_state=<state switch.zhimi_airpurifier_m1_learn_mode=off; icon=mdi:school-outline, friendly_name=공기청정기 Learn mode @ 2025-08-06T13:14:48.015987+09:00>>
2025-08-06 13:15:44.052 DEBUG (MainThread) [homeassistant.core] Bus:Handling <Event state_reported[L]: entity_id=sun.sun, old_last_reported=2025-08-06T13:15:29.050257+09:00, new_state=<state sun.sun=above_horizon; next_dawn=2025-08-06T20:12:19.937481+00:00, next_dusk=2025-08-06T11:04:07.962815+00:00, next_midnight=2025-08-06T15:37:59+00:00, next_noon=2025-08-07T03:37:59+00:00, next_rising=2025-08-06T20:41:22.994271+00:00, next_setting=2025-08-06T10:35:05.744028+00:00, elevation=67.63, azimuth=203.62, rising=False, friendly_name=Sun @ 2025-08-06T13:14:44.035206+09:00>>
2025-08-06 13:15:47.452 DEBUG (MainThread) [homeassistant.core] Bus:Handling <Event state_reported[L]: entity_id=binary_sensor.efm_networks_iptime_ax3000m_wan_status, old_last_reported=2025-08-06T13:15:17.453058+09:00, new_state=<state binary_sensor.efm_networks_iptime_ax3000m_wan_status=on; device_class=connectivity, friendly_name=EFM Networks ipTIME AX3000M WAN 상태 @ 2025-08-06T13:14:48.031083+09:00>>
2025-08-06 13:15:47.452 DEBUG (MainThread) [homeassistant.core] Bus:Handling <Event state_reported[L]: entity_id=sensor.efm_networks_iptime_ax3000m_external_ip, old_last_reported=2025-08-06T13:15:17.453542+09:00, new_state=<state sensor.efm_networks_iptime_ax3000m_external_ip=49.142.72.18; friendly_name=EFM Networks ipTIME AX3000M 외부 IP @ 2025-08-06T13:14:48.035416+09:00>>
2025-08-06 13:15:47.452 DEBUG (MainThread) [homeassistant.core] Bus:Handling <Event state_changed[L]: entity_id=sensor.efm_networks_iptime_ax3000m_download_speed, old_state=<state sensor.efm_networks_iptime_ax3000m_download_speed=1198.46809641563; state_class=measurement, unit_of_measurement=KiB/s, device_class=data_rate, friendly_name=EFM Networks ipTIME AX3000M 다운로드 속도 @ 2025-08-06T13:15:17.453840+09:00>, new_state=<state sensor.efm_networks_iptime_ax3000m_download_speed=95.2061269095869; state_class=measurement, unit_of_measurement=KiB/s, device_class=data_rate, friendly_name=EFM Networks ipTIME AX3000M 다운로드 속도 @ 2025-08-06T13:15:47.452498+09:00>>
2025-08-06 13:15:47.452 DEBUG (MainThread) [homeassistant.core] Bus:Handling <Event state_changed[L]: entity_id=sensor.efm_networks_iptime_ax3000m_upload_speed, old_state=<state sensor.efm_networks_iptime_ax3000m_upload_speed=17.5705370544378; state_class=measurement, unit_of_measurement=KiB/s, device_class=data_rate, friendly_name=EFM Networks ipTIME AX3000M 업로드 속도 @ 2025-08-06T13:15:17.454222+09:00>, new_state=<state sensor.efm_networks_iptime_ax3000m_upload_speed=20.3450778543426; state_class=measurement, unit_of_measurement=KiB/s, device_class=data_rate, friendly_name=EFM Networks ipTIME AX3000M 업로드 속도 @ 2025-08-06T13:15:47.452866+09:00>>
2025-08-06 13:15:47.554 DEBUG (MainThread) [homeassistant.core] Bus:Handling <Event state_reported[L]: entity_id=fan.zhimi_airpurifier_m1, old_last_reported=2025-08-06T13:15:32.545747+09:00, new_state=<state fan.zhimi_airpurifier_m1=off; preset_modes=['Auto', 'Silent', 'Favorite', 'Idle'], preset_mode=None, extra_features=0, turbo_mode_supported=False, button_pressed=None, sleep_time=None, sleep_mode_learn_count=None, use_time=148003558, sleep_mode=None, friendly_name=공기청정기, supported_features=56 @ 2025-08-06T13:14:47.916394+09:00>>
2025-08-06 13:15:47.554 DEBUG (MainThread) [homeassistant.core] Bus:Handling <Event state_reported[L]: entity_id=number.zhimi_airpurifier_m1_favorite_level, old_last_reported=2025-08-06T13:15:32.546876+09:00, new_state=<state number.zhimi_airpurifier_m1_favorite_level=10; min=0, max=17, step=1, mode=auto, icon=mdi:star-cog, friendly_name=공기청정기 Favorite level @ 2025-08-06T13:14:47.938869+09:00>>
2025-08-06 13:15:47.555 DEBUG (MainThread) [homeassistant.core] Bus:Handling <Event state_reported[L]: entity_id=select.zhimi_airpurifier_m1_led_brightness, old_last_reported=2025-08-06T13:15:32.547185+09:00, new_state=<state select.zhimi_airpurifier_m1_led_brightness=bright; options=['bright', 'dim', 'off'], icon=mdi:brightness-6, friendly_name=공기청정기 Led Brightness @ 2025-08-06T13:14:47.962032+09:00>>
2025-08-06 13:15:47.555 DEBUG (MainThread) [homeassistant.core] Bus:Handling <Event state_reported[L]: entity_id=sensor.zhimi_airpurifier_m1_temperature, old_last_reported=2025-08-06T13:15:32.548555+09:00, new_state=<state sensor.zhimi_airpurifier_m1_temperature=26.1; state_class=measurement, unit_of_measurement=°C, device_class=temperature, friendly_name=온도 @ 2025-08-06T13:14:47.976501+09:00>>
2025-08-06 13:15:47.555 DEBUG (MainThread) [homeassistant.core] Bus:Handling <Event state_reported[L]: entity_id=sensor.zhimi_airpurifier_m1_humidity, old_last_reported=2025-08-06T13:15:32.548954+09:00, new_state=<state sensor.zhimi_airpurifier_m1_humidity=57; state_class=measurement, unit_of_measurement=%, device_class=humidity, friendly_name=공기청정기 습도 @ 2025-08-06T13:15:17.561826+09:00>>
2025-08-06 13:15:47.555 DEBUG (MainThread) [homeassistant.core] Bus:Handling <Event state_reported[L]: entity_id=sensor.zhimi_airpurifier_m1_motor_speed, old_last_reported=2025-08-06T13:15:32.549177+09:00, new_state=<state sensor.zhimi_airpurifier_m1_motor_speed=0; state_class=measurement, unit_of_measurement=rpm, icon=mdi:fast-forward, friendly_name=공기청정기 Motor speed @ 2025-08-06T13:14:47.987427+09:00>>
2025-08-06 13:15:47.556 DEBUG (MainThread) [homeassistant.core] Bus:Handling <Event state_changed[L]: entity_id=sensor.zhimi_airpurifier_m1_pm2_5, old_state=<state sensor.zhimi_airpurifier_m1_pm2_5=30; state_class=measurement, unit_of_measurement=µg/m³, device_class=pm25, friendly_name=공기청정기 PM2.5 @ 2025-08-06T13:15:17.562441+09:00>, new_state=<state sensor.zhimi_airpurifier_m1_pm2_5=32; state_class=measurement, unit_of_measurement=µg/m³, device_class=pm25, friendly_name=공기청정기 PM2.5 @ 2025-08-06T13:15:47.555917+09:00>>
2025-08-06 13:15:47.556 DEBUG (MainThread) [homeassistant.core] Bus:Handling <Event state_reported[L]: entity_id=sensor.zhimi_airpurifier_m1_filter_life_remaining, old_last_reported=2025-08-06T13:15:32.549643+09:00, new_state=<state sensor.zhimi_airpurifier_m1_filter_life_remaining=0; state_class=measurement, unit_of_measurement=%, icon=mdi:air-filter, friendly_name=공기청정기 Filter life remaining @ 2025-08-06T13:14:47.988484+09:00>>
2025-08-06 13:15:47.556 DEBUG (MainThread) [homeassistant.core] Bus:Handling <Event state_reported[L]: entity_id=sensor.zhimi_airpurifier_m1_filter_use, old_last_reported=2025-08-06T13:15:32.550713+09:00, new_state=<state sensor.zhimi_airpurifier_m1_filter_use=3500; state_class=measurement, unit_of_measurement=h, device_class=duration, icon=mdi:clock-outline, friendly_name=공기청정기 Filter use @ 2025-08-06T13:14:47.989019+09:00>>
2025-08-06 13:15:47.556 DEBUG (MainThread) [homeassistant.core] Bus:Handling <Event state_reported[L]: entity_id=switch.zhimi_airpurifier_m1_buzzer, old_last_reported=2025-08-06T13:15:32.550989+09:00, new_state=<state switch.zhimi_airpurifier_m1_buzzer=off; icon=mdi:volume-high, friendly_name=공기청정기 Buzzer @ 2025-08-06T13:14:48.008732+09:00>>
2025-08-06 13:15:47.556 DEBUG (MainThread) [homeassistant.core] Bus:Handling <Event state_reported[L]: entity_id=switch.zhimi_airpurifier_m1_child_lock, old_last_reported=2025-08-06T13:15:32.551182+09:00, new_state=<state switch.zhimi_airpurifier_m1_child_lock=off; icon=mdi:lock, friendly_name=공기청정기 차일드 락 @ 2025-08-06T13:14:48.010084+09:00>>
2025-08-06 13:15:47.557 DEBUG (MainThread) [homeassistant.core] Bus:Handling <Event state_reported[L]: entity_id=switch.zhimi_airpurifier_m1_led, old_last_reported=2025-08-06T13:15:32.552394+09:00, new_state=<state switch.zhimi_airpurifier_m1_led=off; icon=mdi:led-outline, friendly_name=공기청정기 LED @ 2025-08-06T13:14:48.011089+09:00>>
2025-08-06 13:15:47.557 DEBUG (MainThread) [homeassistant.core] Bus:Handling <Event state_reported[L]: entity_id=switch.zhimi_airpurifier_m1_learn_mode, old_last_reported=2025-08-06T13:15:32.552663+09:00, new_state=<state switch.zhimi_airpurifier_m1_learn_mode=off; icon=mdi:school-outline, friendly_name=공기청정기 Learn mode @ 2025-08-06T13:14:48.015987+09:00>>
2025-08-06 13:15:59.052 DEBUG (MainThread) [homeassistant.core] Bus:Handling <Event state_reported[L]: entity_id=sun.sun, old_last_reported=2025-08-06T13:15:44.051834+09:00, new_state=<state sun.sun=above_horizon; next_dawn=2025-08-06T20:12:19.937481+00:00, next_dusk=2025-08-06T11:04:07.962815+00:00, next_midnight=2025-08-06T15:37:59+00:00, next_noon=2025-08-07T03:37:59+00:00, next_rising=2025-08-06T20:41:22.994271+00:00, next_setting=2025-08-06T10:35:05.744028+00:00, elevation=67.63, azimuth=203.62, rising=False, friendly_name=Sun @ 2025-08-06T13:14:44.035206+09:00>>
2025-08-06 13:16:02.578 DEBUG (MainThread) [homeassistant.core] Bus:Handling <Event state_reported[L]: entity_id=fan.zhimi_airpurifier_m1, old_last_reported=2025-08-06T13:15:47.554220+09:00, new_state=<state fan.zhimi_airpurifier_m1=off; preset_modes=['Auto', 'Silent', 'Favorite', 'Idle'], preset_mode=None, extra_features=0, turbo_mode_supported=False, button_pressed=None, sleep_time=None, sleep_mode_learn_count=None, use_time=148003558, sleep_mode=None, friendly_name=공기청정기, supported_features=56 @ 2025-08-06T13:14:47.916394+09:00>>
2025-08-06 13:16:02.579 DEBUG (MainThread) [homeassistant.core] Bus:Handling <Event state_reported[L]: entity_id=number.zhimi_airpurifier_m1_favorite_level, old_last_reported=2025-08-06T13:15:47.554682+09:00, new_state=<state number.zhimi_airpurifier_m1_favorite_level=10; min=0, max=17, step=1, mode=auto, icon=mdi:star-cog, friendly_name=공기청정기 Favorite level @ 2025-08-06T13:14:47.938869+09:00>>
2025-08-06 13:16:02.579 DEBUG (MainThread) [homeassistant.core] Bus:Handling <Event state_reported[L]: entity_id=select.zhimi_airpurifier_m1_led_brightness, old_last_reported=2025-08-06T13:15:47.554936+09:00, new_state=<state select.zhimi_airpurifier_m1_led_brightness=bright; options=['bright', 'dim', 'off'], icon=mdi:brightness-6, friendly_name=공기청정기 Led Brightness @ 2025-08-06T13:14:47.962032+09:00>>
2025-08-06 13:16:02.580 DEBUG (MainThread) [homeassistant.core] Bus:Handling <Event state_reported[L]: entity_id=sensor.zhimi_airpurifier_m1_temperature, old_last_reported=2025-08-06T13:15:47.555189+09:00, new_state=<state sensor.zhimi_airpurifier_m1_temperature=26.1; state_class=measurement, unit_of_measurement=°C, device_class=temperature, friendly_name=온도 @ 2025-08-06T13:14:47.976501+09:00>>
2025-08-06 13:16:02.580 DEBUG (MainThread) [homeassistant.core] Bus:Handling <Event state_reported[L]: entity_id=sensor.zhimi_airpurifier_m1_humidity, old_last_reported=2025-08-06T13:15:47.555436+09:00, new_state=<state sensor.zhimi_airpurifier_m1_humidity=57; state_class=measurement, unit_of_measurement=%, device_class=humidity, friendly_name=공기청정기 습도 @ 2025-08-06T13:15:17.561826+09:00>>
2025-08-06 13:16:02.581 DEBUG (MainThread) [homeassistant.core] Bus:Handling <Event state_reported[L]: entity_id=sensor.zhimi_airpurifier_m1_motor_speed, old_last_reported=2025-08-06T13:15:47.555634+09:00, new_state=<state sensor.zhimi_airpurifier_m1_motor_speed=0; state_class=measurement, unit_of_measurement=rpm, icon=mdi:fast-forward, friendly_name=공기청정기 Motor speed @ 2025-08-06T13:14:47.987427+09:00>>
2025-08-06 13:16:02.581 DEBUG (MainThread) [homeassistant.core] Bus:Handling <Event state_changed[L]: entity_id=sensor.zhimi_airpurifier_m1_pm2_5, old_state=<state sensor.zhimi_airpurifier_m1_pm2_5=32; state_class=measurement, unit_of_measurement=µg/m³, device_class=pm25, friendly_name=공기청정기 PM2.5 @ 2025-08-06T13:15:47.555917+09:00>, new_state=<state sensor.zhimi_airpurifier_m1_pm2_5=30; state_class=measurement, unit_of_measurement=µg/m³, device_class=pm25, friendly_name=공기청정기 PM2.5 @ 2025-08-06T13:16:02.581750+09:00>>
2025-08-06 13:16:02.582 DEBUG (MainThread) [homeassistant.core] Bus:Handling <Event state_reported[L]: entity_id=sensor.zhimi_airpurifier_m1_filter_life_remaining, old_last_reported=2025-08-06T13:15:47.556259+09:00, new_state=<state sensor.zhimi_airpurifier_m1_filter_life_remaining=0; state_class=measurement, unit_of_measurement=%, icon=mdi:air-filter, friendly_name=공기청정기 Filter life remaining @ 2025-08-06T13:14:47.988484+09:00>>
2025-08-06 13:16:02.583 DEBUG (MainThread) [homeassistant.core] Bus:Handling <Event state_reported[L]: entity_id=sensor.zhimi_airpurifier_m1_filter_use, old_last_reported=2025-08-06T13:15:47.556516+09:00, new_state=<state sensor.zhimi_airpurifier_m1_filter_use=3500; state_class=measurement, unit_of_measurement=h, device_class=duration, icon=mdi:clock-outline, friendly_name=공기청정기 Filter use @ 2025-08-06T13:14:47.989019+09:00>>
2025-08-06 13:16:02.583 DEBUG (MainThread) [homeassistant.core] Bus:Handling <Event state_reported[L]: entity_id=switch.zhimi_airpurifier_m1_buzzer, old_last_reported=2025-08-06T13:15:47.556685+09:00, new_state=<state switch.zhimi_airpurifier_m1_buzzer=off; icon=mdi:volume-high, friendly_name=공기청정기 Buzzer @ 2025-08-06T13:14:48.008732+09:00>>
2025-08-06 13:16:02.584 DEBUG (MainThread) [homeassistant.core] Bus:Handling <Event state_reported[L]: entity_id=switch.zhimi_airpurifier_m1_child_lock, old_last_reported=2025-08-06T13:15:47.556898+09:00, new_state=<state switch.zhimi_airpurifier_m1_child_lock=off; icon=mdi:lock, friendly_name=공기청정기 차일드 락 @ 2025-08-06T13:14:48.010084+09:00>>
2025-08-06 13:16:02.584 DEBUG (MainThread) [homeassistant.core] Bus:Handling <Event state_reported[L]: entity_id=switch.zhimi_airpurifier_m1_led, old_last_reported=2025-08-06T13:15:47.557051+09:00, new_state=<state switch.zhimi_airpurifier_m1_led=off; icon=mdi:led-outline, friendly_name=공기청정기 LED @ 2025-08-06T13:14:48.011089+09:00>>
2025-08-06 13:16:02.585 DEBUG (MainThread) [homeassistant.core] Bus:Handling <Event state_reported[L]: entity_id=switch.zhimi_airpurifier_m1_learn_mode, old_last_reported=2025-08-06T13:15:47.557552+09:00, new_state=<state switch.zhimi_airpurifier_m1_learn_mode=off; icon=mdi:school-outline, friendly_name=공기청정기 Learn mode @ 2025-08-06T13:14:48.015987+09:00>>
2025-08-06 13:16:12.181 INFO (MainThread) [homeassistant.setup] Setting up commax
2025-08-06 13:16:12.214 INFO (MainThread) [homeassistant.components.light] Setting up commax.light
2025-08-06 13:16:12.215 INFO (MainThread) [homeassistant.helpers.entity_registry] Registered new light.commax entity: light.geosil_jomyeong1
2025-08-06 13:16:12.215 DEBUG (MainThread) [homeassistant.core] Bus:Handling <Event entity_registry_updated[L]: action=create, entity_id=light.geosil_jomyeong1>
2025-08-06 13:16:12.216 DEBUG (MainThread) [custom_components.commax.light] Light 거실 조명1 added to hass, attempting initial connection
2025-08-06 13:16:12.216 DEBUG (MainThread) [custom_components.commax.light] Socket not connected, attempting to connect...
2025-08-06 13:16:12.221 DEBUG (MainThread) [custom_components.commax.rs485_client] Socket file info: os.stat_result(st_mode=49590, st_ino=131287, st_dev=2056, st_nlink=1, st_uid=0, st_gid=0, st_size=0, st_atime=1754452096, st_mtime=1754452096, st_ctime=1754452096)
2025-08-06 13:16:12.227 INFO (MainThread) [homeassistant.components.climate] Setting up commax.climate
2025-08-06 13:16:12.228 INFO (MainThread) [homeassistant.helpers.entity_registry] Registered new climate.commax entity: climate.geosil_boilreo
2025-08-06 13:16:12.228 DEBUG (MainThread) [homeassistant.core] Bus:Handling <Event entity_registry_updated[L]: action=create, entity_id=climate.geosil_boilreo>
2025-08-06 13:16:12.231 DEBUG (MainThread) [homeassistant.core] Bus:Handling <Event state_changed[L]: entity_id=climate.geosil_boilreo, old_state=None, new_state=<state climate.geosil_boilreo=unavailable; hvac_modes=[<HVACMode.OFF: 'off'>, <HVACMode.HEAT: 'heat'>], min_temp=7, max_temp=35, target_temp_step=0.5, icon=mdi:water-boiler, friendly_name=거실 보일러, supported_features=1 @ 2025-08-06T13:16:12.228747+09:00>>
2025-08-06 13:16:12.239 INFO (MainThread) [homeassistant.helpers.entity_registry] Registered new climate.commax entity: climate.anbang_boilreo
2025-08-06 13:16:12.240 DEBUG (MainThread) [homeassistant.core] Bus:Handling <Event entity_registry_updated[L]: action=create, entity_id=climate.anbang_boilreo>
2025-08-06 13:16:12.243 DEBUG (MainThread) [homeassistant.core] Bus:Handling <Event state_changed[L]: entity_id=climate.anbang_boilreo, old_state=None, new_state=<state climate.anbang_boilreo=unavailable; hvac_modes=[<HVACMode.OFF: 'off'>, <HVACMode.HEAT: 'heat'>], min_temp=7, max_temp=35, target_temp_step=0.5, icon=mdi:water-boiler, friendly_name=안방 보일러, supported_features=1 @ 2025-08-06T13:16:12.243421+09:00>>
2025-08-06 13:16:12.244 INFO (MainThread) [homeassistant.helpers.entity_registry] Registered new climate.commax entity: climate.gongbubang_boilreo
2025-08-06 13:16:12.244 DEBUG (MainThread) [homeassistant.core] Bus:Handling <Event entity_registry_updated[L]: action=create, entity_id=climate.gongbubang_boilreo>
2025-08-06 13:16:12.244 DEBUG (MainThread) [homeassistant.core] Bus:Handling <Event state_changed[L]: entity_id=climate.gongbubang_boilreo, old_state=None, new_state=<state climate.gongbubang_boilreo=unavailable; hvac_modes=[<HVACMode.OFF: 'off'>, <HVACMode.HEAT: 'heat'>], min_temp=7, max_temp=35, target_temp_step=0.5, icon=mdi:water-boiler, friendly_name=공부방 보일러, supported_features=1 @ 2025-08-06T13:16:12.244750+09:00>>
2025-08-06 13:16:12.245 INFO (MainThread) [homeassistant.helpers.entity_registry] Registered new climate.commax entity: climate.cimdaebang_boilreo
2025-08-06 13:16:12.245 DEBUG (MainThread) [homeassistant.core] Bus:Handling <Event entity_registry_updated[L]: action=create, entity_id=climate.cimdaebang_boilreo>
2025-08-06 13:16:12.245 DEBUG (MainThread) [homeassistant.core] Bus:Handling <Event state_changed[L]: entity_id=climate.cimdaebang_boilreo, old_state=None, new_state=<state climate.cimdaebang_boilreo=unavailable; hvac_modes=[<HVACMode.OFF: 'off'>, <HVACMode.HEAT: 'heat'>], min_temp=7, max_temp=35, target_temp_step=0.5, icon=mdi:water-boiler, friendly_name=침대방 보일러, supported_features=1 @ 2025-08-06T13:16:12.245403+09:00>>
2025-08-06 13:16:12.246 INFO (MainThread) [homeassistant.components.binary_sensor] Setting up commax.binary_sensor
2025-08-06 13:16:12.246 INFO (MainThread) [homeassistant.helpers.entity_registry] Registered new binary_sensor.commax entity: binary_sensor.commax_doorbell_1
2025-08-06 13:16:12.246 DEBUG (MainThread) [homeassistant.core] Bus:Handling <Event entity_registry_updated[L]: action=create, entity_id=binary_sensor.commax_doorbell_1>
2025-08-06 13:16:12.246 DEBUG (MainThread) [homeassistant.core] Bus:Handling <Event state_changed[L]: entity_id=binary_sensor.commax_doorbell_1, old_state=None, new_state=<state binary_sensor.commax_doorbell_1=unavailable; device_class=occupancy, icon=mdi:bell-ring, friendly_name=현관 도어벨 @ 2025-08-06T13:16:12.246628+09:00>>
2025-08-06 13:16:12.247 INFO (MainThread) [homeassistant.components.switch] Setting up commax.switch
2025-08-06 13:16:12.247 INFO (MainThread) [homeassistant.helpers.entity_registry] Registered new switch.commax entity: switch.commax_master_switch_1
2025-08-06 13:16:12.247 DEBUG (MainThread) [homeassistant.core] Bus:Handling <Event entity_registry_updated[L]: action=create, entity_id=switch.commax_master_switch_1>
2025-08-06 13:16:12.250 DEBUG (MainThread) [homeassistant.core] Bus:Handling <Event state_changed[L]: entity_id=switch.commax_master_switch_1, old_state=None, new_state=<state switch.commax_master_switch_1=unavailable; friendly_name=일괄소등 @ 2025-08-06T13:16:12.250732+09:00>>
2025-08-06 13:16:12.251 INFO (MainThread) [homeassistant.components.button] Setting up commax.button
2025-08-06 13:16:12.251 INFO (MainThread) [homeassistant.helpers.entity_registry] Registered new button.commax entity: button.hyeongwanmun_yeolgi
2025-08-06 13:16:12.252 DEBUG (MainThread) [homeassistant.core] Bus:Handling <Event entity_registry_updated[L]: action=create, entity_id=button.hyeongwanmun_yeolgi>
2025-08-06 13:16:12.252 DEBUG (MainThread) [homeassistant.core] Bus:Handling <Event state_changed[L]: entity_id=button.hyeongwanmun_yeolgi, old_state=None, new_state=<state button.hyeongwanmun_yeolgi=unavailable; icon=mdi:door-open, friendly_name=현관문 열기 @ 2025-08-06T13:16:12.252259+09:00>>
2025-08-06 13:16:12.252 INFO (MainThread) [homeassistant.helpers.entity_registry] Registered new button.commax entity: button.elribeiteo_hocul
2025-08-06 13:16:12.252 DEBUG (MainThread) [homeassistant.core] Bus:Handling <Event entity_registry_updated[L]: action=create, entity_id=button.elribeiteo_hocul>
2025-08-06 13:16:12.253 DEBUG (MainThread) [homeassistant.core] Bus:Handling <Event state_changed[L]: entity_id=button.elribeiteo_hocul, old_state=None, new_state=<state button.elribeiteo_hocul=unavailable; icon=mdi:elevator, friendly_name=엘리베이터 호출 @ 2025-08-06T13:16:12.253868+09:00>>
2025-08-06 13:16:12.260 INFO (MainThread) [custom_components.commax.rs485_client] Successfully connected to Unix Socket: /config/hass485.sock
2025-08-06 13:16:12.260 INFO (MainThread) [custom_components.commax.light] Light 거실 조명1 initial connection successful
2025-08-06 13:16:12.260 DEBUG (MainThread) [custom_components.commax.light] Updating state for light: 거실 조명1
2025-08-06 13:16:12.261 DEBUG (MainThread) [custom_components.commax.light] Getting state: path=/lights/1/state
2025-08-06 13:16:12.261 DEBUG (MainThread) [custom_components.commax.rs485_client] Sending command: {"type": "GET", "path": "/lights/1/state", "value": null, "id": "commax_18626183", "timeout": 5}
2025-08-06 13:16:12.269 DEBUG (MainThread) [custom_components.commax.rs485_client] Received response: {'id': 'commax_18626183', 'success': True, 'data': 'OFF'}
2025-08-06 13:16:12.269 DEBUG (MainThread) [custom_components.commax.light] Received state response: {'id': 'commax_18626183', 'success': True, 'data': 'OFF'}
2025-08-06 13:16:12.269 INFO (MainThread) [custom_components.commax.light] Light 거실 조명1 state updated: is_on=False, available=True
2025-08-06 13:16:12.273 DEBUG (MainThread) [homeassistant.core] Bus:Handling <Event state_changed[L]: entity_id=light.geosil_jomyeong1, old_state=None, new_state=<state light.geosil_jomyeong1=off; supported_color_modes=[<ColorMode.ONOFF: 'onoff'>], color_mode=None, friendly_name=거실 조명1, supported_features=0 @ 2025-08-06T13:16:12.269990+09:00>>
2025-08-06 13:16:12.273 DEBUG (MainThread) [custom_components.commax.light] State written to Home Assistant for light 거실 조명1
2025-08-06 13:16:12.273 DEBUG (MainThread) [homeassistant.core] Bus:Handling <Event state_reported[L]: entity_id=light.geosil_jomyeong1, old_last_reported=2025-08-06T13:16:12.269990+09:00, new_state=<state light.geosil_jomyeong1=off; supported_color_modes=[<ColorMode.ONOFF: 'onoff'>], color_mode=None, friendly_name=거실 조명1, supported_features=0 @ 2025-08-06T13:16:12.269990+09:00>>
2025-08-06 13:16:12.274 INFO (MainThread) [homeassistant.helpers.entity_registry] Registered new light.commax entity: light.geosil_jomyeong2
2025-08-06 13:16:12.274 DEBUG (MainThread) [homeassistant.core] Bus:Handling <Event entity_registry_updated[L]: action=create, entity_id=light.geosil_jomyeong2>
2025-08-06 13:16:12.274 DEBUG (MainThread) [custom_components.commax.light] Light 거실 조명2 added to hass, attempting initial connection
2025-08-06 13:16:12.274 DEBUG (MainThread) [custom_components.commax.light] Socket not connected, attempting to connect...
2025-08-06 13:16:12.283 DEBUG (MainThread) [custom_components.commax.rs485_client] Socket file info: os.stat_result(st_mode=49590, st_ino=131287, st_dev=2056, st_nlink=1, st_uid=0, st_gid=0, st_size=0, st_atime=1754452096, st_mtime=1754452096, st_ctime=1754452096)
2025-08-06 13:16:12.288 INFO (MainThread) [custom_components.commax.rs485_client] Successfully connected to Unix Socket: /config/hass485.sock
2025-08-06 13:16:12.289 INFO (MainThread) [custom_components.commax.light] Light 거실 조명2 initial connection successful
2025-08-06 13:16:12.289 DEBUG (MainThread) [custom_components.commax.light] Updating state for light: 거실 조명2
2025-08-06 13:16:12.289 DEBUG (MainThread) [custom_components.commax.light] Getting state: path=/lights/2/state
2025-08-06 13:16:12.289 DEBUG (MainThread) [custom_components.commax.rs485_client] Sending command: {"type": "GET", "path": "/lights/2/state", "value": null, "id": "commax_18626211", "timeout": 5}
2025-08-06 13:16:12.302 DEBUG (MainThread) [custom_components.commax.rs485_client] Received response: {'id': 'commax_18626211', 'success': True, 'data': 'OFF'}
2025-08-06 13:16:12.302 DEBUG (MainThread) [custom_components.commax.light] Received state response: {'id': 'commax_18626211', 'success': True, 'data': 'OFF'}
2025-08-06 13:16:12.302 INFO (MainThread) [custom_components.commax.light] Light 거실 조명2 state updated: is_on=False, available=True
2025-08-06 13:16:12.302 DEBUG (MainThread) [homeassistant.core] Bus:Handling <Event state_changed[L]: entity_id=light.geosil_jomyeong2, old_state=None, new_state=<state light.geosil_jomyeong2=off; supported_color_modes=[<ColorMode.ONOFF: 'onoff'>], color_mode=None, friendly_name=거실 조명2, supported_features=0 @ 2025-08-06T13:16:12.302663+09:00>>
2025-08-06 13:16:12.303 DEBUG (MainThread) [custom_components.commax.light] State written to Home Assistant for light 거실 조명2
2025-08-06 13:16:12.303 DEBUG (MainThread) [homeassistant.core] Bus:Handling <Event state_reported[L]: entity_id=light.geosil_jomyeong2, old_last_reported=2025-08-06T13:16:12.302663+09:00, new_state=<state light.geosil_jomyeong2=off; supported_color_modes=[<ColorMode.ONOFF: 'onoff'>], color_mode=None, friendly_name=거실 조명2, supported_features=0 @ 2025-08-06T13:16:12.302663+09:00>>
2025-08-06 13:16:12.303 INFO (MainThread) [homeassistant.helpers.entity_registry] Registered new light.commax entity: light.geosil_jomyeong3
2025-08-06 13:16:12.303 DEBUG (MainThread) [homeassistant.core] Bus:Handling <Event entity_registry_updated[L]: action=create, entity_id=light.geosil_jomyeong3>
2025-08-06 13:16:12.304 DEBUG (MainThread) [custom_components.commax.light] Light 거실 조명3 added to hass, attempting initial connection
2025-08-06 13:16:12.304 DEBUG (MainThread) [custom_components.commax.light] Socket not connected, attempting to connect...
2025-08-06 13:16:12.306 DEBUG (MainThread) [custom_components.commax.rs485_client] Socket file info: os.stat_result(st_mode=49590, st_ino=131287, st_dev=2056, st_nlink=1, st_uid=0, st_gid=0, st_size=0, st_atime=1754452096, st_mtime=1754452096, st_ctime=1754452096)
2025-08-06 13:16:12.319 INFO (MainThread) [custom_components.commax.rs485_client] Successfully connected to Unix Socket: /config/hass485.sock
2025-08-06 13:16:12.320 INFO (MainThread) [custom_components.commax.light] Light 거실 조명3 initial connection successful
2025-08-06 13:16:12.320 DEBUG (MainThread) [custom_components.commax.light] Updating state for light: 거실 조명3
2025-08-06 13:16:12.320 DEBUG (MainThread) [custom_components.commax.light] Getting state: path=/lights/3/state
2025-08-06 13:16:12.320 DEBUG (MainThread) [custom_components.commax.rs485_client] Sending command: {"type": "GET", "path": "/lights/3/state", "value": null, "id": "commax_18626242", "timeout": 5}
2025-08-06 13:16:12.334 DEBUG (MainThread) [custom_components.commax.rs485_client] Received response: {'id': 'commax_18626242', 'success': True, 'data': 'OFF'}
2025-08-06 13:16:12.335 DEBUG (MainThread) [custom_components.commax.light] Received state response: {'id': 'commax_18626242', 'success': True, 'data': 'OFF'}
2025-08-06 13:16:12.335 INFO (MainThread) [custom_components.commax.light] Light 거실 조명3 state updated: is_on=False, available=True
2025-08-06 13:16:12.335 DEBUG (MainThread) [homeassistant.core] Bus:Handling <Event state_changed[L]: entity_id=light.geosil_jomyeong3, old_state=None, new_state=<state light.geosil_jomyeong3=off; supported_color_modes=[<ColorMode.ONOFF: 'onoff'>], color_mode=None, friendly_name=거실 조명3, supported_features=0 @ 2025-08-06T13:16:12.335348+09:00>>
2025-08-06 13:16:12.335 DEBUG (MainThread) [custom_components.commax.light] State written to Home Assistant for light 거실 조명3
2025-08-06 13:16:12.336 DEBUG (MainThread) [homeassistant.core] Bus:Handling <Event state_reported[L]: entity_id=light.geosil_jomyeong3, old_last_reported=2025-08-06T13:16:12.335348+09:00, new_state=<state light.geosil_jomyeong3=off; supported_color_modes=[<ColorMode.ONOFF: 'onoff'>], color_mode=None, friendly_name=거실 조명3, supported_features=0 @ 2025-08-06T13:16:12.335348+09:00>>
2025-08-06 13:16:12.336 INFO (MainThread) [homeassistant.helpers.entity_registry] Registered new light.commax entity: light.geosil_jomyeong4
2025-08-06 13:16:12.336 DEBUG (MainThread) [homeassistant.core] Bus:Handling <Event entity_registry_updated[L]: action=create, entity_id=light.geosil_jomyeong4>
2025-08-06 13:16:12.336 DEBUG (MainThread) [custom_components.commax.light] Light 거실 조명4 added to hass, attempting initial connection
2025-08-06 13:16:12.336 DEBUG (MainThread) [custom_components.commax.light] Socket not connected, attempting to connect...
2025-08-06 13:16:12.336 DEBUG (MainThread) [custom_components.commax.rs485_client] Socket file info: os.stat_result(st_mode=49590, st_ino=131287, st_dev=2056, st_nlink=1, st_uid=0, st_gid=0, st_size=0, st_atime=1754452096, st_mtime=1754452096, st_ctime=1754452096)
2025-08-06 13:16:12.344 INFO (MainThread) [custom_components.commax.rs485_client] Successfully connected to Unix Socket: /config/hass485.sock
2025-08-06 13:16:12.344 INFO (MainThread) [custom_components.commax.light] Light 거실 조명4 initial connection successful
2025-08-06 13:16:12.344 DEBUG (MainThread) [custom_components.commax.light] Updating state for light: 거실 조명4
2025-08-06 13:16:12.344 DEBUG (MainThread) [custom_components.commax.light] Getting state: path=/lights/4/state
2025-08-06 13:16:12.344 DEBUG (MainThread) [custom_components.commax.rs485_client] Sending command: {"type": "GET", "path": "/lights/4/state", "value": null, "id": "commax_18626266", "timeout": 5}
2025-08-06 13:16:12.354 DEBUG (MainThread) [custom_components.commax.rs485_client] Received response: {'id': 'commax_18626266', 'success': True, 'data': 'OFF'}
2025-08-06 13:16:12.354 DEBUG (MainThread) [custom_components.commax.light] Received state response: {'id': 'commax_18626266', 'success': True, 'data': 'OFF'}
2025-08-06 13:16:12.354 INFO (MainThread) [custom_components.commax.light] Light 거실 조명4 state updated: is_on=False, available=True
2025-08-06 13:16:12.354 DEBUG (MainThread) [homeassistant.core] Bus:Handling <Event state_changed[L]: entity_id=light.geosil_jomyeong4, old_state=None, new_state=<state light.geosil_jomyeong4=off; supported_color_modes=[<ColorMode.ONOFF: 'onoff'>], color_mode=None, friendly_name=거실 조명4, supported_features=0 @ 2025-08-06T13:16:12.354497+09:00>>
2025-08-06 13:16:12.354 DEBUG (MainThread) [custom_components.commax.light] State written to Home Assistant for light 거실 조명4
2025-08-06 13:16:12.355 DEBUG (MainThread) [homeassistant.core] Bus:Handling <Event state_reported[L]: entity_id=light.geosil_jomyeong4, old_last_reported=2025-08-06T13:16:12.354497+09:00, new_state=<state light.geosil_jomyeong4=off; supported_color_modes=[<ColorMode.ONOFF: 'onoff'>], color_mode=None, friendly_name=거실 조명4, supported_features=0 @ 2025-08-06T13:16:12.354497+09:00>>
2025-08-06 13:16:12.355 INFO (MainThread) [homeassistant.helpers.entity_registry] Registered new light.commax entity: light.bogdo_jomyeong
2025-08-06 13:16:12.355 DEBUG (MainThread) [homeassistant.core] Bus:Handling <Event entity_registry_updated[L]: action=create, entity_id=light.bogdo_jomyeong>
2025-08-06 13:16:12.355 DEBUG (MainThread) [custom_components.commax.light] Light 복도 조명 added to hass, attempting initial connection
2025-08-06 13:16:12.356 DEBUG (MainThread) [custom_components.commax.light] Socket not connected, attempting to connect...
2025-08-06 13:16:12.364 DEBUG (MainThread) [custom_components.commax.rs485_client] Socket file info: os.stat_result(st_mode=49590, st_ino=131287, st_dev=2056, st_nlink=1, st_uid=0, st_gid=0, st_size=0, st_atime=1754452096, st_mtime=1754452096, st_ctime=1754452096)
2025-08-06 13:16:12.364 INFO (MainThread) [custom_components.commax.rs485_client] Successfully connected to Unix Socket: /config/hass485.sock
2025-08-06 13:16:12.364 INFO (MainThread) [custom_components.commax.light] Light 복도 조명 initial connection successful
2025-08-06 13:16:12.365 DEBUG (MainThread) [custom_components.commax.light] Updating state for light: 복도 조명
2025-08-06 13:16:12.365 DEBUG (MainThread) [custom_components.commax.light] Getting state: path=/lights/5/state
2025-08-06 13:16:12.365 DEBUG (MainThread) [custom_components.commax.rs485_client] Sending command: {"type": "GET", "path": "/lights/5/state", "value": null, "id": "commax_18626287", "timeout": 5}
2025-08-06 13:16:12.371 DEBUG (MainThread) [custom_components.commax.rs485_client] Received response: {'id': 'commax_18626287', 'success': True, 'data': 'OFF'}
2025-08-06 13:16:12.371 DEBUG (MainThread) [custom_components.commax.light] Received state response: {'id': 'commax_18626287', 'success': True, 'data': 'OFF'}
2025-08-06 13:16:12.371 INFO (MainThread) [custom_components.commax.light] Light 복도 조명 state updated: is_on=False, available=True
2025-08-06 13:16:12.372 DEBUG (MainThread) [homeassistant.core] Bus:Handling <Event state_changed[L]: entity_id=light.bogdo_jomyeong, old_state=None, new_state=<state light.bogdo_jomyeong=off; supported_color_modes=[<ColorMode.ONOFF: 'onoff'>], color_mode=None, friendly_name=복도 조명, supported_features=0 @ 2025-08-06T13:16:12.372228+09:00>>
2025-08-06 13:16:12.372 DEBUG (MainThread) [custom_components.commax.light] State written to Home Assistant for light 복도 조명
2025-08-06 13:16:12.373 DEBUG (MainThread) [homeassistant.core] Bus:Handling <Event state_reported[L]: entity_id=light.bogdo_jomyeong, old_last_reported=2025-08-06T13:16:12.372228+09:00, new_state=<state light.bogdo_jomyeong=off; supported_color_modes=[<ColorMode.ONOFF: 'onoff'>], color_mode=None, friendly_name=복도 조명, supported_features=0 @ 2025-08-06T13:16:12.372228+09:00>>
2025-08-06 13:16:12.382 DEBUG (MainThread) [homeassistant.core] Bus:Handling <Event component_loaded[L]: component=commax>
2025-08-06 13:16:14.055 DEBUG (MainThread) [homeassistant.core] Bus:Handling <Event state_reported[L]: entity_id=sun.sun, old_last_reported=2025-08-06T13:15:59.052528+09:00, new_state=<state sun.sun=above_horizon; next_dawn=2025-08-06T20:12:19.937481+00:00, next_dusk=2025-08-06T11:04:07.962815+00:00, next_midnight=2025-08-06T15:37:59+00:00, next_noon=2025-08-07T03:37:59+00:00, next_rising=2025-08-06T20:41:22.994271+00:00, next_setting=2025-08-06T10:35:05.744028+00:00, elevation=67.63, azimuth=203.62, rising=False, friendly_name=Sun @ 2025-08-06T13:14:44.035206+09:00>>
2025-08-06 13:16:16.416 DEBUG (MainThread) [homeassistant.core] Bus:Handling <Event state_changed[L]: entity_id=sensor.0xa4c13857052a9c52_temperature, old_state=<state sensor.0xa4c13857052a9c52_temperature=28.79; state_class=measurement, unit_of_measurement=°C, device_class=temperature, friendly_name=안방 온습도 센서 온도 @ 2025-08-06T13:15:26.040269+09:00>, new_state=<state sensor.0xa4c13857052a9c52_temperature=28.56; state_class=measurement, unit_of_measurement=°C, device_class=temperature, friendly_name=안방 온습도 센서 온도 @ 2025-08-06T13:16:16.415559+09:00>>
2025-08-06 13:16:16.679 DEBUG (MainThread) [homeassistant.core] Bus:Handling <Event state_changed[L]: entity_id=sensor.0xa4c13857052a9c52_humidity, old_state=<state sensor.0xa4c13857052a9c52_humidity=57.13; state_class=measurement, unit_of_measurement=%, device_class=humidity, friendly_name=안방 온습도 센서 습도 @ 2025-08-06T13:15:26.041426+09:00>, new_state=<state sensor.0xa4c13857052a9c52_humidity=55.01; state_class=measurement, unit_of_measurement=%, device_class=humidity, friendly_name=안방 온습도 센서 습도 @ 2025-08-06T13:16:16.677474+09:00>>
2025-08-06 13:16:17.464 DEBUG (MainThread) [homeassistant.core] Bus:Handling <Event state_reported[L]: entity_id=binary_sensor.efm_networks_iptime_ax3000m_wan_status, old_last_reported=2025-08-06T13:15:47.451742+09:00, new_state=<state binary_sensor.efm_networks_iptime_ax3000m_wan_status=on; device_class=connectivity, friendly_name=EFM Networks ipTIME AX3000M WAN 상태 @ 2025-08-06T13:14:48.031083+09:00>>
2025-08-06 13:16:17.465 DEBUG (MainThread) [homeassistant.core] Bus:Handling <Event state_reported[L]: entity_id=sensor.efm_networks_iptime_ax3000m_external_ip, old_last_reported=2025-08-06T13:15:47.452262+09:00, new_state=<state sensor.efm_networks_iptime_ax3000m_external_ip=49.142.72.18; friendly_name=EFM Networks ipTIME AX3000M 외부 IP @ 2025-08-06T13:14:48.035416+09:00>>
2025-08-06 13:16:17.465 DEBUG (MainThread) [homeassistant.core] Bus:Handling <Event state_changed[L]: entity_id=sensor.efm_networks_iptime_ax3000m_download_speed, old_state=<state sensor.efm_networks_iptime_ax3000m_download_speed=95.2061269095869; state_class=measurement, unit_of_measurement=KiB/s, device_class=data_rate, friendly_name=EFM Networks ipTIME AX3000M 다운로드 속도 @ 2025-08-06T13:15:47.452498+09:00>, new_state=<state sensor.efm_networks_iptime_ax3000m_download_speed=35.9003078159863; state_class=measurement, unit_of_measurement=KiB/s, device_class=data_rate, friendly_name=EFM Networks ipTIME AX3000M 다운로드 속도 @ 2025-08-06T13:16:17.465413+09:00>>
2025-08-06 13:16:17.465 DEBUG (MainThread) [homeassistant.core] Bus:Handling <Event state_changed[L]: entity_id=sensor.efm_networks_iptime_ax3000m_upload_speed, old_state=<state sensor.efm_networks_iptime_ax3000m_upload_speed=20.3450778543426; state_class=measurement, unit_of_measurement=KiB/s, device_class=data_rate, friendly_name=EFM Networks ipTIME AX3000M 업로드 속도 @ 2025-08-06T13:15:47.452866+09:00>, new_state=<state sensor.efm_networks_iptime_ax3000m_upload_speed=13.1747485294331; state_class=measurement, unit_of_measurement=KiB/s, device_class=data_rate, friendly_name=EFM Networks ipTIME AX3000M 업로드 속도 @ 2025-08-06T13:16:17.465768+09:00>>
2025-08-06 13:16:17.558 DEBUG (MainThread) [homeassistant.core] Bus:Handling <Event state_reported[L]: entity_id=fan.zhimi_airpurifier_m1, old_last_reported=2025-08-06T13:16:02.578166+09:00, new_state=<state fan.zhimi_airpurifier_m1=off; preset_modes=['Auto', 'Silent', 'Favorite', 'Idle'], preset_mode=None, extra_features=0, turbo_mode_supported=False, button_pressed=None, sleep_time=None, sleep_mode_learn_count=None, use_time=148003558, sleep_mode=None, friendly_name=공기청정기, supported_features=56 @ 2025-08-06T13:14:47.916394+09:00>>
2025-08-06 13:16:17.558 DEBUG (MainThread) [homeassistant.core] Bus:Handling <Event state_reported[L]: entity_id=number.zhimi_airpurifier_m1_favorite_level, old_last_reported=2025-08-06T13:16:02.579164+09:00, new_state=<state number.zhimi_airpurifier_m1_favorite_level=10; min=0, max=17, step=1, mode=auto, icon=mdi:star-cog, friendly_name=공기청정기 Favorite level @ 2025-08-06T13:14:47.938869+09:00>>
2025-08-06 13:16:17.559 DEBUG (MainThread) [homeassistant.core] Bus:Handling <Event state_reported[L]: entity_id=select.zhimi_airpurifier_m1_led_brightness, old_last_reported=2025-08-06T13:16:02.579401+09:00, new_state=<state select.zhimi_airpurifier_m1_led_brightness=bright; options=['bright', 'dim', 'off'], icon=mdi:brightness-6, friendly_name=공기청정기 Led Brightness @ 2025-08-06T13:14:47.962032+09:00>>
2025-08-06 13:16:17.559 DEBUG (MainThread) [homeassistant.core] Bus:Handling <Event state_changed[L]: entity_id=sensor.zhimi_airpurifier_m1_temperature, old_state=<state sensor.zhimi_airpurifier_m1_temperature=26.1; state_class=measurement, unit_of_measurement=°C, device_class=temperature, friendly_name=온도 @ 2025-08-06T13:14:47.976501+09:00>, new_state=<state sensor.zhimi_airpurifier_m1_temperature=26.2; state_class=measurement, unit_of_measurement=°C, device_class=temperature, friendly_name=온도 @ 2025-08-06T13:16:17.559608+09:00>>
2025-08-06 13:16:17.561 DEBUG (MainThread) [homeassistant.core] Bus:Handling <Event state_reported[L]: entity_id=sensor.zhimi_airpurifier_m1_humidity, old_last_reported=2025-08-06T13:16:02.580510+09:00, new_state=<state sensor.zhimi_airpurifier_m1_humidity=57; state_class=measurement, unit_of_measurement=%, device_class=humidity, friendly_name=공기청정기 습도 @ 2025-08-06T13:15:17.561826+09:00>>
2025-08-06 13:16:17.562 DEBUG (MainThread) [homeassistant.core] Bus:Handling <Event state_reported[L]: entity_id=sensor.zhimi_airpurifier_m1_motor_speed, old_last_reported=2025-08-06T13:16:02.580984+09:00, new_state=<state sensor.zhimi_airpurifier_m1_motor_speed=0; state_class=measurement, unit_of_measurement=rpm, icon=mdi:fast-forward, friendly_name=공기청정기 Motor speed @ 2025-08-06T13:14:47.987427+09:00>>
2025-08-06 13:16:17.562 DEBUG (MainThread) [homeassistant.core] Bus:Handling <Event state_changed[L]: entity_id=sensor.zhimi_airpurifier_m1_pm2_5, old_state=<state sensor.zhimi_airpurifier_m1_pm2_5=30; state_class=measurement, unit_of_measurement=µg/m³, device_class=pm25, friendly_name=공기청정기 PM2.5 @ 2025-08-06T13:16:02.581750+09:00>, new_state=<state sensor.zhimi_airpurifier_m1_pm2_5=32; state_class=measurement, unit_of_measurement=µg/m³, device_class=pm25, friendly_name=공기청정기 PM2.5 @ 2025-08-06T13:16:17.562363+09:00>>
2025-08-06 13:16:17.563 DEBUG (MainThread) [homeassistant.core] Bus:Handling <Event state_reported[L]: entity_id=sensor.zhimi_airpurifier_m1_filter_life_remaining, old_last_reported=2025-08-06T13:16:02.582589+09:00, new_state=<state sensor.zhimi_airpurifier_m1_filter_life_remaining=0; state_class=measurement, unit_of_measurement=%, icon=mdi:air-filter, friendly_name=공기청정기 Filter life remaining @ 2025-08-06T13:14:47.988484+09:00>>
2025-08-06 13:16:17.563 DEBUG (MainThread) [homeassistant.core] Bus:Handling <Event state_reported[L]: entity_id=sensor.zhimi_airpurifier_m1_filter_use, old_last_reported=2025-08-06T13:16:02.582951+09:00, new_state=<state sensor.zhimi_airpurifier_m1_filter_use=3500; state_class=measurement, unit_of_measurement=h, device_class=duration, icon=mdi:clock-outline, friendly_name=공기청정기 Filter use @ 2025-08-06T13:14:47.989019+09:00>>
2025-08-06 13:16:17.563 DEBUG (MainThread) [homeassistant.core] Bus:Handling <Event state_reported[L]: entity_id=switch.zhimi_airpurifier_m1_buzzer, old_last_reported=2025-08-06T13:16:02.583607+09:00, new_state=<state switch.zhimi_airpurifier_m1_buzzer=off; icon=mdi:volume-high, friendly_name=공기청정기 Buzzer @ 2025-08-06T13:14:48.008732+09:00>>
2025-08-06 13:16:17.564 DEBUG (MainThread) [homeassistant.core] Bus:Handling <Event state_reported[L]: entity_id=switch.zhimi_airpurifier_m1_child_lock, old_last_reported=2025-08-06T13:16:02.584010+09:00, new_state=<state switch.zhimi_airpurifier_m1_child_lock=off; icon=mdi:lock, friendly_name=공기청정기 차일드 락 @ 2025-08-06T13:14:48.010084+09:00>>
2025-08-06 13:16:17.564 DEBUG (MainThread) [homeassistant.core] Bus:Handling <Event state_reported[L]: entity_id=switch.zhimi_airpurifier_m1_led, old_last_reported=2025-08-06T13:16:02.584537+09:00, new_state=<state switch.zhimi_airpurifier_m1_led=off; icon=mdi:led-outline, friendly_name=공기청정기 LED @ 2025-08-06T13:14:48.011089+09:00>>
2025-08-06 13:16:17.564 DEBUG (MainThread) [homeassistant.core] Bus:Handling <Event state_reported[L]: entity_id=switch.zhimi_airpurifier_m1_learn_mode, old_last_reported=2025-08-06T13:16:02.584948+09:00, new_state=<state switch.zhimi_airpurifier_m1_learn_mode=off; icon=mdi:school-outline, friendly_name=공기청정기 Learn mode @ 2025-08-06T13:14:48.015987+09:00>>
2025-08-06 13:16:18.113 DEBUG (MainThread) [homeassistant.core] Bus:Handling <Event call_service[L]: domain=light, service=turn_on, service_data=entity_id=light.geosil_jomyeong3>
2025-08-06 13:16:18.113 DEBUG (MainThread) [custom_components.commax.light] Attempting to turn ON light: 거실 조명3
2025-08-06 13:16:18.113 DEBUG (MainThread) [custom_components.commax.light] Sending command: path=/lights/3/set, value=ON
2025-08-06 13:16:18.113 DEBUG (MainThread) [custom_components.commax.rs485_client] Sending command: {"type": "SET", "path": "/lights/3/set", "value": "ON", "id": "commax_18632036", "timeout": 5}
2025-08-06 13:16:18.119 DEBUG (MainThread) [custom_components.commax.rs485_client] Received response: {'id': 'commax_18632036', 'success': True, 'data': 'LIGHT_COMMAND_SENT'}
2025-08-06 13:16:18.120 DEBUG (MainThread) [custom_components.commax.light] Received successful response: {'id': 'commax_18632036', 'success': True, 'data': 'LIGHT_COMMAND_SENT'}
2025-08-06 13:16:18.122 DEBUG (MainThread) [homeassistant.core] Bus:Handling <Event state_changed[L]: entity_id=light.geosil_jomyeong3, old_state=<state light.geosil_jomyeong3=off; supported_color_modes=[<ColorMode.ONOFF: 'onoff'>], color_mode=None, friendly_name=거실 조명3, supported_features=0 @ 2025-08-06T13:16:12.335348+09:00>, new_state=<state light.geosil_jomyeong3=on; supported_color_modes=[<ColorMode.ONOFF: 'onoff'>], color_mode=onoff, friendly_name=거실 조명3, supported_features=0 @ 2025-08-06T13:16:18.121167+09:00>>
2025-08-06 13:16:18.122 INFO (MainThread) [custom_components.commax.light] Light 거실 조명3 turned ON
2025-08-06 13:16:18.123 DEBUG (MainThread) [custom_components.commax.light] Updating state for light: 거실 조명3
2025-08-06 13:16:18.123 DEBUG (MainThread) [custom_components.commax.light] Getting state: path=/lights/3/state
2025-08-06 13:16:18.123 DEBUG (MainThread) [custom_components.commax.rs485_client] Sending command: {"type": "GET", "path": "/lights/3/state", "value": null, "id": "commax_18632045", "timeout": 5}
2025-08-06 13:16:18.127 DEBUG (MainThread) [custom_components.commax.rs485_client] Received response: {'id': 'commax_18632045', 'success': True, 'data': 'OFF'}
2025-08-06 13:16:18.127 DEBUG (MainThread) [custom_components.commax.light] Received state response: {'id': 'commax_18632045', 'success': True, 'data': 'OFF'}
2025-08-06 13:16:18.129 INFO (MainThread) [custom_components.commax.light] Light 거실 조명3 state updated: is_on=False, available=True
2025-08-06 13:16:18.129 DEBUG (MainThread) [homeassistant.core] Bus:Handling <Event state_changed[L]: entity_id=light.geosil_jomyeong3, old_state=<state light.geosil_jomyeong3=on; supported_color_modes=[<ColorMode.ONOFF: 'onoff'>], color_mode=onoff, friendly_name=거실 조명3, supported_features=0 @ 2025-08-06T13:16:18.121167+09:00>, new_state=<state light.geosil_jomyeong3=off; supported_color_modes=[<ColorMode.ONOFF: 'onoff'>], color_mode=None, friendly_name=거실 조명3, supported_features=0 @ 2025-08-06T13:16:18.129363+09:00>>
2025-08-06 13:16:18.129 DEBUG (MainThread) [custom_components.commax.light] State written to Home Assistant for light 거실 조명3
2025-08-06 13:16:18.130 DEBUG (MainThread) [homeassistant.core] Bus:Handling <Event state_reported[L]: entity_id=light.geosil_jomyeong3, old_last_reported=2025-08-06T13:16:18.129363+09:00, new_state=<state light.geosil_jomyeong3=off; supported_color_modes=[<ColorMode.ONOFF: 'onoff'>], color_mode=None, friendly_name=거실 조명3, supported_features=0 @ 2025-08-06T13:16:18.129363+09:00>>
2025-08-06 13:16:18.505 DEBUG (MainThread) [homeassistant.core] Bus:Handling <Event call_service[L]: domain=light, service=turn_on, service_data=entity_id=light.geosil_jomyeong3>
2025-08-06 13:16:18.522 DEBUG (MainThread) [custom_components.commax.light] Attempting to turn ON light: 거실 조명3
2025-08-06 13:16:18.523 DEBUG (MainThread) [custom_components.commax.light] Sending command: path=/lights/3/set, value=ON
2025-08-06 13:16:18.523 DEBUG (MainThread) [custom_components.commax.rs485_client] Sending command: {"type": "SET", "path": "/lights/3/set", "value": "ON", "id": "commax_18632445", "timeout": 5}
2025-08-06 13:16:18.526 DEBUG (MainThread) [custom_components.commax.rs485_client] Received response: {'id': 'commax_18632445', 'success': True, 'data': 'LIGHT_COMMAND_SENT'}
2025-08-06 13:16:18.526 DEBUG (MainThread) [custom_components.commax.light] Received successful response: {'id': 'commax_18632445', 'success': True, 'data': 'LIGHT_COMMAND_SENT'}
2025-08-06 13:16:18.528 DEBUG (MainThread) [homeassistant.core] Bus:Handling <Event state_changed[L]: entity_id=light.geosil_jomyeong3, old_state=<state light.geosil_jomyeong3=off; supported_color_modes=[<ColorMode.ONOFF: 'onoff'>], color_mode=None, friendly_name=거실 조명3, supported_features=0 @ 2025-08-06T13:16:18.129363+09:00>, new_state=<state light.geosil_jomyeong3=on; supported_color_modes=[<ColorMode.ONOFF: 'onoff'>], color_mode=onoff, friendly_name=거실 조명3, supported_features=0 @ 2025-08-06T13:16:18.527888+09:00>>
2025-08-06 13:16:18.528 INFO (MainThread) [custom_components.commax.light] Light 거실 조명3 turned ON
2025-08-06 13:16:18.530 DEBUG (MainThread) [custom_components.commax.light] Updating state for light: 거실 조명3
2025-08-06 13:16:18.530 DEBUG (MainThread) [custom_components.commax.light] Getting state: path=/lights/3/state
2025-08-06 13:16:18.531 DEBUG (MainThread) [custom_components.commax.rs485_client] Sending command: {"type": "GET", "path": "/lights/3/state", "value": null, "id": "commax_18632453", "timeout": 5}
2025-08-06 13:16:18.536 DEBUG (MainThread) [custom_components.commax.rs485_client] Received response: {'id': 'commax_18632453', 'success': True, 'data': 'OFF'}
2025-08-06 13:16:18.537 DEBUG (MainThread) [custom_components.commax.light] Received state response: {'id': 'commax_18632453', 'success': True, 'data': 'OFF'}
2025-08-06 13:16:18.537 INFO (MainThread) [custom_components.commax.light] Light 거실 조명3 state updated: is_on=False, available=True
2025-08-06 13:16:18.537 DEBUG (MainThread) [homeassistant.core] Bus:Handling <Event state_changed[L]: entity_id=light.geosil_jomyeong3, old_state=<state light.geosil_jomyeong3=on; supported_color_modes=[<ColorMode.ONOFF: 'onoff'>], color_mode=onoff, friendly_name=거실 조명3, supported_features=0 @ 2025-08-06T13:16:18.527888+09:00>, new_state=<state light.geosil_jomyeong3=off; supported_color_modes=[<ColorMode.ONOFF: 'onoff'>], color_mode=None, friendly_name=거실 조명3, supported_features=0 @ 2025-08-06T13:16:18.537629+09:00>>
2025-08-06 13:16:18.538 DEBUG (MainThread) [custom_components.commax.light] State written to Home Assistant for light 거실 조명3
2025-08-06 13:16:18.538 DEBUG (MainThread) [homeassistant.core] Bus:Handling <Event state_reported[L]: entity_id=light.geosil_jomyeong3, old_last_reported=2025-08-06T13:16:18.537629+09:00, new_state=<state light.geosil_jomyeong3=off; supported_color_modes=[<ColorMode.ONOFF: 'onoff'>], color_mode=None, friendly_name=거실 조명3, supported_features=0 @ 2025-08-06T13:16:18.537629+09:00>>
2025-08-06 13:16:18.922 DEBUG (MainThread) [homeassistant.core] Bus:Handling <Event call_service[L]: domain=light, service=turn_on, service_data=entity_id=light.geosil_jomyeong3>
2025-08-06 13:16:18.922 DEBUG (MainThread) [custom_components.commax.light] Attempting to turn ON light: 거실 조명3
2025-08-06 13:16:18.922 DEBUG (MainThread) [custom_components.commax.light] Sending command: path=/lights/3/set, value=ON
2025-08-06 13:16:18.922 DEBUG (MainThread) [custom_components.commax.rs485_client] Sending command: {"type": "SET", "path": "/lights/3/set", "value": "ON", "id": "commax_18632844", "timeout": 5}
2025-08-06 13:16:18.927 DEBUG (MainThread) [custom_components.commax.rs485_client] Received response: {'id': 'commax_18632844', 'success': True, 'data': 'LIGHT_COMMAND_SENT'}
2025-08-06 13:16:18.928 DEBUG (MainThread) [custom_components.commax.light] Received successful response: {'id': 'commax_18632844', 'success': True, 'data': 'LIGHT_COMMAND_SENT'}
2025-08-06 13:16:18.928 DEBUG (MainThread) [homeassistant.core] Bus:Handling <Event state_changed[L]: entity_id=light.geosil_jomyeong3, old_state=<state light.geosil_jomyeong3=off; supported_color_modes=[<ColorMode.ONOFF: 'onoff'>], color_mode=None, friendly_name=거실 조명3, supported_features=0 @ 2025-08-06T13:16:18.537629+09:00>, new_state=<state light.geosil_jomyeong3=on; supported_color_modes=[<ColorMode.ONOFF: 'onoff'>], color_mode=onoff, friendly_name=거실 조명3, supported_features=0 @ 2025-08-06T13:16:18.928362+09:00>>
2025-08-06 13:16:18.928 INFO (MainThread) [custom_components.commax.light] Light 거실 조명3 turned ON
2025-08-06 13:16:18.929 DEBUG (MainThread) [custom_components.commax.light] Updating state for light: 거실 조명3
2025-08-06 13:16:18.929 DEBUG (MainThread) [custom_components.commax.light] Getting state: path=/lights/3/state
2025-08-06 13:16:18.929 DEBUG (MainThread) [custom_components.commax.rs485_client] Sending command: {"type": "GET", "path": "/lights/3/state", "value": null, "id": "commax_18632851", "timeout": 5}
2025-08-06 13:16:18.932 DEBUG (MainThread) [custom_components.commax.rs485_client] Received response: {'id': 'commax_18632851', 'success': True, 'data': 'OFF'}
2025-08-06 13:16:18.932 DEBUG (MainThread) [custom_components.commax.light] Received state response: {'id': 'commax_18632851', 'success': True, 'data': 'OFF'}
2025-08-06 13:16:18.932 INFO (MainThread) [custom_components.commax.light] Light 거실 조명3 state updated: is_on=False, available=True
2025-08-06 13:16:18.933 DEBUG (MainThread) [homeassistant.core] Bus:Handling <Event state_changed[L]: entity_id=light.geosil_jomyeong3, old_state=<state light.geosil_jomyeong3=on; supported_color_modes=[<ColorMode.ONOFF: 'onoff'>], color_mode=onoff, friendly_name=거실 조명3, supported_features=0 @ 2025-08-06T13:16:18.928362+09:00>, new_state=<state light.geosil_jomyeong3=off; supported_color_modes=[<ColorMode.ONOFF: 'onoff'>], color_mode=None, friendly_name=거실 조명3, supported_features=0 @ 2025-08-06T13:16:18.932933+09:00>>
2025-08-06 13:16:18.933 DEBUG (MainThread) [custom_components.commax.light] State written to Home Assistant for light 거실 조명3
2025-08-06 13:16:18.933 DEBUG (MainThread) [homeassistant.core] Bus:Handling <Event state_reported[L]: entity_id=light.geosil_jomyeong3, old_last_reported=2025-08-06T13:16:18.932933+09:00, new_state=<state light.geosil_jomyeong3=off; supported_color_modes=[<ColorMode.ONOFF: 'onoff'>], color_mode=None, friendly_name=거실 조명3, supported_features=0 @ 2025-08-06T13:16:18.932933+09:00>>
2025-08-06 13:16:19.485 DEBUG (MainThread) [homeassistant.core] Bus:Handling <Event call_service[L]: domain=light, service=turn_on, service_data=entity_id=light.geosil_jomyeong3>
2025-08-06 13:16:19.486 DEBUG (MainThread) [custom_components.commax.light] Attempting to turn ON light: 거실 조명3
2025-08-06 13:16:19.486 DEBUG (MainThread) [custom_components.commax.light] Sending command: path=/lights/3/set, value=ON
2025-08-06 13:16:19.486 DEBUG (MainThread) [custom_components.commax.rs485_client] Sending command: {"type": "SET", "path": "/lights/3/set", "value": "ON", "id": "commax_18633408", "timeout": 5}
2025-08-06 13:16:19.494 DEBUG (MainThread) [custom_components.commax.rs485_client] Received response: {'id': 'commax_18633408', 'success': True, 'data': 'LIGHT_COMMAND_SENT'}
2025-08-06 13:16:19.494 DEBUG (MainThread) [custom_components.commax.light] Received successful response: {'id': 'commax_18633408', 'success': True, 'data': 'LIGHT_COMMAND_SENT'}
2025-08-06 13:16:19.494 DEBUG (MainThread) [homeassistant.core] Bus:Handling <Event state_changed[L]: entity_id=light.geosil_jomyeong3, old_state=<state light.geosil_jomyeong3=off; supported_color_modes=[<ColorMode.ONOFF: 'onoff'>], color_mode=None, friendly_name=거실 조명3, supported_features=0 @ 2025-08-06T13:16:18.932933+09:00>, new_state=<state light.geosil_jomyeong3=on; supported_color_modes=[<ColorMode.ONOFF: 'onoff'>], color_mode=onoff, friendly_name=거실 조명3, supported_features=0 @ 2025-08-06T13:16:19.494536+09:00>>
2025-08-06 13:16:19.495 INFO (MainThread) [custom_components.commax.light] Light 거실 조명3 turned ON
2025-08-06 13:16:19.495 DEBUG (MainThread) [custom_components.commax.light] Updating state for light: 거실 조명3
2025-08-06 13:16:19.495 DEBUG (MainThread) [custom_components.commax.light] Getting state: path=/lights/3/state
2025-08-06 13:16:19.495 DEBUG (MainThread) [custom_components.commax.rs485_client] Sending command: {"type": "GET", "path": "/lights/3/state", "value": null, "id": "commax_18633417", "timeout": 5}
2025-08-06 13:16:19.499 DEBUG (MainThread) [custom_components.commax.rs485_client] Received response: {'id': 'commax_18633417', 'success': True, 'data': 'OFF'}
2025-08-06 13:16:19.499 DEBUG (MainThread) [custom_components.commax.light] Received state response: {'id': 'commax_18633417', 'success': True, 'data': 'OFF'}
2025-08-06 13:16:19.499 INFO (MainThread) [custom_components.commax.light] Light 거실 조명3 state updated: is_on=False, available=True
2025-08-06 13:16:19.501 DEBUG (MainThread) [homeassistant.core] Bus:Handling <Event state_changed[L]: entity_id=light.geosil_jomyeong3, old_state=<state light.geosil_jomyeong3=on; supported_color_modes=[<ColorMode.ONOFF: 'onoff'>], color_mode=onoff, friendly_name=거실 조명3, supported_features=0 @ 2025-08-06T13:16:19.494536+09:00>, new_state=<state light.geosil_jomyeong3=off; supported_color_modes=[<ColorMode.ONOFF: 'onoff'>], color_mode=None, friendly_name=거실 조명3, supported_features=0 @ 2025-08-06T13:16:19.500891+09:00>>
2025-08-06 13:16:19.501 DEBUG (MainThread) [custom_components.commax.light] State written to Home Assistant for light 거실 조명3
2025-08-06 13:16:19.501 DEBUG (MainThread) [homeassistant.core] Bus:Handling <Event state_reported[L]: entity_id=light.geosil_jomyeong3, old_last_reported=2025-08-06T13:16:19.500891+09:00, new_state=<state light.geosil_jomyeong3=off; supported_color_modes=[<ColorMode.ONOFF: 'onoff'>], color_mode=None, friendly_name=거실 조명3, supported_features=0 @ 2025-08-06T13:16:19.500891+09:00>>
2025-08-06 13:16:20.584 DEBUG (MainThread) [homeassistant.core] Bus:Handling <Event call_service[L]: domain=light, service=turn_on, service_data=entity_id=light.geosil_jomyeong3>
2025-08-06 13:16:20.584 DEBUG (MainThread) [custom_components.commax.light] Attempting to turn ON light: 거실 조명3
2025-08-06 13:16:20.584 DEBUG (MainThread) [custom_components.commax.light] Sending command: path=/lights/3/set, value=ON
2025-08-06 13:16:20.584 DEBUG (MainThread) [custom_components.commax.rs485_client] Sending command: {"type": "SET", "path": "/lights/3/set", "value": "ON", "id": "commax_18634506", "timeout": 5}
2025-08-06 13:16:20.588 DEBUG (MainThread) [custom_components.commax.rs485_client] Received response: {'id': 'commax_18634506', 'success': True, 'data': 'LIGHT_COMMAND_SENT'}
2025-08-06 13:16:20.588 DEBUG (MainThread) [custom_components.commax.light] Received successful response: {'id': 'commax_18634506', 'success': True, 'data': 'LIGHT_COMMAND_SENT'}
2025-08-06 13:16:20.588 DEBUG (MainThread) [homeassistant.core] Bus:Handling <Event state_changed[L]: entity_id=light.geosil_jomyeong3, old_state=<state light.geosil_jomyeong3=off; supported_color_modes=[<ColorMode.ONOFF: 'onoff'>], color_mode=None, friendly_name=거실 조명3, supported_features=0 @ 2025-08-06T13:16:19.500891+09:00>, new_state=<state light.geosil_jomyeong3=on; supported_color_modes=[<ColorMode.ONOFF: 'onoff'>], color_mode=onoff, friendly_name=거실 조명3, supported_features=0 @ 2025-08-06T13:16:20.588385+09:00>>
2025-08-06 13:16:20.589 INFO (MainThread) [custom_components.commax.light] Light 거실 조명3 turned ON
2025-08-06 13:16:20.589 DEBUG (MainThread) [custom_components.commax.light] Updating state for light: 거실 조명3
2025-08-06 13:16:20.589 DEBUG (MainThread) [custom_components.commax.light] Getting state: path=/lights/3/state
2025-08-06 13:16:20.589 DEBUG (MainThread) [custom_components.commax.rs485_client] Sending command: {"type": "GET", "path": "/lights/3/state", "value": null, "id": "commax_18634511", "timeout": 5}
2025-08-06 13:16:20.591 DEBUG (MainThread) [custom_components.commax.rs485_client] Received response: {'id': 'commax_18634511', 'success': True, 'data': 'OFF'}
2025-08-06 13:16:20.592 DEBUG (MainThread) [custom_components.commax.light] Received state response: {'id': 'commax_18634511', 'success': True, 'data': 'OFF'}
2025-08-06 13:16:20.592 INFO (MainThread) [custom_components.commax.light] Light 거실 조명3 state updated: is_on=False, available=True
2025-08-06 13:16:20.592 DEBUG (MainThread) [homeassistant.core] Bus:Handling <Event state_changed[L]: entity_id=light.geosil_jomyeong3, old_state=<state light.geosil_jomyeong3=on; supported_color_modes=[<ColorMode.ONOFF: 'onoff'>], color_mode=onoff, friendly_name=거실 조명3, supported_features=0 @ 2025-08-06T13:16:20.588385+09:00>, new_state=<state light.geosil_jomyeong3=off; supported_color_modes=[<ColorMode.ONOFF: 'onoff'>], color_mode=None, friendly_name=거실 조명3, supported_features=0 @ 2025-08-06T13:16:20.592206+09:00>>
2025-08-06 13:16:20.592 DEBUG (MainThread) [custom_components.commax.light] State written to Home Assistant for light 거실 조명3
2025-08-06 13:16:20.592 DEBUG (MainThread) [homeassistant.core] Bus:Handling <Event state_reported[L]: entity_id=light.geosil_jomyeong3, old_last_reported=2025-08-06T13:16:20.592206+09:00, new_state=<state light.geosil_jomyeong3=off; supported_color_modes=[<ColorMode.ONOFF: 'onoff'>], color_mode=None, friendly_name=거실 조명3, supported_features=0 @ 2025-08-06T13:16:20.592206+09:00>>
2025-08-06 13:16:21.094 DEBUG (MainThread) [homeassistant.core] Bus:Handling <Event call_service[L]: domain=light, service=turn_on, service_data=entity_id=light.geosil_jomyeong3>
2025-08-06 13:16:21.095 DEBUG (MainThread) [custom_components.commax.light] Attempting to turn ON light: 거실 조명3
2025-08-06 13:16:21.097 DEBUG (MainThread) [custom_components.commax.light] Sending command: path=/lights/3/set, value=ON
2025-08-06 13:16:21.097 DEBUG (MainThread) [custom_components.commax.rs485_client] Sending command: {"type": "SET", "path": "/lights/3/set", "value": "ON", "id": "commax_18635019", "timeout": 5}
2025-08-06 13:16:21.120 DEBUG (MainThread) [custom_components.commax.rs485_client] Received response: {'id': 'commax_18635019', 'success': True, 'data': 'LIGHT_COMMAND_SENT'}
2025-08-06 13:16:21.120 DEBUG (MainThread) [custom_components.commax.light] Received successful response: {'id': 'commax_18635019', 'success': True, 'data': 'LIGHT_COMMAND_SENT'}
2025-08-06 13:16:21.120 DEBUG (MainThread) [homeassistant.core] Bus:Handling <Event state_changed[L]: entity_id=light.geosil_jomyeong3, old_state=<state light.geosil_jomyeong3=off; supported_color_modes=[<ColorMode.ONOFF: 'onoff'>], color_mode=None, friendly_name=거실 조명3, supported_features=0 @ 2025-08-06T13:16:20.592206+09:00>, new_state=<state light.geosil_jomyeong3=on; supported_color_modes=[<ColorMode.ONOFF: 'onoff'>], color_mode=onoff, friendly_name=거실 조명3, supported_features=0 @ 2025-08-06T13:16:21.120512+09:00>>
2025-08-06 13:16:21.121 INFO (MainThread) [custom_components.commax.light] Light 거실 조명3 turned ON
2025-08-06 13:16:21.121 DEBUG (MainThread) [custom_components.commax.light] Updating state for light: 거실 조명3
2025-08-06 13:16:21.121 DEBUG (MainThread) [custom_components.commax.light] Getting state: path=/lights/3/state
2025-08-06 13:16:21.122 DEBUG (MainThread) [custom_components.commax.rs485_client] Sending command: {"type": "GET", "path": "/lights/3/state", "value": null, "id": "commax_18635044", "timeout": 5}
2025-08-06 13:16:21.125 DEBUG (MainThread) [custom_components.commax.rs485_client] Received response: {'id': 'commax_18635044', 'success': True, 'data': 'OFF'}
2025-08-06 13:16:21.125 DEBUG (MainThread) [custom_components.commax.light] Received state response: {'id': 'commax_18635044', 'success': True, 'data': 'OFF'}
2025-08-06 13:16:21.126 INFO (MainThread) [custom_components.commax.light] Light 거실 조명3 state updated: is_on=False, available=True
2025-08-06 13:16:21.126 DEBUG (MainThread) [homeassistant.core] Bus:Handling <Event state_changed[L]: entity_id=light.geosil_jomyeong3, old_state=<state light.geosil_jomyeong3=on; supported_color_modes=[<ColorMode.ONOFF: 'onoff'>], color_mode=onoff, friendly_name=거실 조명3, supported_features=0 @ 2025-08-06T13:16:21.120512+09:00>, new_state=<state light.geosil_jomyeong3=off; supported_color_modes=[<ColorMode.ONOFF: 'onoff'>], color_mode=None, friendly_name=거실 조명3, supported_features=0 @ 2025-08-06T13:16:21.126363+09:00>>
2025-08-06 13:16:21.128 DEBUG (MainThread) [custom_components.commax.light] State written to Home Assistant for light 거실 조명3
2025-08-06 13:16:21.128 DEBUG (MainThread) [homeassistant.core] Bus:Handling <Event state_reported[L]: entity_id=light.geosil_jomyeong3, old_last_reported=2025-08-06T13:16:21.126363+09:00, new_state=<state light.geosil_jomyeong3=off; supported_color_modes=[<ColorMode.ONOFF: 'onoff'>], color_mode=None, friendly_name=거실 조명3, supported_features=0 @ 2025-08-06T13:16:21.126363+09:00>>
2025-08-06 13:16:21.393 DEBUG (MainThread) [homeassistant.core] Bus:Handling <Event call_service[L]: domain=light, service=turn_on, service_data=entity_id=light.geosil_jomyeong3>
2025-08-06 13:16:21.393 DEBUG (MainThread) [custom_components.commax.light] Attempting to turn ON light: 거실 조명3
2025-08-06 13:16:21.393 DEBUG (MainThread) [custom_components.commax.light] Sending command: path=/lights/3/set, value=ON
2025-08-06 13:16:21.393 DEBUG (MainThread) [custom_components.commax.rs485_client] Sending command: {"type": "SET", "path": "/lights/3/set", "value": "ON", "id": "commax_18635315", "timeout": 5}
2025-08-06 13:16:21.395 DEBUG (MainThread) [custom_components.commax.rs485_client] Received response: {'id': 'commax_18635315', 'success': True, 'data': 'LIGHT_COMMAND_SENT'}
2025-08-06 13:16:21.395 DEBUG (MainThread) [custom_components.commax.light] Received successful response: {'id': 'commax_18635315', 'success': True, 'data': 'LIGHT_COMMAND_SENT'}
2025-08-06 13:16:21.395 DEBUG (MainThread) [homeassistant.core] Bus:Handling <Event state_changed[L]: entity_id=light.geosil_jomyeong3, old_state=<state light.geosil_jomyeong3=off; supported_color_modes=[<ColorMode.ONOFF: 'onoff'>], color_mode=None, friendly_name=거실 조명3, supported_features=0 @ 2025-08-06T13:16:21.126363+09:00>, new_state=<state light.geosil_jomyeong3=on; supported_color_modes=[<ColorMode.ONOFF: 'onoff'>], color_mode=onoff, friendly_name=거실 조명3, supported_features=0 @ 2025-08-06T13:16:21.395464+09:00>>
2025-08-06 13:16:21.395 INFO (MainThread) [custom_components.commax.light] Light 거실 조명3 turned ON
2025-08-06 13:16:21.396 DEBUG (MainThread) [custom_components.commax.light] Updating state for light: 거실 조명3
2025-08-06 13:16:21.396 DEBUG (MainThread) [custom_components.commax.light] Getting state: path=/lights/3/state
2025-08-06 13:16:21.397 DEBUG (MainThread) [custom_components.commax.rs485_client] Sending command: {"type": "GET", "path": "/lights/3/state", "value": null, "id": "commax_18635319", "timeout": 5}
2025-08-06 13:16:21.398 DEBUG (MainThread) [custom_components.commax.rs485_client] Received response: {'id': 'commax_18635319', 'success': True, 'data': 'OFF'}
2025-08-06 13:16:21.398 DEBUG (MainThread) [custom_components.commax.light] Received state response: {'id': 'commax_18635319', 'success': True, 'data': 'OFF'}
2025-08-06 13:16:21.398 INFO (MainThread) [custom_components.commax.light] Light 거실 조명3 state updated: is_on=False, available=True
2025-08-06 13:16:21.399 DEBUG (MainThread) [homeassistant.core] Bus:Handling <Event state_changed[L]: entity_id=light.geosil_jomyeong3, old_state=<state light.geosil_jomyeong3=on; supported_color_modes=[<ColorMode.ONOFF: 'onoff'>], color_mode=onoff, friendly_name=거실 조명3, supported_features=0 @ 2025-08-06T13:16:21.395464+09:00>, new_state=<state light.geosil_jomyeong3=off; supported_color_modes=[<ColorMode.ONOFF: 'onoff'>], color_mode=None, friendly_name=거실 조명3, supported_features=0 @ 2025-08-06T13:16:21.399446+09:00>>
2025-08-06 13:16:21.400 DEBUG (MainThread) [custom_components.commax.light] State written to Home Assistant for light 거실 조명3
2025-08-06 13:16:21.400 DEBUG (MainThread) [homeassistant.core] Bus:Handling <Event state_reported[L]: entity_id=light.geosil_jomyeong3, old_last_reported=2025-08-06T13:16:21.399446+09:00, new_state=<state light.geosil_jomyeong3=off; supported_color_modes=[<ColorMode.ONOFF: 'onoff'>], color_mode=None, friendly_name=거실 조명3, supported_features=0 @ 2025-08-06T13:16:21.399446+09:00>>
2025-08-06 13:16:21.972 DEBUG (MainThread) [homeassistant.core] Bus:Handling <Event call_service[L]: domain=light, service=turn_on, service_data=entity_id=light.geosil_jomyeong3>
2025-08-06 13:16:21.973 DEBUG (MainThread) [custom_components.commax.light] Attempting to turn ON light: 거실 조명3
2025-08-06 13:16:21.973 DEBUG (MainThread) [custom_components.commax.light] Sending command: path=/lights/3/set, value=ON
2025-08-06 13:16:21.973 DEBUG (MainThread) [custom_components.commax.rs485_client] Sending command: {"type": "SET", "path": "/lights/3/set", "value": "ON", "id": "commax_18635895", "timeout": 5}
2025-08-06 13:16:21.995 DEBUG (MainThread) [custom_components.commax.rs485_client] Received response: {'id': 'commax_18635895', 'success': True, 'data': 'LIGHT_COMMAND_SENT'}
2025-08-06 13:16:21.995 DEBUG (MainThread) [custom_components.commax.light] Received successful response: {'id': 'commax_18635895', 'success': True, 'data': 'LIGHT_COMMAND_SENT'}
2025-08-06 13:16:21.999 DEBUG (MainThread) [homeassistant.core] Bus:Handling <Event state_changed[L]: entity_id=light.geosil_jomyeong3, old_state=<state light.geosil_jomyeong3=off; supported_color_modes=[<ColorMode.ONOFF: 'onoff'>], color_mode=None, friendly_name=거실 조명3, supported_features=0 @ 2025-08-06T13:16:21.399446+09:00>, new_state=<state light.geosil_jomyeong3=on; supported_color_modes=[<ColorMode.ONOFF: 'onoff'>], color_mode=onoff, friendly_name=거실 조명3, supported_features=0 @ 2025-08-06T13:16:21.995831+09:00>>
2025-08-06 13:16:21.999 INFO (MainThread) [custom_components.commax.light] Light 거실 조명3 turned ON
2025-08-06 13:16:21.999 DEBUG (MainThread) [custom_components.commax.light] Updating state for light: 거실 조명3
2025-08-06 13:16:21.999 DEBUG (MainThread) [custom_components.commax.light] Getting state: path=/lights/3/state
2025-08-06 13:16:21.999 DEBUG (MainThread) [custom_components.commax.rs485_client] Sending command: {"type": "GET", "path": "/lights/3/state", "value": null, "id": "commax_18635921", "timeout": 5}
2025-08-06 13:16:22.008 DEBUG (MainThread) [custom_components.commax.rs485_client] Received response: {'id': 'commax_18635921', 'success': True, 'data': 'OFF'}
2025-08-06 13:16:22.008 DEBUG (MainThread) [custom_components.commax.light] Received state response: {'id': 'commax_18635921', 'success': True, 'data': 'OFF'}
2025-08-06 13:16:22.008 INFO (MainThread) [custom_components.commax.light] Light 거실 조명3 state updated: is_on=False, available=True
2025-08-06 13:16:22.008 DEBUG (MainThread) [homeassistant.core] Bus:Handling <Event state_changed[L]: entity_id=light.geosil_jomyeong3, old_state=<state light.geosil_jomyeong3=on; supported_color_modes=[<ColorMode.ONOFF: 'onoff'>], color_mode=onoff, friendly_name=거실 조명3, supported_features=0 @ 2025-08-06T13:16:21.995831+09:00>, new_state=<state light.geosil_jomyeong3=off; supported_color_modes=[<ColorMode.ONOFF: 'onoff'>], color_mode=None, friendly_name=거실 조명3, supported_features=0 @ 2025-08-06T13:16:22.008470+09:00>>
2025-08-06 13:16:22.009 DEBUG (MainThread) [custom_components.commax.light] State written to Home Assistant for light 거실 조명3
2025-08-06 13:16:22.009 DEBUG (MainThread) [homeassistant.core] Bus:Handling <Event state_reported[L]: entity_id=light.geosil_jomyeong3, old_last_reported=2025-08-06T13:16:22.008470+09:00, new_state=<state light.geosil_jomyeong3=off; supported_color_modes=[<ColorMode.ONOFF: 'onoff'>], color_mode=None, friendly_name=거실 조명3, supported_features=0 @ 2025-08-06T13:16:22.008470+09:00>>
2025-08-06 13:16:22.281 DEBUG (MainThread) [homeassistant.core] Bus:Handling <Event call_service[L]: domain=light, service=turn_on, service_data=entity_id=light.geosil_jomyeong3>
2025-08-06 13:16:22.281 DEBUG (MainThread) [custom_components.commax.light] Attempting to turn ON light: 거실 조명3
2025-08-06 13:16:22.281 DEBUG (MainThread) [custom_components.commax.light] Sending command: path=/lights/3/set, value=ON
2025-08-06 13:16:22.282 DEBUG (MainThread) [custom_components.commax.rs485_client] Sending command: {"type": "SET", "path": "/lights/3/set", "value": "ON", "id": "commax_18636204", "timeout": 5}
2025-08-06 13:16:22.284 DEBUG (MainThread) [custom_components.commax.rs485_client] Received response: {'id': 'commax_18636204', 'success': True, 'data': 'LIGHT_COMMAND_SENT'}
2025-08-06 13:16:22.285 DEBUG (MainThread) [custom_components.commax.light] Received successful response: {'id': 'commax_18636204', 'success': True, 'data': 'LIGHT_COMMAND_SENT'}
2025-08-06 13:16:22.285 DEBUG (MainThread) [homeassistant.core] Bus:Handling <Event state_changed[L]: entity_id=light.geosil_jomyeong3, old_state=<state light.geosil_jomyeong3=off; supported_color_modes=[<ColorMode.ONOFF: 'onoff'>], color_mode=None, friendly_name=거실 조명3, supported_features=0 @ 2025-08-06T13:16:22.008470+09:00>, new_state=<state light.geosil_jomyeong3=on; supported_color_modes=[<ColorMode.ONOFF: 'onoff'>], color_mode=onoff, friendly_name=거실 조명3, supported_features=0 @ 2025-08-06T13:16:22.285395+09:00>>
2025-08-06 13:16:22.286 INFO (MainThread) [custom_components.commax.light] Light 거실 조명3 turned ON
2025-08-06 13:16:22.287 DEBUG (MainThread) [custom_components.commax.light] Updating state for light: 거실 조명3
2025-08-06 13:16:22.288 DEBUG (MainThread) [custom_components.commax.light] Getting state: path=/lights/3/state
2025-08-06 13:16:22.288 DEBUG (MainThread) [custom_components.commax.rs485_client] Sending command: {"type": "GET", "path": "/lights/3/state", "value": null, "id": "commax_18636210", "timeout": 5}
2025-08-06 13:16:22.292 DEBUG (MainThread) [custom_components.commax.rs485_client] Received response: {'id': 'commax_18636210', 'success': True, 'data': 'OFF'}
2025-08-06 13:16:22.292 DEBUG (MainThread) [custom_components.commax.light] Received state response: {'id': 'commax_18636210', 'success': True, 'data': 'OFF'}
2025-08-06 13:16:22.292 INFO (MainThread) [custom_components.commax.light] Light 거실 조명3 state updated: is_on=False, available=True
2025-08-06 13:16:22.292 DEBUG (MainThread) [homeassistant.core] Bus:Handling <Event state_changed[L]: entity_id=light.geosil_jomyeong3, old_state=<state light.geosil_jomyeong3=on; supported_color_modes=[<ColorMode.ONOFF: 'onoff'>], color_mode=onoff, friendly_name=거실 조명3, supported_features=0 @ 2025-08-06T13:16:22.285395+09:00>, new_state=<state light.geosil_jomyeong3=off; supported_color_modes=[<ColorMode.ONOFF: 'onoff'>], color_mode=None, friendly_name=거실 조명3, supported_features=0 @ 2025-08-06T13:16:22.292360+09:00>>
2025-08-06 13:16:22.293 DEBUG (MainThread) [custom_components.commax.light] State written to Home Assistant for light 거실 조명3
2025-08-06 13:16:22.293 DEBUG (MainThread) [homeassistant.core] Bus:Handling <Event state_reported[L]: entity_id=light.geosil_jomyeong3, old_last_reported=2025-08-06T13:16:22.292360+09:00, new_state=<state light.geosil_jomyeong3=off; supported_color_modes=[<ColorMode.ONOFF: 'onoff'>], color_mode=None, friendly_name=거실 조명3, supported_features=0 @ 2025-08-06T13:16:22.292360+09:00>>
2025-08-06 13:16:22.448 DEBUG (MainThread) [homeassistant.core] Bus:Handling <Event call_service[L]: domain=light, service=turn_on, service_data=entity_id=light.geosil_jomyeong3>
2025-08-06 13:16:22.449 DEBUG (MainThread) [custom_components.commax.light] Attempting to turn ON light: 거실 조명3
2025-08-06 13:16:22.449 DEBUG (MainThread) [custom_components.commax.light] Sending command: path=/lights/3/set, value=ON
2025-08-06 13:16:22.450 DEBUG (MainThread) [custom_components.commax.rs485_client] Sending command: {"type": "SET", "path": "/lights/3/set", "value": "ON", "id": "commax_18636372", "timeout": 5}
2025-08-06 13:16:22.458 DEBUG (MainThread) [custom_components.commax.rs485_client] Received response: {'id': 'commax_18636372', 'success': True, 'data': 'LIGHT_COMMAND_SENT'}
2025-08-06 13:16:22.459 DEBUG (MainThread) [custom_components.commax.light] Received successful response: {'id': 'commax_18636372', 'success': True, 'data': 'LIGHT_COMMAND_SENT'}
2025-08-06 13:16:22.460 DEBUG (MainThread) [homeassistant.core] Bus:Handling <Event state_changed[L]: entity_id=light.geosil_jomyeong3, old_state=<state light.geosil_jomyeong3=off; supported_color_modes=[<ColorMode.ONOFF: 'onoff'>], color_mode=None, friendly_name=거실 조명3, supported_features=0 @ 2025-08-06T13:16:22.292360+09:00>, new_state=<state light.geosil_jomyeong3=on; supported_color_modes=[<ColorMode.ONOFF: 'onoff'>], color_mode=onoff, friendly_name=거실 조명3, supported_features=0 @ 2025-08-06T13:16:22.459984+09:00>>
2025-08-06 13:16:22.460 INFO (MainThread) [custom_components.commax.light] Light 거실 조명3 turned ON
2025-08-06 13:16:22.465 DEBUG (MainThread) [custom_components.commax.light] Updating state for light: 거실 조명3
2025-08-06 13:16:22.465 DEBUG (MainThread) [custom_components.commax.light] Getting state: path=/lights/3/state
2025-08-06 13:16:22.465 DEBUG (MainThread) [custom_components.commax.rs485_client] Sending command: {"type": "GET", "path": "/lights/3/state", "value": null, "id": "commax_18636388", "timeout": 5}
2025-08-06 13:16:22.472 DEBUG (MainThread) [custom_components.commax.rs485_client] Received response: {'id': 'commax_18636388', 'success': True, 'data': 'OFF'}
2025-08-06 13:16:22.472 DEBUG (MainThread) [custom_components.commax.light] Received state response: {'id': 'commax_18636388', 'success': True, 'data': 'OFF'}
2025-08-06 13:16:22.472 INFO (MainThread) [custom_components.commax.light] Light 거실 조명3 state updated: is_on=False, available=True
2025-08-06 13:16:22.472 DEBUG (MainThread) [homeassistant.core] Bus:Handling <Event state_changed[L]: entity_id=light.geosil_jomyeong3, old_state=<state light.geosil_jomyeong3=on; supported_color_modes=[<ColorMode.ONOFF: 'onoff'>], color_mode=onoff, friendly_name=거실 조명3, supported_features=0 @ 2025-08-06T13:16:22.459984+09:00>, new_state=<state light.geosil_jomyeong3=off; supported_color_modes=[<ColorMode.ONOFF: 'onoff'>], color_mode=None, friendly_name=거실 조명3, supported_features=0 @ 2025-08-06T13:16:22.472453+09:00>>
2025-08-06 13:16:22.472 DEBUG (MainThread) [custom_components.commax.light] State written to Home Assistant for light 거실 조명3
2025-08-06 13:16:22.473 DEBUG (MainThread) [homeassistant.core] Bus:Handling <Event state_reported[L]: entity_id=light.geosil_jomyeong3, old_last_reported=2025-08-06T13:16:22.472453+09:00, new_state=<state light.geosil_jomyeong3=off; supported_color_modes=[<ColorMode.ONOFF: 'onoff'>], color_mode=None, friendly_name=거실 조명3, supported_features=0 @ 2025-08-06T13:16:22.472453+09:00>>
2025-08-06 13:16:22.588 DEBUG (MainThread) [homeassistant.core] Bus:Handling <Event call_service[L]: domain=light, service=turn_on, service_data=entity_id=light.geosil_jomyeong3>
2025-08-06 13:16:22.589 DEBUG (MainThread) [custom_components.commax.light] Attempting to turn ON light: 거실 조명3
2025-08-06 13:16:22.589 DEBUG (MainThread) [custom_components.commax.light] Sending command: path=/lights/3/set, value=ON
2025-08-06 13:16:22.589 DEBUG (MainThread) [custom_components.commax.rs485_client] Sending command: {"type": "SET", "path": "/lights/3/set", "value": "ON", "id": "commax_18636511", "timeout": 5}
2025-08-06 13:16:22.593 DEBUG (MainThread) [custom_components.commax.rs485_client] Received response: {'id': 'commax_18636511', 'success': True, 'data': 'LIGHT_COMMAND_SENT'}
2025-08-06 13:16:22.593 DEBUG (MainThread) [custom_components.commax.light] Received successful response: {'id': 'commax_18636511', 'success': True, 'data': 'LIGHT_COMMAND_SENT'}
2025-08-06 13:16:22.594 DEBUG (MainThread) [homeassistant.core] Bus:Handling <Event state_changed[L]: entity_id=light.geosil_jomyeong3, old_state=<state light.geosil_jomyeong3=off; supported_color_modes=[<ColorMode.ONOFF: 'onoff'>], color_mode=None, friendly_name=거실 조명3, supported_features=0 @ 2025-08-06T13:16:22.472453+09:00>, new_state=<state light.geosil_jomyeong3=on; supported_color_modes=[<ColorMode.ONOFF: 'onoff'>], color_mode=onoff, friendly_name=거실 조명3, supported_features=0 @ 2025-08-06T13:16:22.593999+09:00>>
2025-08-06 13:16:22.594 INFO (MainThread) [custom_components.commax.light] Light 거실 조명3 turned ON
2025-08-06 13:16:22.595 DEBUG (MainThread) [custom_components.commax.light] Updating state for light: 거실 조명3
2025-08-06 13:16:22.595 DEBUG (MainThread) [custom_components.commax.light] Getting state: path=/lights/3/state
2025-08-06 13:16:22.595 DEBUG (MainThread) [custom_components.commax.rs485_client] Sending command: {"type": "GET", "path": "/lights/3/state", "value": null, "id": "commax_18636517", "timeout": 5}
2025-08-06 13:16:22.596 DEBUG (MainThread) [custom_components.commax.rs485_client] Received response: {'id': 'commax_18636517', 'success': True, 'data': 'OFF'}
2025-08-06 13:16:22.597 DEBUG (MainThread) [custom_components.commax.light] Received state response: {'id': 'commax_18636517', 'success': True, 'data': 'OFF'}
2025-08-06 13:16:22.597 INFO (MainThread) [custom_components.commax.light] Light 거실 조명3 state updated: is_on=False, available=True
2025-08-06 13:16:22.597 DEBUG (MainThread) [homeassistant.core] Bus:Handling <Event state_changed[L]: entity_id=light.geosil_jomyeong3, old_state=<state light.geosil_jomyeong3=on; supported_color_modes=[<ColorMode.ONOFF: 'onoff'>], color_mode=onoff, friendly_name=거실 조명3, supported_features=0 @ 2025-08-06T13:16:22.593999+09:00>, new_state=<state light.geosil_jomyeong3=off; supported_color_modes=[<ColorMode.ONOFF: 'onoff'>], color_mode=None, friendly_name=거실 조명3, supported_features=0 @ 2025-08-06T13:16:22.597454+09:00>>
2025-08-06 13:16:22.597 DEBUG (MainThread) [custom_components.commax.light] State written to Home Assistant for light 거실 조명3
2025-08-06 13:16:22.598 DEBUG (MainThread) [homeassistant.core] Bus:Handling <Event state_reported[L]: entity_id=light.geosil_jomyeong3, old_last_reported=2025-08-06T13:16:22.597454+09:00, new_state=<state light.geosil_jomyeong3=off; supported_color_modes=[<ColorMode.ONOFF: 'onoff'>], color_mode=None, friendly_name=거실 조명3, supported_features=0 @ 2025-08-06T13:16:22.597454+09:00>>
2025-08-06 13:16:22.722 DEBUG (MainThread) [homeassistant.core] Bus:Handling <Event call_service[L]: domain=light, service=turn_on, service_data=entity_id=light.geosil_jomyeong3>
2025-08-06 13:16:22.725 DEBUG (MainThread) [custom_components.commax.light] Attempting to turn ON light: 거실 조명3
2025-08-06 13:16:22.725 DEBUG (MainThread) [custom_components.commax.light] Sending command: path=/lights/3/set, value=ON
2025-08-06 13:16:22.725 DEBUG (MainThread) [custom_components.commax.rs485_client] Sending command: {"type": "SET", "path": "/lights/3/set", "value": "ON", "id": "commax_18636647", "timeout": 5}
2025-08-06 13:16:22.730 DEBUG (MainThread) [custom_components.commax.rs485_client] Received response: {'id': 'commax_18636647', 'success': True, 'data': 'LIGHT_COMMAND_SENT'}
2025-08-06 13:16:22.730 DEBUG (MainThread) [custom_components.commax.light] Received successful response: {'id': 'commax_18636647', 'success': True, 'data': 'LIGHT_COMMAND_SENT'}
2025-08-06 13:16:22.730 DEBUG (MainThread) [homeassistant.core] Bus:Handling <Event state_changed[L]: entity_id=light.geosil_jomyeong3, old_state=<state light.geosil_jomyeong3=off; supported_color_modes=[<ColorMode.ONOFF: 'onoff'>], color_mode=None, friendly_name=거실 조명3, supported_features=0 @ 2025-08-06T13:16:22.597454+09:00>, new_state=<state light.geosil_jomyeong3=on; supported_color_modes=[<ColorMode.ONOFF: 'onoff'>], color_mode=onoff, friendly_name=거실 조명3, supported_features=0 @ 2025-08-06T13:16:22.730604+09:00>>
2025-08-06 13:16:22.731 INFO (MainThread) [custom_components.commax.light] Light 거실 조명3 turned ON
2025-08-06 13:16:22.731 DEBUG (MainThread) [custom_components.commax.light] Updating state for light: 거실 조명3
2025-08-06 13:16:22.731 DEBUG (MainThread) [custom_components.commax.light] Getting state: path=/lights/3/state
2025-08-06 13:16:22.731 DEBUG (MainThread) [custom_components.commax.rs485_client] Sending command: {"type": "GET", "path": "/lights/3/state", "value": null, "id": "commax_18636654", "timeout": 5}
2025-08-06 13:16:22.735 DEBUG (MainThread) [custom_components.commax.rs485_client] Received response: {'id': 'commax_18636654', 'success': True, 'data': 'OFF'}
2025-08-06 13:16:22.735 DEBUG (MainThread) [custom_components.commax.light] Received state response: {'id': 'commax_18636654', 'success': True, 'data': 'OFF'}
2025-08-06 13:16:22.735 INFO (MainThread) [custom_components.commax.light] Light 거실 조명3 state updated: is_on=False, available=True
2025-08-06 13:16:22.735 DEBUG (MainThread) [homeassistant.core] Bus:Handling <Event state_changed[L]: entity_id=light.geosil_jomyeong3, old_state=<state light.geosil_jomyeong3=on; supported_color_modes=[<ColorMode.ONOFF: 'onoff'>], color_mode=onoff, friendly_name=거실 조명3, supported_features=0 @ 2025-08-06T13:16:22.730604+09:00>, new_state=<state light.geosil_jomyeong3=off; supported_color_modes=[<ColorMode.ONOFF: 'onoff'>], color_mode=None, friendly_name=거실 조명3, supported_features=0 @ 2025-08-06T13:16:22.735432+09:00>>
2025-08-06 13:16:22.735 DEBUG (MainThread) [custom_components.commax.light] State written to Home Assistant for light 거실 조명3
2025-08-06 13:16:22.736 DEBUG (MainThread) [homeassistant.core] Bus:Handling <Event state_reported[L]: entity_id=light.geosil_jomyeong3, old_last_reported=2025-08-06T13:16:22.735432+09:00, new_state=<state light.geosil_jomyeong3=off; supported_color_modes=[<ColorMode.ONOFF: 'onoff'>], color_mode=None, friendly_name=거실 조명3, supported_features=0 @ 2025-08-06T13:16:22.735432+09:00>>
2025-08-06 13:16:25.725 DEBUG (MainThread) [homeassistant.core] Bus:Handling <Event call_service[L]: domain=light, service=turn_on, service_data=entity_id=light.bogdo_jomyeong>
2025-08-06 13:16:25.726 DEBUG (MainThread) [custom_components.commax.light] Attempting to turn ON light: 복도 조명
2025-08-06 13:16:25.726 DEBUG (MainThread) [custom_components.commax.light] Sending command: path=/lights/5/set, value=ON
2025-08-06 13:16:25.726 DEBUG (MainThread) [custom_components.commax.rs485_client] Sending command: {"type": "SET", "path": "/lights/5/set", "value": "ON", "id": "commax_18639648", "timeout": 5}
2025-08-06 13:16:25.734 DEBUG (MainThread) [custom_components.commax.rs485_client] Received response: {'id': 'commax_18639648', 'success': True, 'data': 'LIGHT_COMMAND_SENT'}
2025-08-06 13:16:25.734 DEBUG (MainThread) [custom_components.commax.light] Received successful response: {'id': 'commax_18639648', 'success': True, 'data': 'LIGHT_COMMAND_SENT'}
2025-08-06 13:16:25.735 DEBUG (MainThread) [homeassistant.core] Bus:Handling <Event state_changed[L]: entity_id=light.bogdo_jomyeong, old_state=<state light.bogdo_jomyeong=off; supported_color_modes=[<ColorMode.ONOFF: 'onoff'>], color_mode=None, friendly_name=복도 조명, supported_features=0 @ 2025-08-06T13:16:12.372228+09:00>, new_state=<state light.bogdo_jomyeong=on; supported_color_modes=[<ColorMode.ONOFF: 'onoff'>], color_mode=onoff, friendly_name=복도 조명, supported_features=0 @ 2025-08-06T13:16:25.734827+09:00>>
2025-08-06 13:16:25.735 INFO (MainThread) [custom_components.commax.light] Light 복도 조명 turned ON
2025-08-06 13:16:25.735 DEBUG (MainThread) [custom_components.commax.light] Updating state for light: 복도 조명
2025-08-06 13:16:25.735 DEBUG (MainThread) [custom_components.commax.light] Getting state: path=/lights/5/state
2025-08-06 13:16:25.735 DEBUG (MainThread) [custom_components.commax.rs485_client] Sending command: {"type": "GET", "path": "/lights/5/state", "value": null, "id": "commax_18639657", "timeout": 5}
2025-08-06 13:16:25.743 DEBUG (MainThread) [custom_components.commax.rs485_client] Received response: {'id': 'commax_18639657', 'success': True, 'data': 'OFF'}
2025-08-06 13:16:25.743 DEBUG (MainThread) [custom_components.commax.light] Received state response: {'id': 'commax_18639657', 'success': True, 'data': 'OFF'}
2025-08-06 13:16:25.744 INFO (MainThread) [custom_components.commax.light] Light 복도 조명 state updated: is_on=False, available=True
2025-08-06 13:16:25.744 DEBUG (MainThread) [homeassistant.core] Bus:Handling <Event state_changed[L]: entity_id=light.bogdo_jomyeong, old_state=<state light.bogdo_jomyeong=on; supported_color_modes=[<ColorMode.ONOFF: 'onoff'>], color_mode=onoff, friendly_name=복도 조명, supported_features=0 @ 2025-08-06T13:16:25.734827+09:00>, new_state=<state light.bogdo_jomyeong=off; supported_color_modes=[<ColorMode.ONOFF: 'onoff'>], color_mode=None, friendly_name=복도 조명, supported_features=0 @ 2025-08-06T13:16:25.744169+09:00>>
2025-08-06 13:16:25.744 DEBUG (MainThread) [custom_components.commax.light] State written to Home Assistant for light 복도 조명
2025-08-06 13:16:25.744 DEBUG (MainThread) [homeassistant.core] Bus:Handling <Event state_reported[L]: entity_id=light.bogdo_jomyeong, old_last_reported=2025-08-06T13:16:25.744169+09:00, new_state=<state light.bogdo_jomyeong=off; supported_color_modes=[<ColorMode.ONOFF: 'onoff'>], color_mode=None, friendly_name=복도 조명, supported_features=0 @ 2025-08-06T13:16:25.744169+09:00>>
2025-08-06 13:16:26.087 DEBUG (MainThread) [homeassistant.core] Bus:Handling <Event call_service[L]: domain=light, service=turn_on, service_data=entity_id=light.bogdo_jomyeong>
2025-08-06 13:16:26.088 DEBUG (MainThread) [custom_components.commax.light] Attempting to turn ON light: 복도 조명
2025-08-06 13:16:26.088 DEBUG (MainThread) [custom_components.commax.light] Sending command: path=/lights/5/set, value=ON
2025-08-06 13:16:26.088 DEBUG (MainThread) [custom_components.commax.rs485_client] Sending command: {"type": "SET", "path": "/lights/5/set", "value": "ON", "id": "commax_18640010", "timeout": 5}
2025-08-06 13:16:26.103 DEBUG (MainThread) [custom_components.commax.rs485_client] Received response: {'id': 'commax_18640010', 'success': True, 'data': 'LIGHT_COMMAND_SENT'}
2025-08-06 13:16:26.103 DEBUG (MainThread) [custom_components.commax.light] Received successful response: {'id': 'commax_18640010', 'success': True, 'data': 'LIGHT_COMMAND_SENT'}
2025-08-06 13:16:26.103 DEBUG (MainThread) [homeassistant.core] Bus:Handling <Event state_changed[L]: entity_id=light.bogdo_jomyeong, old_state=<state light.bogdo_jomyeong=off; supported_color_modes=[<ColorMode.ONOFF: 'onoff'>], color_mode=None, friendly_name=복도 조명, supported_features=0 @ 2025-08-06T13:16:25.744169+09:00>, new_state=<state light.bogdo_jomyeong=on; supported_color_modes=[<ColorMode.ONOFF: 'onoff'>], color_mode=onoff, friendly_name=복도 조명, supported_features=0 @ 2025-08-06T13:16:26.103684+09:00>>
2025-08-06 13:16:26.104 INFO (MainThread) [custom_components.commax.light] Light 복도 조명 turned ON
2025-08-06 13:16:26.113 DEBUG (MainThread) [custom_components.commax.light] Updating state for light: 복도 조명
2025-08-06 13:16:26.113 DEBUG (MainThread) [custom_components.commax.light] Getting state: path=/lights/5/state
2025-08-06 13:16:26.119 DEBUG (MainThread) [custom_components.commax.rs485_client] Sending command: {"type": "GET", "path": "/lights/5/state", "value": null, "id": "commax_18640035", "timeout": 5}
2025-08-06 13:16:26.154 DEBUG (MainThread) [custom_components.commax.rs485_client] Received response: {'id': 'commax_18640035', 'success': True, 'data': 'OFF'}
2025-08-06 13:16:26.154 DEBUG (MainThread) [custom_components.commax.light] Received state response: {'id': 'commax_18640035', 'success': True, 'data': 'OFF'}
2025-08-06 13:16:26.154 INFO (MainThread) [custom_components.commax.light] Light 복도 조명 state updated: is_on=False, available=True
2025-08-06 13:16:26.170 DEBUG (MainThread) [homeassistant.core] Bus:Handling <Event state_changed[L]: entity_id=light.bogdo_jomyeong, old_state=<state light.bogdo_jomyeong=on; supported_color_modes=[<ColorMode.ONOFF: 'onoff'>], color_mode=onoff, friendly_name=복도 조명, supported_features=0 @ 2025-08-06T13:16:26.103684+09:00>, new_state=<state light.bogdo_jomyeong=off; supported_color_modes=[<ColorMode.ONOFF: 'onoff'>], color_mode=None, friendly_name=복도 조명, supported_features=0 @ 2025-08-06T13:16:26.154593+09:00>>
2025-08-06 13:16:26.200 DEBUG (MainThread) [custom_components.commax.light] State written to Home Assistant for light 복도 조명
2025-08-06 13:16:26.204 DEBUG (MainThread) [homeassistant.core] Bus:Handling <Event state_reported[L]: entity_id=light.bogdo_jomyeong, old_last_reported=2025-08-06T13:16:26.154593+09:00, new_state=<state light.bogdo_jomyeong=off; supported_color_modes=[<ColorMode.ONOFF: 'onoff'>], color_mode=None, friendly_name=복도 조명, supported_features=0 @ 2025-08-06T13:16:26.154593+09:00>>
2025-08-06 13:16:26.213 DEBUG (MainThread) [homeassistant.core] Bus:Handling <Event call_service[L]: domain=light, service=turn_off, service_data=entity_id=light.bogdo_jomyeong>
2025-08-06 13:16:26.215 DEBUG (MainThread) [custom_components.commax.light] Attempting to turn OFF light: 복도 조명
2025-08-06 13:16:26.215 DEBUG (MainThread) [custom_components.commax.light] Sending command: path=/lights/5/set, value=OFF
2025-08-06 13:16:26.216 DEBUG (MainThread) [custom_components.commax.rs485_client] Sending command: {"type": "SET", "path": "/lights/5/set", "value": "OFF", "id": "commax_18640138", "timeout": 5}
2025-08-06 13:16:26.265 DEBUG (MainThread) [custom_components.commax.rs485_client] Received response: {'id': 'commax_18640138', 'success': True, 'data': 'LIGHT_COMMAND_SENT'}
2025-08-06 13:16:26.265 DEBUG (MainThread) [custom_components.commax.light] Received successful response: {'id': 'commax_18640138', 'success': True, 'data': 'LIGHT_COMMAND_SENT'}
2025-08-06 13:16:26.266 DEBUG (MainThread) [homeassistant.core] Bus:Handling <Event state_reported[L]: entity_id=light.bogdo_jomyeong, old_last_reported=2025-08-06T13:16:26.203340+09:00, new_state=<state light.bogdo_jomyeong=off; supported_color_modes=[<ColorMode.ONOFF: 'onoff'>], color_mode=None, friendly_name=복도 조명, supported_features=0 @ 2025-08-06T13:16:26.154593+09:00>>
2025-08-06 13:16:26.266 INFO (MainThread) [custom_components.commax.light] Light 복도 조명 turned OFF
2025-08-06 13:16:26.266 DEBUG (MainThread) [custom_components.commax.light] Updating state for light: 복도 조명
2025-08-06 13:16:26.266 DEBUG (MainThread) [custom_components.commax.light] Getting state: path=/lights/5/state
2025-08-06 13:16:26.266 DEBUG (MainThread) [custom_components.commax.rs485_client] Sending command: {"type": "GET", "path": "/lights/5/state", "value": null, "id": "commax_18640188", "timeout": 5}
2025-08-06 13:16:26.280 DEBUG (MainThread) [custom_components.commax.rs485_client] Received response: {'id': 'commax_18640188', 'success': True, 'data': 'OFF'}
2025-08-06 13:16:26.280 DEBUG (MainThread) [custom_components.commax.light] Received state response: {'id': 'commax_18640188', 'success': True, 'data': 'OFF'}
2025-08-06 13:16:26.280 INFO (MainThread) [custom_components.commax.light] Light 복도 조명 state updated: is_on=False, available=True
2025-08-06 13:16:26.290 DEBUG (MainThread) [homeassistant.core] Bus:Handling <Event state_reported[L]: entity_id=light.bogdo_jomyeong, old_last_reported=2025-08-06T13:16:26.265868+09:00, new_state=<state light.bogdo_jomyeong=off; supported_color_modes=[<ColorMode.ONOFF: 'onoff'>], color_mode=None, friendly_name=복도 조명, supported_features=0 @ 2025-08-06T13:16:26.154593+09:00>>
2025-08-06 13:16:26.290 DEBUG (MainThread) [custom_components.commax.light] State written to Home Assistant for light 복도 조명
2025-08-06 13:16:26.291 DEBUG (MainThread) [homeassistant.core] Bus:Handling <Event state_reported[L]: entity_id=light.bogdo_jomyeong, old_last_reported=2025-08-06T13:16:26.280555+09:00, new_state=<state light.bogdo_jomyeong=off; supported_color_modes=[<ColorMode.ONOFF: 'onoff'>], color_mode=None, friendly_name=복도 조명, supported_features=0 @ 2025-08-06T13:16:26.154593+09:00>>
2025-08-06 13:16:26.309 DEBUG (MainThread) [homeassistant.core] Bus:Handling <Event call_service[L]: domain=light, service=turn_on, service_data=entity_id=light.bogdo_jomyeong>
2025-08-06 13:16:26.309 DEBUG (MainThread) [custom_components.commax.light] Attempting to turn ON light: 복도 조명
2025-08-06 13:16:26.309 DEBUG (MainThread) [custom_components.commax.light] Sending command: path=/lights/5/set, value=ON
2025-08-06 13:16:26.310 DEBUG (MainThread) [custom_components.commax.rs485_client] Sending command: {"type": "SET", "path": "/lights/5/set", "value": "ON", "id": "commax_18640232", "timeout": 5}
2025-08-06 13:16:26.322 DEBUG (MainThread) [custom_components.commax.rs485_client] Received response: {'id': 'commax_18640232', 'success': True, 'data': 'LIGHT_COMMAND_SENT'}
2025-08-06 13:16:26.322 DEBUG (MainThread) [custom_components.commax.light] Received successful response: {'id': 'commax_18640232', 'success': True, 'data': 'LIGHT_COMMAND_SENT'}
2025-08-06 13:16:26.322 DEBUG (MainThread) [homeassistant.core] Bus:Handling <Event state_changed[L]: entity_id=light.bogdo_jomyeong, old_state=<state light.bogdo_jomyeong=off; supported_color_modes=[<ColorMode.ONOFF: 'onoff'>], color_mode=None, friendly_name=복도 조명, supported_features=0 @ 2025-08-06T13:16:26.154593+09:00>, new_state=<state light.bogdo_jomyeong=on; supported_color_modes=[<ColorMode.ONOFF: 'onoff'>], color_mode=onoff, friendly_name=복도 조명, supported_features=0 @ 2025-08-06T13:16:26.322583+09:00>>
2025-08-06 13:16:26.323 INFO (MainThread) [custom_components.commax.light] Light 복도 조명 turned ON
2025-08-06 13:16:26.323 DEBUG (MainThread) [custom_components.commax.light] Updating state for light: 복도 조명
2025-08-06 13:16:26.323 DEBUG (MainThread) [custom_components.commax.light] Getting state: path=/lights/5/state
2025-08-06 13:16:26.323 DEBUG (MainThread) [custom_components.commax.rs485_client] Sending command: {"type": "GET", "path": "/lights/5/state", "value": null, "id": "commax_18640245", "timeout": 5}
2025-08-06 13:16:26.329 DEBUG (MainThread) [custom_components.commax.rs485_client] Received response: {'id': 'commax_18640245', 'success': True, 'data': 'OFF'}
2025-08-06 13:16:26.329 DEBUG (MainThread) [custom_components.commax.light] Received state response: {'id': 'commax_18640245', 'success': True, 'data': 'OFF'}
2025-08-06 13:16:26.329 INFO (MainThread) [custom_components.commax.light] Light 복도 조명 state updated: is_on=False, available=True
2025-08-06 13:16:26.330 DEBUG (MainThread) [homeassistant.core] Bus:Handling <Event state_changed[L]: entity_id=light.bogdo_jomyeong, old_state=<state light.bogdo_jomyeong=on; supported_color_modes=[<ColorMode.ONOFF: 'onoff'>], color_mode=onoff, friendly_name=복도 조명, supported_features=0 @ 2025-08-06T13:16:26.322583+09:00>, new_state=<state light.bogdo_jomyeong=off; supported_color_modes=[<ColorMode.ONOFF: 'onoff'>], color_mode=None, friendly_name=복도 조명, supported_features=0 @ 2025-08-06T13:16:26.329697+09:00>>
2025-08-06 13:16:26.330 DEBUG (MainThread) [custom_components.commax.light] State written to Home Assistant for light 복도 조명
2025-08-06 13:16:26.330 DEBUG (MainThread) [homeassistant.core] Bus:Handling <Event state_reported[L]: entity_id=light.bogdo_jomyeong, old_last_reported=2025-08-06T13:16:26.329697+09:00, new_state=<state light.bogdo_jomyeong=off; supported_color_modes=[<ColorMode.ONOFF: 'onoff'>], color_mode=None, friendly_name=복도 조명, supported_features=0 @ 2025-08-06T13:16:26.329697+09:00>>
2025-08-06 13:16:26.761 DEBUG (MainThread) [homeassistant.core] Bus:Handling <Event call_service[L]: domain=light, service=turn_on, service_data=entity_id=light.bogdo_jomyeong>
2025-08-06 13:16:26.761 DEBUG (MainThread) [custom_components.commax.light] Attempting to turn ON light: 복도 조명
2025-08-06 13:16:26.761 DEBUG (MainThread) [custom_components.commax.light] Sending command: path=/lights/5/set, value=ON
2025-08-06 13:16:26.761 DEBUG (MainThread) [custom_components.commax.rs485_client] Sending command: {"type": "SET", "path": "/lights/5/set", "value": "ON", "id": "commax_18640683", "timeout": 5}
2025-08-06 13:16:26.766 DEBUG (MainThread) [custom_components.commax.rs485_client] Received response: {'id': 'commax_18640683', 'success': True, 'data': 'LIGHT_COMMAND_SENT'}
2025-08-06 13:16:26.768 DEBUG (MainThread) [custom_components.commax.light] Received successful response: {'id': 'commax_18640683', 'success': True, 'data': 'LIGHT_COMMAND_SENT'}
2025-08-06 13:16:26.768 DEBUG (MainThread) [homeassistant.core] Bus:Handling <Event state_changed[L]: entity_id=light.bogdo_jomyeong, old_state=<state light.bogdo_jomyeong=off; supported_color_modes=[<ColorMode.ONOFF: 'onoff'>], color_mode=None, friendly_name=복도 조명, supported_features=0 @ 2025-08-06T13:16:26.329697+09:00>, new_state=<state light.bogdo_jomyeong=on; supported_color_modes=[<ColorMode.ONOFF: 'onoff'>], color_mode=onoff, friendly_name=복도 조명, supported_features=0 @ 2025-08-06T13:16:26.768271+09:00>>
2025-08-06 13:16:26.768 INFO (MainThread) [custom_components.commax.light] Light 복도 조명 turned ON
2025-08-06 13:16:26.769 DEBUG (MainThread) [custom_components.commax.light] Updating state for light: 복도 조명
2025-08-06 13:16:26.769 DEBUG (MainThread) [custom_components.commax.light] Getting state: path=/lights/5/state
2025-08-06 13:16:26.769 DEBUG (MainThread) [custom_components.commax.rs485_client] Sending command: {"type": "GET", "path": "/lights/5/state", "value": null, "id": "commax_18640691", "timeout": 5}
2025-08-06 13:16:26.775 DEBUG (MainThread) [custom_components.commax.rs485_client] Received response: {'id': 'commax_18640691', 'success': True, 'data': 'OFF'}
2025-08-06 13:16:26.775 DEBUG (MainThread) [custom_components.commax.light] Received state response: {'id': 'commax_18640691', 'success': True, 'data': 'OFF'}
2025-08-06 13:16:26.775 INFO (MainThread) [custom_components.commax.light] Light 복도 조명 state updated: is_on=False, available=True
2025-08-06 13:16:26.775 DEBUG (MainThread) [homeassistant.core] Bus:Handling <Event state_changed[L]: entity_id=light.bogdo_jomyeong, old_state=<state light.bogdo_jomyeong=on; supported_color_modes=[<ColorMode.ONOFF: 'onoff'>], color_mode=onoff, friendly_name=복도 조명, supported_features=0 @ 2025-08-06T13:16:26.768271+09:00>, new_state=<state light.bogdo_jomyeong=off; supported_color_modes=[<ColorMode.ONOFF: 'onoff'>], color_mode=None, friendly_name=복도 조명, supported_features=0 @ 2025-08-06T13:16:26.775521+09:00>>
2025-08-06 13:16:26.775 DEBUG (MainThread) [custom_components.commax.light] State written to Home Assistant for light 복도 조명
2025-08-06 13:16:26.776 DEBUG (MainThread) [homeassistant.core] Bus:Handling <Event state_reported[L]: entity_id=light.bogdo_jomyeong, old_last_reported=2025-08-06T13:16:26.775521+09:00, new_state=<state light.bogdo_jomyeong=off; supported_color_modes=[<ColorMode.ONOFF: 'onoff'>], color_mode=None, friendly_name=복도 조명, supported_features=0 @ 2025-08-06T13:16:26.775521+09:00>>
2025-08-06 13:16:27.164 DEBUG (MainThread) [homeassistant.core] Bus:Handling <Event call_service[L]: domain=light, service=turn_on, service_data=entity_id=light.bogdo_jomyeong>
2025-08-06 13:16:27.164 DEBUG (MainThread) [custom_components.commax.light] Attempting to turn ON light: 복도 조명
2025-08-06 13:16:27.164 DEBUG (MainThread) [custom_components.commax.light] Sending command: path=/lights/5/set, value=ON
2025-08-06 13:16:27.164 DEBUG (MainThread) [custom_components.commax.rs485_client] Sending command: {"type": "SET", "path": "/lights/5/set", "value": "ON", "id": "commax_18641087", "timeout": 5}
2025-08-06 13:16:27.169 DEBUG (MainThread) [custom_components.commax.rs485_client] Received response: {'id': 'commax_18641087', 'success': True, 'data': 'LIGHT_COMMAND_SENT'}
2025-08-06 13:16:27.169 DEBUG (MainThread) [custom_components.commax.light] Received successful response: {'id': 'commax_18641087', 'success': True, 'data': 'LIGHT_COMMAND_SENT'}
2025-08-06 13:16:27.169 DEBUG (MainThread) [homeassistant.core] Bus:Handling <Event state_changed[L]: entity_id=light.bogdo_jomyeong, old_state=<state light.bogdo_jomyeong=off; supported_color_modes=[<ColorMode.ONOFF: 'onoff'>], color_mode=None, friendly_name=복도 조명, supported_features=0 @ 2025-08-06T13:16:26.775521+09:00>, new_state=<state light.bogdo_jomyeong=on; supported_color_modes=[<ColorMode.ONOFF: 'onoff'>], color_mode=onoff, friendly_name=복도 조명, supported_features=0 @ 2025-08-06T13:16:27.169446+09:00>>
2025-08-06 13:16:27.169 INFO (MainThread) [custom_components.commax.light] Light 복도 조명 turned ON
2025-08-06 13:16:27.170 DEBUG (MainThread) [custom_components.commax.light] Updating state for light: 복도 조명
2025-08-06 13:16:27.170 DEBUG (MainThread) [custom_components.commax.light] Getting state: path=/lights/5/state
2025-08-06 13:16:27.170 DEBUG (MainThread) [custom_components.commax.rs485_client] Sending command: {"type": "GET", "path": "/lights/5/state", "value": null, "id": "commax_18641092", "timeout": 5}
2025-08-06 13:16:27.179 DEBUG (MainThread) [custom_components.commax.rs485_client] Received response: {'id': 'commax_18641092', 'success': True, 'data': 'OFF'}
2025-08-06 13:16:27.179 DEBUG (MainThread) [custom_components.commax.light] Received state response: {'id': 'commax_18641092', 'success': True, 'data': 'OFF'}
2025-08-06 13:16:27.179 INFO (MainThread) [custom_components.commax.light] Light 복도 조명 state updated: is_on=False, available=True
2025-08-06 13:16:27.179 DEBUG (MainThread) [homeassistant.core] Bus:Handling <Event state_changed[L]: entity_id=light.bogdo_jomyeong, old_state=<state light.bogdo_jomyeong=on; supported_color_modes=[<ColorMode.ONOFF: 'onoff'>], color_mode=onoff, friendly_name=복도 조명, supported_features=0 @ 2025-08-06T13:16:27.169446+09:00>, new_state=<state light.bogdo_jomyeong=off; supported_color_modes=[<ColorMode.ONOFF: 'onoff'>], color_mode=None, friendly_name=복도 조명, supported_features=0 @ 2025-08-06T13:16:27.179599+09:00>>
2025-08-06 13:16:27.180 DEBUG (MainThread) [custom_components.commax.light] State written to Home Assistant for light 복도 조명
2025-08-06 13:16:27.180 DEBUG (MainThread) [homeassistant.core] Bus:Handling <Event state_reported[L]: entity_id=light.bogdo_jomyeong, old_last_reported=2025-08-06T13:16:27.179599+09:00, new_state=<state light.bogdo_jomyeong=off; supported_color_modes=[<ColorMode.ONOFF: 'onoff'>], color_mode=None, friendly_name=복도 조명, supported_features=0 @ 2025-08-06T13:16:27.179599+09:00>>
2025-08-06 13:16:27.936 DEBUG (MainThread) [homeassistant.core] Bus:Handling <Event call_service[L]: domain=light, service=turn_on, service_data=entity_id=light.bogdo_jomyeong>
2025-08-06 13:16:27.936 DEBUG (MainThread) [custom_components.commax.light] Attempting to turn ON light: 복도 조명
2025-08-06 13:16:27.936 DEBUG (MainThread) [custom_components.commax.light] Sending command: path=/lights/5/set, value=ON
2025-08-06 13:16:27.936 DEBUG (MainThread) [custom_components.commax.rs485_client] Sending command: {"type": "SET", "path": "/lights/5/set", "value": "ON", "id": "commax_18641858", "timeout": 5}
2025-08-06 13:16:27.940 DEBUG (MainThread) [custom_components.commax.rs485_client] Received response: {'id': 'commax_18641858', 'success': True, 'data': 'LIGHT_COMMAND_SENT'}
2025-08-06 13:16:27.940 DEBUG (MainThread) [custom_components.commax.light] Received successful response: {'id': 'commax_18641858', 'success': True, 'data': 'LIGHT_COMMAND_SENT'}
2025-08-06 13:16:27.941 DEBUG (MainThread) [homeassistant.core] Bus:Handling <Event state_changed[L]: entity_id=light.bogdo_jomyeong, old_state=<state light.bogdo_jomyeong=off; supported_color_modes=[<ColorMode.ONOFF: 'onoff'>], color_mode=None, friendly_name=복도 조명, supported_features=0 @ 2025-08-06T13:16:27.179599+09:00>, new_state=<state light.bogdo_jomyeong=on; supported_color_modes=[<ColorMode.ONOFF: 'onoff'>], color_mode=onoff, friendly_name=복도 조명, supported_features=0 @ 2025-08-06T13:16:27.941086+09:00>>
2025-08-06 13:16:27.941 INFO (MainThread) [custom_components.commax.light] Light 복도 조명 turned ON
2025-08-06 13:16:27.941 DEBUG (MainThread) [custom_components.commax.light] Updating state for light: 복도 조명
2025-08-06 13:16:27.941 DEBUG (MainThread) [custom_components.commax.light] Getting state: path=/lights/5/state
2025-08-06 13:16:27.942 DEBUG (MainThread) [custom_components.commax.rs485_client] Sending command: {"type": "GET", "path": "/lights/5/state", "value": null, "id": "commax_18641864", "timeout": 5}
2025-08-06 13:16:27.948 DEBUG (MainThread) [custom_components.commax.rs485_client] Received response: {'id': 'commax_18641864', 'success': True, 'data': 'OFF'}
2025-08-06 13:16:27.948 DEBUG (MainThread) [custom_components.commax.light] Received state response: {'id': 'commax_18641864', 'success': True, 'data': 'OFF'}
2025-08-06 13:16:27.949 INFO (MainThread) [custom_components.commax.light] Light 복도 조명 state updated: is_on=False, available=True
2025-08-06 13:16:27.949 DEBUG (MainThread) [homeassistant.core] Bus:Handling <Event state_changed[L]: entity_id=light.bogdo_jomyeong, old_state=<state light.bogdo_jomyeong=on; supported_color_modes=[<ColorMode.ONOFF: 'onoff'>], color_mode=onoff, friendly_name=복도 조명, supported_features=0 @ 2025-08-06T13:16:27.941086+09:00>, new_state=<state light.bogdo_jomyeong=off; supported_color_modes=[<ColorMode.ONOFF: 'onoff'>], color_mode=None, friendly_name=복도 조명, supported_features=0 @ 2025-08-06T13:16:27.949156+09:00>>
2025-08-06 13:16:27.949 DEBUG (MainThread) [custom_components.commax.light] State written to Home Assistant for light 복도 조명
2025-08-06 13:16:27.949 DEBUG (MainThread) [homeassistant.core] Bus:Handling <Event state_reported[L]: entity_id=light.bogdo_jomyeong, old_last_reported=2025-08-06T13:16:27.949156+09:00, new_state=<state light.bogdo_jomyeong=off; supported_color_modes=[<ColorMode.ONOFF: 'onoff'>], color_mode=None, friendly_name=복도 조명, supported_features=0 @ 2025-08-06T13:16:27.949156+09:00>>
2025-08-06 13:16:28.086 DEBUG (MainThread) [homeassistant.core] Bus:Handling <Event call_service[L]: domain=light, service=turn_on, service_data=entity_id=light.bogdo_jomyeong>
2025-08-06 13:16:28.087 DEBUG (MainThread) [custom_components.commax.light] Attempting to turn ON light: 복도 조명
2025-08-06 13:16:28.087 DEBUG (MainThread) [custom_components.commax.light] Sending command: path=/lights/5/set, value=ON
2025-08-06 13:16:28.087 DEBUG (MainThread) [custom_components.commax.rs485_client] Sending command: {"type": "SET", "path": "/lights/5/set", "value": "ON", "id": "commax_18642009", "timeout": 5}
2025-08-06 13:16:28.089 DEBUG (MainThread) [custom_components.commax.rs485_client] Received response: {'id': 'commax_18642009', 'success': True, 'data': 'LIGHT_COMMAND_SENT'}
2025-08-06 13:16:28.090 DEBUG (MainThread) [custom_components.commax.light] Received successful response: {'id': 'commax_18642009', 'success': True, 'data': 'LIGHT_COMMAND_SENT'}
2025-08-06 13:16:28.090 DEBUG (MainThread) [homeassistant.core] Bus:Handling <Event state_changed[L]: entity_id=light.bogdo_jomyeong, old_state=<state light.bogdo_jomyeong=off; supported_color_modes=[<ColorMode.ONOFF: 'onoff'>], color_mode=None, friendly_name=복도 조명, supported_features=0 @ 2025-08-06T13:16:27.949156+09:00>, new_state=<state light.bogdo_jomyeong=on; supported_color_modes=[<ColorMode.ONOFF: 'onoff'>], color_mode=onoff, friendly_name=복도 조명, supported_features=0 @ 2025-08-06T13:16:28.090531+09:00>>
2025-08-06 13:16:28.091 INFO (MainThread) [custom_components.commax.light] Light 복도 조명 turned ON
2025-08-06 13:16:28.093 DEBUG (MainThread) [custom_components.commax.light] Updating state for light: 복도 조명
2025-08-06 13:16:28.093 DEBUG (MainThread) [custom_components.commax.light] Getting state: path=/lights/5/state
2025-08-06 13:16:28.093 DEBUG (MainThread) [custom_components.commax.rs485_client] Sending command: {"type": "GET", "path": "/lights/5/state", "value": null, "id": "commax_18642016", "timeout": 5}
2025-08-06 13:16:28.104 DEBUG (MainThread) [custom_components.commax.rs485_client] Received response: {'id': 'commax_18642016', 'success': True, 'data': 'OFF'}
2025-08-06 13:16:28.105 DEBUG (MainThread) [custom_components.commax.light] Received state response: {'id': 'commax_18642016', 'success': True, 'data': 'OFF'}
2025-08-06 13:16:28.105 INFO (MainThread) [custom_components.commax.light] Light 복도 조명 state updated: is_on=False, available=True
2025-08-06 13:16:28.105 DEBUG (MainThread) [homeassistant.core] Bus:Handling <Event state_changed[L]: entity_id=light.bogdo_jomyeong, old_state=<state light.bogdo_jomyeong=on; supported_color_modes=[<ColorMode.ONOFF: 'onoff'>], color_mode=onoff, friendly_name=복도 조명, supported_features=0 @ 2025-08-06T13:16:28.090531+09:00>, new_state=<state light.bogdo_jomyeong=off; supported_color_modes=[<ColorMode.ONOFF: 'onoff'>], color_mode=None, friendly_name=복도 조명, supported_features=0 @ 2025-08-06T13:16:28.105344+09:00>>
2025-08-06 13:16:28.105 DEBUG (MainThread) [custom_components.commax.light] State written to Home Assistant for light 복도 조명
2025-08-06 13:16:28.106 DEBUG (MainThread) [homeassistant.core] Bus:Handling <Event state_reported[L]: entity_id=light.bogdo_jomyeong, old_last_reported=2025-08-06T13:16:28.105344+09:00, new_state=<state light.bogdo_jomyeong=off; supported_color_modes=[<ColorMode.ONOFF: 'onoff'>], color_mode=None, friendly_name=복도 조명, supported_features=0 @ 2025-08-06T13:16:28.105344+09:00>>
2025-08-06 13:16:28.497 DEBUG (MainThread) [homeassistant.core] Bus:Handling <Event call_service[L]: domain=light, service=turn_on, service_data=entity_id=light.bogdo_jomyeong>
2025-08-06 13:16:28.498 DEBUG (MainThread) [custom_components.commax.light] Attempting to turn ON light: 복도 조명
2025-08-06 13:16:28.498 DEBUG (MainThread) [custom_components.commax.light] Sending command: path=/lights/5/set, value=ON
2025-08-06 13:16:28.498 DEBUG (MainThread) [custom_components.commax.rs485_client] Sending command: {"type": "SET", "path": "/lights/5/set", "value": "ON", "id": "commax_18642420", "timeout": 5}
2025-08-06 13:16:28.508 DEBUG (MainThread) [custom_components.commax.rs485_client] Received response: {'id': 'commax_18642420', 'success': True, 'data': 'LIGHT_COMMAND_SENT'}
2025-08-06 13:16:28.508 DEBUG (MainThread) [custom_components.commax.light] Received successful response: {'id': 'commax_18642420', 'success': True, 'data': 'LIGHT_COMMAND_SENT'}
2025-08-06 13:16:28.512 DEBUG (MainThread) [homeassistant.core] Bus:Handling <Event state_changed[L]: entity_id=light.bogdo_jomyeong, old_state=<state light.bogdo_jomyeong=off; supported_color_modes=[<ColorMode.ONOFF: 'onoff'>], color_mode=None, friendly_name=복도 조명, supported_features=0 @ 2025-08-06T13:16:28.105344+09:00>, new_state=<state light.bogdo_jomyeong=on; supported_color_modes=[<ColorMode.ONOFF: 'onoff'>], color_mode=onoff, friendly_name=복도 조명, supported_features=0 @ 2025-08-06T13:16:28.508610+09:00>>
2025-08-06 13:16:28.514 INFO (MainThread) [custom_components.commax.light] Light 복도 조명 turned ON
2025-08-06 13:16:28.524 DEBUG (MainThread) [custom_components.commax.light] Updating state for light: 복도 조명
2025-08-06 13:16:28.524 DEBUG (MainThread) [custom_components.commax.light] Getting state: path=/lights/5/state
2025-08-06 13:16:28.524 DEBUG (MainThread) [custom_components.commax.rs485_client] Sending command: {"type": "GET", "path": "/lights/5/state", "value": null, "id": "commax_18642446", "timeout": 5}
2025-08-06 13:16:28.545 DEBUG (MainThread) [custom_components.commax.rs485_client] Received response: {'id': 'commax_18642446', 'success': True, 'data': 'OFF'}
2025-08-06 13:16:28.545 DEBUG (MainThread) [custom_components.commax.light] Received state response: {'id': 'commax_18642446', 'success': True, 'data': 'OFF'}
2025-08-06 13:16:28.548 INFO (MainThread) [custom_components.commax.light] Light 복도 조명 state updated: is_on=False, available=True
2025-08-06 13:16:28.562 DEBUG (MainThread) [homeassistant.core] Bus:Handling <Event state_changed[L]: entity_id=light.bogdo_jomyeong, old_state=<state light.bogdo_jomyeong=on; supported_color_modes=[<ColorMode.ONOFF: 'onoff'>], color_mode=onoff, friendly_name=복도 조명, supported_features=0 @ 2025-08-06T13:16:28.508610+09:00>, new_state=<state light.bogdo_jomyeong=off; supported_color_modes=[<ColorMode.ONOFF: 'onoff'>], color_mode=None, friendly_name=복도 조명, supported_features=0 @ 2025-08-06T13:16:28.562182+09:00>>
2025-08-06 13:16:28.566 DEBUG (MainThread) [custom_components.commax.light] State written to Home Assistant for light 복도 조명
2025-08-06 13:16:28.566 DEBUG (MainThread) [homeassistant.core] Bus:Handling <Event state_reported[L]: entity_id=light.bogdo_jomyeong, old_last_reported=2025-08-06T13:16:28.562182+09:00, new_state=<state light.bogdo_jomyeong=off; supported_color_modes=[<ColorMode.ONOFF: 'onoff'>], color_mode=None, friendly_name=복도 조명, supported_features=0 @ 2025-08-06T13:16:28.562182+09:00>>
2025-08-06 13:16:28.636 DEBUG (MainThread) [homeassistant.core] Bus:Handling <Event call_service[L]: domain=light, service=turn_on, service_data=entity_id=light.bogdo_jomyeong>
2025-08-06 13:16:28.637 DEBUG (MainThread) [custom_components.commax.light] Attempting to turn ON light: 복도 조명
2025-08-06 13:16:28.637 DEBUG (MainThread) [custom_components.commax.light] Sending command: path=/lights/5/set, value=ON
2025-08-06 13:16:28.637 DEBUG (MainThread) [custom_components.commax.rs485_client] Sending command: {"type": "SET", "path": "/lights/5/set", "value": "ON", "id": "commax_18642560", "timeout": 5}
2025-08-06 13:16:28.664 DEBUG (MainThread) [custom_components.commax.rs485_client] Received response: {'id': 'commax_18642560', 'success': True, 'data': 'LIGHT_COMMAND_SENT'}
2025-08-06 13:16:28.665 DEBUG (MainThread) [custom_components.commax.light] Received successful response: {'id': 'commax_18642560', 'success': True, 'data': 'LIGHT_COMMAND_SENT'}
2025-08-06 13:16:28.666 DEBUG (MainThread) [homeassistant.core] Bus:Handling <Event state_changed[L]: entity_id=light.bogdo_jomyeong, old_state=<state light.bogdo_jomyeong=off; supported_color_modes=[<ColorMode.ONOFF: 'onoff'>], color_mode=None, friendly_name=복도 조명, supported_features=0 @ 2025-08-06T13:16:28.562182+09:00>, new_state=<state light.bogdo_jomyeong=on; supported_color_modes=[<ColorMode.ONOFF: 'onoff'>], color_mode=onoff, friendly_name=복도 조명, supported_features=0 @ 2025-08-06T13:16:28.665977+09:00>>
2025-08-06 13:16:28.667 INFO (MainThread) [custom_components.commax.light] Light 복도 조명 turned ON
2025-08-06 13:16:28.671 DEBUG (MainThread) [custom_components.commax.light] Updating state for light: 복도 조명
2025-08-06 13:16:28.671 DEBUG (MainThread) [custom_components.commax.light] Getting state: path=/lights/5/state
2025-08-06 13:16:28.671 DEBUG (MainThread) [custom_components.commax.rs485_client] Sending command: {"type": "GET", "path": "/lights/5/state", "value": null, "id": "commax_18642593", "timeout": 5}
2025-08-06 13:16:28.685 DEBUG (MainThread) [custom_components.commax.rs485_client] Received response: {'id': 'commax_18642593', 'success': True, 'data': 'OFF'}
2025-08-06 13:16:28.686 DEBUG (MainThread) [custom_components.commax.light] Received state response: {'id': 'commax_18642593', 'success': True, 'data': 'OFF'}
2025-08-06 13:16:28.686 INFO (MainThread) [custom_components.commax.light] Light 복도 조명 state updated: is_on=False, available=True
2025-08-06 13:16:28.686 DEBUG (MainThread) [homeassistant.core] Bus:Handling <Event state_changed[L]: entity_id=light.bogdo_jomyeong, old_state=<state light.bogdo_jomyeong=on; supported_color_modes=[<ColorMode.ONOFF: 'onoff'>], color_mode=onoff, friendly_name=복도 조명, supported_features=0 @ 2025-08-06T13:16:28.665977+09:00>, new_state=<state light.bogdo_jomyeong=off; supported_color_modes=[<ColorMode.ONOFF: 'onoff'>], color_mode=None, friendly_name=복도 조명, supported_features=0 @ 2025-08-06T13:16:28.686356+09:00>>
2025-08-06 13:16:28.686 DEBUG (MainThread) [custom_components.commax.light] State written to Home Assistant for light 복도 조명
2025-08-06 13:16:28.687 DEBUG (MainThread) [homeassistant.core] Bus:Handling <Event state_reported[L]: entity_id=light.bogdo_jomyeong, old_last_reported=2025-08-06T13:16:28.686356+09:00, new_state=<state light.bogdo_jomyeong=off; supported_color_modes=[<ColorMode.ONOFF: 'onoff'>], color_mode=None, friendly_name=복도 조명, supported_features=0 @ 2025-08-06T13:16:28.686356+09:00>>
2025-08-06 13:16:28.773 DEBUG (MainThread) [homeassistant.core] Bus:Handling <Event call_service[L]: domain=light, service=turn_on, service_data=entity_id=light.bogdo_jomyeong>
2025-08-06 13:16:28.773 DEBUG (MainThread) [custom_components.commax.light] Attempting to turn ON light: 복도 조명
2025-08-06 13:16:28.773 DEBUG (MainThread) [custom_components.commax.light] Sending command: path=/lights/5/set, value=ON
2025-08-06 13:16:28.773 DEBUG (MainThread) [custom_components.commax.rs485_client] Sending command: {"type": "SET", "path": "/lights/5/set", "value": "ON", "id": "commax_18642695", "timeout": 5}
2025-08-06 13:16:28.777 DEBUG (MainThread) [custom_components.commax.rs485_client] Received response: {'id': 'commax_18642695', 'success': True, 'data': 'LIGHT_COMMAND_SENT'}
2025-08-06 13:16:28.777 DEBUG (MainThread) [custom_components.commax.light] Received successful response: {'id': 'commax_18642695', 'success': True, 'data': 'LIGHT_COMMAND_SENT'}
2025-08-06 13:16:28.778 DEBUG (MainThread) [homeassistant.core] Bus:Handling <Event state_changed[L]: entity_id=light.bogdo_jomyeong, old_state=<state light.bogdo_jomyeong=off; supported_color_modes=[<ColorMode.ONOFF: 'onoff'>], color_mode=None, friendly_name=복도 조명, supported_features=0 @ 2025-08-06T13:16:28.686356+09:00>, new_state=<state light.bogdo_jomyeong=on; supported_color_modes=[<ColorMode.ONOFF: 'onoff'>], color_mode=onoff, friendly_name=복도 조명, supported_features=0 @ 2025-08-06T13:16:28.777999+09:00>>
2025-08-06 13:16:28.779 INFO (MainThread) [custom_components.commax.light] Light 복도 조명 turned ON
2025-08-06 13:16:28.779 DEBUG (MainThread) [custom_components.commax.light] Updating state for light: 복도 조명
2025-08-06 13:16:28.779 DEBUG (MainThread) [custom_components.commax.light] Getting state: path=/lights/5/state
2025-08-06 13:16:28.779 DEBUG (MainThread) [custom_components.commax.rs485_client] Sending command: {"type": "GET", "path": "/lights/5/state", "value": null, "id": "commax_18642701", "timeout": 5}
2025-08-06 13:16:28.813 DEBUG (MainThread) [custom_components.commax.rs485_client] Received response: {'id': 'commax_18642701', 'success': True, 'data': 'OFF'}
2025-08-06 13:16:28.813 DEBUG (MainThread) [custom_components.commax.light] Received state response: {'id': 'commax_18642701', 'success': True, 'data': 'OFF'}
2025-08-06 13:16:28.813 INFO (MainThread) [custom_components.commax.light] Light 복도 조명 state updated: is_on=False, available=True
2025-08-06 13:16:28.813 DEBUG (MainThread) [homeassistant.core] Bus:Handling <Event state_changed[L]: entity_id=light.bogdo_jomyeong, old_state=<state light.bogdo_jomyeong=on; supported_color_modes=[<ColorMode.ONOFF: 'onoff'>], color_mode=onoff, friendly_name=복도 조명, supported_features=0 @ 2025-08-06T13:16:28.777999+09:00>, new_state=<state light.bogdo_jomyeong=off; supported_color_modes=[<ColorMode.ONOFF: 'onoff'>], color_mode=None, friendly_name=복도 조명, supported_features=0 @ 2025-08-06T13:16:28.813499+09:00>>
2025-08-06 13:16:28.814 DEBUG (MainThread) [custom_components.commax.light] State written to Home Assistant for light 복도 조명
2025-08-06 13:16:28.814 DEBUG (MainThread) [homeassistant.core] Bus:Handling <Event state_reported[L]: entity_id=light.bogdo_jomyeong, old_last_reported=2025-08-06T13:16:28.813499+09:00, new_state=<state light.bogdo_jomyeong=off; supported_color_modes=[<ColorMode.ONOFF: 'onoff'>], color_mode=None, friendly_name=복도 조명, supported_features=0 @ 2025-08-06T13:16:28.813499+09:00>>
2025-08-06 13:16:28.999 DEBUG (MainThread) [homeassistant.core] Bus:Handling <Event call_service[L]: domain=light, service=turn_on, service_data=entity_id=light.bogdo_jomyeong>
2025-08-06 13:16:29.003 DEBUG (MainThread) [custom_components.commax.light] Attempting to turn ON light: 복도 조명
2025-08-06 13:16:29.003 DEBUG (MainThread) [custom_components.commax.light] Sending command: path=/lights/5/set, value=ON
2025-08-06 13:16:29.003 DEBUG (MainThread) [custom_components.commax.rs485_client] Sending command: {"type": "SET", "path": "/lights/5/set", "value": "ON", "id": "commax_18642925", "timeout": 5}
2025-08-06 13:16:29.030 DEBUG (MainThread) [custom_components.commax.rs485_client] Received response: {'id': 'commax_18642925', 'success': True, 'data': 'LIGHT_COMMAND_SENT'}
2025-08-06 13:16:29.030 DEBUG (MainThread) [custom_components.commax.light] Received successful response: {'id': 'commax_18642925', 'success': True, 'data': 'LIGHT_COMMAND_SENT'}
2025-08-06 13:16:29.032 DEBUG (MainThread) [homeassistant.core] Bus:Handling <Event state_changed[L]: entity_id=light.bogdo_jomyeong, old_state=<state light.bogdo_jomyeong=off; supported_color_modes=[<ColorMode.ONOFF: 'onoff'>], color_mode=None, friendly_name=복도 조명, supported_features=0 @ 2025-08-06T13:16:28.813499+09:00>, new_state=<state light.bogdo_jomyeong=on; supported_color_modes=[<ColorMode.ONOFF: 'onoff'>], color_mode=onoff, friendly_name=복도 조명, supported_features=0 @ 2025-08-06T13:16:29.030643+09:00>>
2025-08-06 13:16:29.033 INFO (MainThread) [custom_components.commax.light] Light 복도 조명 turned ON
2025-08-06 13:16:29.046 DEBUG (MainThread) [custom_components.commax.light] Updating state for light: 복도 조명
2025-08-06 13:16:29.046 DEBUG (MainThread) [custom_components.commax.light] Getting state: path=/lights/5/state
2025-08-06 13:16:29.049 DEBUG (MainThread) [custom_components.commax.rs485_client] Sending command: {"type": "GET", "path": "/lights/5/state", "value": null, "id": "commax_18642971", "timeout": 5}
2025-08-06 13:16:29.071 DEBUG (MainThread) [custom_components.commax.rs485_client] Received response: {'id': 'commax_18642971', 'success': True, 'data': 'OFF'}
2025-08-06 13:16:29.072 DEBUG (MainThread) [custom_components.commax.light] Received state response: {'id': 'commax_18642971', 'success': True, 'data': 'OFF'}
2025-08-06 13:16:29.072 INFO (MainThread) [custom_components.commax.light] Light 복도 조명 state updated: is_on=False, available=True
2025-08-06 13:16:29.072 DEBUG (MainThread) [homeassistant.core] Bus:Handling <Event state_changed[L]: entity_id=light.bogdo_jomyeong, old_state=<state light.bogdo_jomyeong=on; supported_color_modes=[<ColorMode.ONOFF: 'onoff'>], color_mode=onoff, friendly_name=복도 조명, supported_features=0 @ 2025-08-06T13:16:29.030643+09:00>, new_state=<state light.bogdo_jomyeong=off; supported_color_modes=[<ColorMode.ONOFF: 'onoff'>], color_mode=None, friendly_name=복도 조명, supported_features=0 @ 2025-08-06T13:16:29.072229+09:00>>
2025-08-06 13:16:29.073 DEBUG (MainThread) [custom_components.commax.light] State written to Home Assistant for light 복도 조명
2025-08-06 13:16:29.074 DEBUG (MainThread) [homeassistant.core] Bus:Handling <Event state_reported[L]: entity_id=light.bogdo_jomyeong, old_last_reported=2025-08-06T13:16:29.072229+09:00, new_state=<state light.bogdo_jomyeong=off; supported_color_modes=[<ColorMode.ONOFF: 'onoff'>], color_mode=None, friendly_name=복도 조명, supported_features=0 @ 2025-08-06T13:16:29.072229+09:00>>
2025-08-06 13:16:29.092 DEBUG (MainThread) [homeassistant.core] Bus:Handling <Event state_reported[L]: entity_id=sun.sun, old_last_reported=2025-08-06T13:16:14.055225+09:00, new_state=<state sun.sun=above_horizon; next_dawn=2025-08-06T20:12:19.937481+00:00, next_dusk=2025-08-06T11:04:07.962815+00:00, next_midnight=2025-08-06T15:37:59+00:00, next_noon=2025-08-07T03:37:59+00:00, next_rising=2025-08-06T20:41:22.994271+00:00, next_setting=2025-08-06T10:35:05.744028+00:00, elevation=67.63, azimuth=203.62, rising=False, friendly_name=Sun @ 2025-08-06T13:14:44.035206+09:00>>
2025-08-06 13:16:30.765 DEBUG (MainThread) [homeassistant.core] Bus:Handling <Event call_service[L]: domain=light, service=turn_on, service_data=entity_id=light.bogdo_jomyeong>
2025-08-06 13:16:30.765 DEBUG (MainThread) [custom_components.commax.light] Attempting to turn ON light: 복도 조명
2025-08-06 13:16:30.765 DEBUG (MainThread) [custom_components.commax.light] Sending command: path=/lights/5/set, value=ON
2025-08-06 13:16:30.765 DEBUG (MainThread) [custom_components.commax.rs485_client] Sending command: {"type": "SET", "path": "/lights/5/set", "value": "ON", "id": "commax_18644687", "timeout": 5}
2025-08-06 13:16:30.771 DEBUG (MainThread) [custom_components.commax.rs485_client] Received response: {'id': 'commax_18644687', 'success': True, 'data': 'LIGHT_COMMAND_SENT'}
2025-08-06 13:16:30.771 DEBUG (MainThread) [custom_components.commax.light] Received successful response: {'id': 'commax_18644687', 'success': True, 'data': 'LIGHT_COMMAND_SENT'}
2025-08-06 13:16:30.771 DEBUG (MainThread) [homeassistant.core] Bus:Handling <Event state_changed[L]: entity_id=light.bogdo_jomyeong, old_state=<state light.bogdo_jomyeong=off; supported_color_modes=[<ColorMode.ONOFF: 'onoff'>], color_mode=None, friendly_name=복도 조명, supported_features=0 @ 2025-08-06T13:16:29.072229+09:00>, new_state=<state light.bogdo_jomyeong=on; supported_color_modes=[<ColorMode.ONOFF: 'onoff'>], color_mode=onoff, friendly_name=복도 조명, supported_features=0 @ 2025-08-06T13:16:30.771438+09:00>>
2025-08-06 13:16:30.772 INFO (MainThread) [custom_components.commax.light] Light 복도 조명 turned ON
2025-08-06 13:16:30.772 DEBUG (MainThread) [custom_components.commax.light] Updating state for light: 복도 조명
2025-08-06 13:16:30.772 DEBUG (MainThread) [custom_components.commax.light] Getting state: path=/lights/5/state
2025-08-06 13:16:30.772 DEBUG (MainThread) [custom_components.commax.rs485_client] Sending command: {"type": "GET", "path": "/lights/5/state", "value": null, "id": "commax_18644694", "timeout": 5}
2025-08-06 13:16:30.776 DEBUG (MainThread) [custom_components.commax.rs485_client] Received response: {'id': 'commax_18644694', 'success': True, 'data': 'OFF'}
2025-08-06 13:16:30.776 DEBUG (MainThread) [custom_components.commax.light] Received state response: {'id': 'commax_18644694', 'success': True, 'data': 'OFF'}
2025-08-06 13:16:30.776 INFO (MainThread) [custom_components.commax.light] Light 복도 조명 state updated: is_on=False, available=True
2025-08-06 13:16:30.777 DEBUG (MainThread) [homeassistant.core] Bus:Handling <Event state_changed[L]: entity_id=light.bogdo_jomyeong, old_state=<state light.bogdo_jomyeong=on; supported_color_modes=[<ColorMode.ONOFF: 'onoff'>], color_mode=onoff, friendly_name=복도 조명, supported_features=0 @ 2025-08-06T13:16:30.771438+09:00>, new_state=<state light.bogdo_jomyeong=off; supported_color_modes=[<ColorMode.ONOFF: 'onoff'>], color_mode=None, friendly_name=복도 조명, supported_features=0 @ 2025-08-06T13:16:30.776874+09:00>>
2025-08-06 13:16:30.777 DEBUG (MainThread) [custom_components.commax.light] State written to Home Assistant for light 복도 조명
2025-08-06 13:16:30.777 DEBUG (MainThread) [homeassistant.core] Bus:Handling <Event state_reported[L]: entity_id=light.bogdo_jomyeong, old_last_reported=2025-08-06T13:16:30.776874+09:00, new_state=<state light.bogdo_jomyeong=off; supported_color_modes=[<ColorMode.ONOFF: 'onoff'>], color_mode=None, friendly_name=복도 조명, supported_features=0 @ 2025-08-06T13:16:30.776874+09:00>>
2025-08-06 13:16:31.346 DEBUG (MainThread) [homeassistant.core] Bus:Handling <Event call_service[L]: domain=light, service=turn_on, service_data=entity_id=light.bogdo_jomyeong>
2025-08-06 13:16:31.347 DEBUG (MainThread) [custom_components.commax.light] Attempting to turn ON light: 복도 조명
2025-08-06 13:16:31.348 DEBUG (MainThread) [custom_components.commax.light] Sending command: path=/lights/5/set, value=ON
2025-08-06 13:16:31.348 DEBUG (MainThread) [custom_components.commax.rs485_client] Sending command: {"type": "SET", "path": "/lights/5/set", "value": "ON", "id": "commax_18645270", "timeout": 5}
2025-08-06 13:16:31.359 DEBUG (MainThread) [custom_components.commax.rs485_client] Received response: {'id': 'commax_18645270', 'success': True, 'data': 'LIGHT_COMMAND_SENT'}
2025-08-06 13:16:31.376 DEBUG (MainThread) [custom_components.commax.light] Received successful response: {'id': 'commax_18645270', 'success': True, 'data': 'LIGHT_COMMAND_SENT'}
2025-08-06 13:16:31.390 DEBUG (MainThread) [homeassistant.core] Bus:Handling <Event state_changed[L]: entity_id=light.bogdo_jomyeong, old_state=<state light.bogdo_jomyeong=off; supported_color_modes=[<ColorMode.ONOFF: 'onoff'>], color_mode=None, friendly_name=복도 조명, supported_features=0 @ 2025-08-06T13:16:30.776874+09:00>, new_state=<state light.bogdo_jomyeong=on; supported_color_modes=[<ColorMode.ONOFF: 'onoff'>], color_mode=onoff, friendly_name=복도 조명, supported_features=0 @ 2025-08-06T13:16:31.376570+09:00>>
2025-08-06 13:16:31.391 INFO (MainThread) [custom_components.commax.light] Light 복도 조명 turned ON
2025-08-06 13:16:31.395 DEBUG (MainThread) [custom_components.commax.light] Updating state for light: 복도 조명
2025-08-06 13:16:31.395 DEBUG (MainThread) [custom_components.commax.light] Getting state: path=/lights/5/state
2025-08-06 13:16:31.395 DEBUG (MainThread) [custom_components.commax.rs485_client] Sending command: {"type": "GET", "path": "/lights/5/state", "value": null, "id": "commax_18645318", "timeout": 5}
2025-08-06 13:16:31.426 DEBUG (MainThread) [custom_components.commax.rs485_client] Received response: {'id': 'commax_18645318', 'success': True, 'data': 'OFF'}
2025-08-06 13:16:31.437 DEBUG (MainThread) [custom_components.commax.light] Received state response: {'id': 'commax_18645318', 'success': True, 'data': 'OFF'}
2025-08-06 13:16:31.437 INFO (MainThread) [custom_components.commax.light] Light 복도 조명 state updated: is_on=False, available=True
2025-08-06 13:16:31.452 DEBUG (MainThread) [homeassistant.core] Bus:Handling <Event state_changed[L]: entity_id=light.bogdo_jomyeong, old_state=<state light.bogdo_jomyeong=on; supported_color_modes=[<ColorMode.ONOFF: 'onoff'>], color_mode=onoff, friendly_name=복도 조명, supported_features=0 @ 2025-08-06T13:16:31.376570+09:00>, new_state=<state light.bogdo_jomyeong=off; supported_color_modes=[<ColorMode.ONOFF: 'onoff'>], color_mode=None, friendly_name=복도 조명, supported_features=0 @ 2025-08-06T13:16:31.437705+09:00>>
2025-08-06 13:16:31.452 DEBUG (MainThread) [custom_components.commax.light] State written to Home Assistant for light 복도 조명
2025-08-06 13:16:31.492 DEBUG (MainThread) [homeassistant.core] Bus:Handling <Event state_reported[L]: entity_id=light.bogdo_jomyeong, old_last_reported=2025-08-06T13:16:31.437705+09:00, new_state=<state light.bogdo_jomyeong=off; supported_color_modes=[<ColorMode.ONOFF: 'onoff'>], color_mode=None, friendly_name=복도 조명, supported_features=0 @ 2025-08-06T13:16:31.437705+09:00>>
2025-08-06 13:16:31.500 DEBUG (MainThread) [homeassistant.core] Bus:Handling <Event call_service[L]: domain=light, service=turn_on, service_data=entity_id=light.bogdo_jomyeong>
2025-08-06 13:16:31.500 DEBUG (MainThread) [custom_components.commax.light] Attempting to turn ON light: 복도 조명
2025-08-06 13:16:31.500 DEBUG (MainThread) [custom_components.commax.light] Sending command: path=/lights/5/set, value=ON
2025-08-06 13:16:31.501 DEBUG (MainThread) [custom_components.commax.rs485_client] Sending command: {"type": "SET", "path": "/lights/5/set", "value": "ON", "id": "commax_18645423", "timeout": 5}
2025-08-06 13:16:31.504 DEBUG (MainThread) [custom_components.commax.rs485_client] Received response: {'id': 'commax_18645423', 'success': True, 'data': 'LIGHT_COMMAND_SENT'}
2025-08-06 13:16:31.505 DEBUG (MainThread) [custom_components.commax.light] Received successful response: {'id': 'commax_18645423', 'success': True, 'data': 'LIGHT_COMMAND_SENT'}
2025-08-06 13:16:31.505 DEBUG (MainThread) [homeassistant.core] Bus:Handling <Event state_changed[L]: entity_id=light.bogdo_jomyeong, old_state=<state light.bogdo_jomyeong=off; supported_color_modes=[<ColorMode.ONOFF: 'onoff'>], color_mode=None, friendly_name=복도 조명, supported_features=0 @ 2025-08-06T13:16:31.437705+09:00>, new_state=<state light.bogdo_jomyeong=on; supported_color_modes=[<ColorMode.ONOFF: 'onoff'>], color_mode=onoff, friendly_name=복도 조명, supported_features=0 @ 2025-08-06T13:16:31.505281+09:00>>
2025-08-06 13:16:31.505 INFO (MainThread) [custom_components.commax.light] Light 복도 조명 turned ON
2025-08-06 13:16:31.514 DEBUG (MainThread) [custom_components.commax.light] Updating state for light: 복도 조명
2025-08-06 13:16:31.515 DEBUG (MainThread) [custom_components.commax.light] Getting state: path=/lights/5/state
2025-08-06 13:16:31.515 DEBUG (MainThread) [custom_components.commax.rs485_client] Sending command: {"type": "GET", "path": "/lights/5/state", "value": null, "id": "commax_18645437", "timeout": 5}
2025-08-06 13:16:31.521 DEBUG (MainThread) [custom_components.commax.rs485_client] Received response: {'id': 'commax_18645437', 'success': True, 'data': 'OFF'}
2025-08-06 13:16:31.522 DEBUG (MainThread) [custom_components.commax.light] Received state response: {'id': 'commax_18645437', 'success': True, 'data': 'OFF'}
2025-08-06 13:16:31.522 INFO (MainThread) [custom_components.commax.light] Light 복도 조명 state updated: is_on=False, available=True
2025-08-06 13:16:31.522 DEBUG (MainThread) [homeassistant.core] Bus:Handling <Event state_changed[L]: entity_id=light.bogdo_jomyeong, old_state=<state light.bogdo_jomyeong=on; supported_color_modes=[<ColorMode.ONOFF: 'onoff'>], color_mode=onoff, friendly_name=복도 조명, supported_features=0 @ 2025-08-06T13:16:31.505281+09:00>, new_state=<state light.bogdo_jomyeong=off; supported_color_modes=[<ColorMode.ONOFF: 'onoff'>], color_mode=None, friendly_name=복도 조명, supported_features=0 @ 2025-08-06T13:16:31.522237+09:00>>
2025-08-06 13:16:31.522 DEBUG (MainThread) [custom_components.commax.light] State written to Home Assistant for light 복도 조명
2025-08-06 13:16:31.522 DEBUG (MainThread) [homeassistant.core] Bus:Handling <Event state_reported[L]: entity_id=light.bogdo_jomyeong, old_last_reported=2025-08-06T13:16:31.522237+09:00, new_state=<state light.bogdo_jomyeong=off; supported_color_modes=[<ColorMode.ONOFF: 'onoff'>], color_mode=None, friendly_name=복도 조명, supported_features=0 @ 2025-08-06T13:16:31.522237+09:00>>
2025-08-06 13:16:31.675 DEBUG (MainThread) [homeassistant.core] Bus:Handling <Event call_service[L]: domain=light, service=turn_on, service_data=entity_id=light.bogdo_jomyeong>
2025-08-06 13:16:31.675 DEBUG (MainThread) [custom_components.commax.light] Attempting to turn ON light: 복도 조명
2025-08-06 13:16:31.676 DEBUG (MainThread) [custom_components.commax.light] Sending command: path=/lights/5/set, value=ON
2025-08-06 13:16:31.676 DEBUG (MainThread) [custom_components.commax.rs485_client] Sending command: {"type": "SET", "path": "/lights/5/set", "value": "ON", "id": "commax_18645598", "timeout": 5}
2025-08-06 13:16:31.680 DEBUG (MainThread) [custom_components.commax.rs485_client] Received response: {'id': 'commax_18645598', 'success': True, 'data': 'LIGHT_COMMAND_SENT'}
2025-08-06 13:16:31.680 DEBUG (MainThread) [custom_components.commax.light] Received successful response: {'id': 'commax_18645598', 'success': True, 'data': 'LIGHT_COMMAND_SENT'}
2025-08-06 13:16:31.680 DEBUG (MainThread) [homeassistant.core] Bus:Handling <Event state_changed[L]: entity_id=light.bogdo_jomyeong, old_state=<state light.bogdo_jomyeong=off; supported_color_modes=[<ColorMode.ONOFF: 'onoff'>], color_mode=None, friendly_name=복도 조명, supported_features=0 @ 2025-08-06T13:16:31.522237+09:00>, new_state=<state light.bogdo_jomyeong=on; supported_color_modes=[<ColorMode.ONOFF: 'onoff'>], color_mode=onoff, friendly_name=복도 조명, supported_features=0 @ 2025-08-06T13:16:31.680578+09:00>>
2025-08-06 13:16:31.681 INFO (MainThread) [custom_components.commax.light] Light 복도 조명 turned ON
2025-08-06 13:16:31.681 DEBUG (MainThread) [custom_components.commax.light] Updating state for light: 복도 조명
2025-08-06 13:16:31.681 DEBUG (MainThread) [custom_components.commax.light] Getting state: path=/lights/5/state
2025-08-06 13:16:31.681 DEBUG (MainThread) [custom_components.commax.rs485_client] Sending command: {"type": "GET", "path": "/lights/5/state", "value": null, "id": "commax_18645603", "timeout": 5}
2025-08-06 13:16:31.690 DEBUG (MainThread) [custom_components.commax.rs485_client] Received response: {'id': 'commax_18645603', 'success': True, 'data': 'OFF'}
2025-08-06 13:16:31.690 DEBUG (MainThread) [custom_components.commax.light] Received state response: {'id': 'commax_18645603', 'success': True, 'data': 'OFF'}
2025-08-06 13:16:31.690 INFO (MainThread) [custom_components.commax.light] Light 복도 조명 state updated: is_on=False, available=True
2025-08-06 13:16:31.690 DEBUG (MainThread) [homeassistant.core] Bus:Handling <Event state_changed[L]: entity_id=light.bogdo_jomyeong, old_state=<state light.bogdo_jomyeong=on; supported_color_modes=[<ColorMode.ONOFF: 'onoff'>], color_mode=onoff, friendly_name=복도 조명, supported_features=0 @ 2025-08-06T13:16:31.680578+09:00>, new_state=<state light.bogdo_jomyeong=off; supported_color_modes=[<ColorMode.ONOFF: 'onoff'>], color_mode=None, friendly_name=복도 조명, supported_features=0 @ 2025-08-06T13:16:31.690651+09:00>>
2025-08-06 13:16:31.691 DEBUG (MainThread) [custom_components.commax.light] State written to Home Assistant for light 복도 조명
2025-08-06 13:16:31.691 DEBUG (MainThread) [homeassistant.core] Bus:Handling <Event state_reported[L]: entity_id=light.bogdo_jomyeong, old_last_reported=2025-08-06T13:16:31.690651+09:00, new_state=<state light.bogdo_jomyeong=off; supported_color_modes=[<ColorMode.ONOFF: 'onoff'>], color_mode=None, friendly_name=복도 조명, supported_features=0 @ 2025-08-06T13:16:31.690651+09:00>>
2025-08-06 13:16:31.851 DEBUG (MainThread) [homeassistant.core] Bus:Handling <Event call_service[L]: domain=light, service=turn_on, service_data=entity_id=light.bogdo_jomyeong>
2025-08-06 13:16:31.851 DEBUG (MainThread) [custom_components.commax.light] Attempting to turn ON light: 복도 조명
2025-08-06 13:16:31.851 DEBUG (MainThread) [custom_components.commax.light] Sending command: path=/lights/5/set, value=ON
2025-08-06 13:16:31.851 DEBUG (MainThread) [custom_components.commax.rs485_client] Sending command: {"type": "SET", "path": "/lights/5/set", "value": "ON", "id": "commax_18645774", "timeout": 5}
2025-08-06 13:16:31.853 DEBUG (MainThread) [custom_components.commax.rs485_client] Received response: {'id': 'commax_18645774', 'success': True, 'data': 'LIGHT_COMMAND_SENT'}
2025-08-06 13:16:31.853 DEBUG (MainThread) [custom_components.commax.light] Received successful response: {'id': 'commax_18645774', 'success': True, 'data': 'LIGHT_COMMAND_SENT'}
2025-08-06 13:16:31.854 DEBUG (MainThread) [homeassistant.core] Bus:Handling <Event state_changed[L]: entity_id=light.bogdo_jomyeong, old_state=<state light.bogdo_jomyeong=off; supported_color_modes=[<ColorMode.ONOFF: 'onoff'>], color_mode=None, friendly_name=복도 조명, supported_features=0 @ 2025-08-06T13:16:31.690651+09:00>, new_state=<state light.bogdo_jomyeong=on; supported_color_modes=[<ColorMode.ONOFF: 'onoff'>], color_mode=onoff, friendly_name=복도 조명, supported_features=0 @ 2025-08-06T13:16:31.854182+09:00>>
2025-08-06 13:16:31.854 INFO (MainThread) [custom_components.commax.light] Light 복도 조명 turned ON
2025-08-06 13:16:31.856 DEBUG (MainThread) [custom_components.commax.light] Updating state for light: 복도 조명
2025-08-06 13:16:31.856 DEBUG (MainThread) [custom_components.commax.light] Getting state: path=/lights/5/state
2025-08-06 13:16:31.856 DEBUG (MainThread) [custom_components.commax.rs485_client] Sending command: {"type": "GET", "path": "/lights/5/state", "value": null, "id": "commax_18645778", "timeout": 5}
2025-08-06 13:16:31.859 DEBUG (MainThread) [custom_components.commax.rs485_client] Received response: {'id': 'commax_18645778', 'success': True, 'data': 'OFF'}
2025-08-06 13:16:31.859 DEBUG (MainThread) [custom_components.commax.light] Received state response: {'id': 'commax_18645778', 'success': True, 'data': 'OFF'}
2025-08-06 13:16:31.859 INFO (MainThread) [custom_components.commax.light] Light 복도 조명 state updated: is_on=False, available=True
2025-08-06 13:16:31.859 DEBUG (MainThread) [homeassistant.core] Bus:Handling <Event state_changed[L]: entity_id=light.bogdo_jomyeong, old_state=<state light.bogdo_jomyeong=on; supported_color_modes=[<ColorMode.ONOFF: 'onoff'>], color_mode=onoff, friendly_name=복도 조명, supported_features=0 @ 2025-08-06T13:16:31.854182+09:00>, new_state=<state light.bogdo_jomyeong=off; supported_color_modes=[<ColorMode.ONOFF: 'onoff'>], color_mode=None, friendly_name=복도 조명, supported_features=0 @ 2025-08-06T13:16:31.859471+09:00>>
2025-08-06 13:16:31.860 DEBUG (MainThread) [custom_components.commax.light] State written to Home Assistant for light 복도 조명
2025-08-06 13:16:31.860 DEBUG (MainThread) [homeassistant.core] Bus:Handling <Event state_reported[L]: entity_id=light.bogdo_jomyeong, old_last_reported=2025-08-06T13:16:31.859471+09:00, new_state=<state light.bogdo_jomyeong=off; supported_color_modes=[<ColorMode.ONOFF: 'onoff'>], color_mode=None, friendly_name=복도 조명, supported_features=0 @ 2025-08-06T13:16:31.859471+09:00>>
2025-08-06 13:16:31.988 DEBUG (MainThread) [homeassistant.core] Bus:Handling <Event call_service[L]: domain=light, service=turn_on, service_data=entity_id=light.bogdo_jomyeong>
2025-08-06 13:16:31.988 DEBUG (MainThread) [custom_components.commax.light] Attempting to turn ON light: 복도 조명
2025-08-06 13:16:31.989 DEBUG (MainThread) [custom_components.commax.light] Sending command: path=/lights/5/set, value=ON
2025-08-06 13:16:31.989 DEBUG (MainThread) [custom_components.commax.rs485_client] Sending command: {"type": "SET", "path": "/lights/5/set", "value": "ON", "id": "commax_18645911", "timeout": 5}
2025-08-06 13:16:31.992 DEBUG (MainThread) [custom_components.commax.rs485_client] Received response: {'id': 'commax_18645911', 'success': True, 'data': 'LIGHT_COMMAND_SENT'}
2025-08-06 13:16:31.992 DEBUG (MainThread) [custom_components.commax.light] Received successful response: {'id': 'commax_18645911', 'success': True, 'data': 'LIGHT_COMMAND_SENT'}
2025-08-06 13:16:31.992 DEBUG (MainThread) [homeassistant.core] Bus:Handling <Event state_changed[L]: entity_id=light.bogdo_jomyeong, old_state=<state light.bogdo_jomyeong=off; supported_color_modes=[<ColorMode.ONOFF: 'onoff'>], color_mode=None, friendly_name=복도 조명, supported_features=0 @ 2025-08-06T13:16:31.859471+09:00>, new_state=<state light.bogdo_jomyeong=on; supported_color_modes=[<ColorMode.ONOFF: 'onoff'>], color_mode=onoff, friendly_name=복도 조명, supported_features=0 @ 2025-08-06T13:16:31.992612+09:00>>
2025-08-06 13:16:31.993 INFO (MainThread) [custom_components.commax.light] Light 복도 조명 turned ON
2025-08-06 13:16:31.993 DEBUG (MainThread) [custom_components.commax.light] Updating state for light: 복도 조명
2025-08-06 13:16:31.993 DEBUG (MainThread) [custom_components.commax.light] Getting state: path=/lights/5/state
2025-08-06 13:16:31.993 DEBUG (MainThread) [custom_components.commax.rs485_client] Sending command: {"type": "GET", "path": "/lights/5/state", "value": null, "id": "commax_18645915", "timeout": 5}
2025-08-06 13:16:31.998 DEBUG (MainThread) [custom_components.commax.rs485_client] Received response: {'id': 'commax_18645915', 'success': True, 'data': 'OFF'}
2025-08-06 13:16:31.998 DEBUG (MainThread) [custom_components.commax.light] Received state response: {'id': 'commax_18645915', 'success': True, 'data': 'OFF'}
2025-08-06 13:16:31.998 INFO (MainThread) [custom_components.commax.light] Light 복도 조명 state updated: is_on=False, available=True
2025-08-06 13:16:31.999 DEBUG (MainThread) [homeassistant.core] Bus:Handling <Event state_changed[L]: entity_id=light.bogdo_jomyeong, old_state=<state light.bogdo_jomyeong=on; supported_color_modes=[<ColorMode.ONOFF: 'onoff'>], color_mode=onoff, friendly_name=복도 조명, supported_features=0 @ 2025-08-06T13:16:31.992612+09:00>, new_state=<state light.bogdo_jomyeong=off; supported_color_modes=[<ColorMode.ONOFF: 'onoff'>], color_mode=None, friendly_name=복도 조명, supported_features=0 @ 2025-08-06T13:16:31.998649+09:00>>
2025-08-06 13:16:32.000 DEBUG (MainThread) [custom_components.commax.light] State written to Home Assistant for light 복도 조명
2025-08-06 13:16:32.000 DEBUG (MainThread) [homeassistant.core] Bus:Handling <Event state_reported[L]: entity_id=light.bogdo_jomyeong, old_last_reported=2025-08-06T13:16:31.998649+09:00, new_state=<state light.bogdo_jomyeong=off; supported_color_modes=[<ColorMode.ONOFF: 'onoff'>], color_mode=None, friendly_name=복도 조명, supported_features=0 @ 2025-08-06T13:16:31.998649+09:00>>
2025-08-06 13:16:32.131 DEBUG (MainThread) [homeassistant.core] Bus:Handling <Event call_service[L]: domain=light, service=turn_on, service_data=entity_id=light.bogdo_jomyeong>
2025-08-06 13:16:32.131 DEBUG (MainThread) [custom_components.commax.light] Attempting to turn ON light: 복도 조명
2025-08-06 13:16:32.131 DEBUG (MainThread) [custom_components.commax.light] Sending command: path=/lights/5/set, value=ON
2025-08-06 13:16:32.131 DEBUG (MainThread) [custom_components.commax.rs485_client] Sending command: {"type": "SET", "path": "/lights/5/set", "value": "ON", "id": "commax_18646053", "timeout": 5}
2025-08-06 13:16:32.135 DEBUG (MainThread) [custom_components.commax.rs485_client] Received response: {'id': 'commax_18646053', 'success': True, 'data': 'LIGHT_COMMAND_SENT'}
2025-08-06 13:16:32.136 DEBUG (MainThread) [custom_components.commax.light] Received successful response: {'id': 'commax_18646053', 'success': True, 'data': 'LIGHT_COMMAND_SENT'}
2025-08-06 13:16:32.136 DEBUG (MainThread) [homeassistant.core] Bus:Handling <Event state_changed[L]: entity_id=light.bogdo_jomyeong, old_state=<state light.bogdo_jomyeong=off; supported_color_modes=[<ColorMode.ONOFF: 'onoff'>], color_mode=None, friendly_name=복도 조명, supported_features=0 @ 2025-08-06T13:16:31.998649+09:00>, new_state=<state light.bogdo_jomyeong=on; supported_color_modes=[<ColorMode.ONOFF: 'onoff'>], color_mode=onoff, friendly_name=복도 조명, supported_features=0 @ 2025-08-06T13:16:32.136293+09:00>>
2025-08-06 13:16:32.136 INFO (MainThread) [custom_components.commax.light] Light 복도 조명 turned ON
2025-08-06 13:16:32.137 DEBUG (MainThread) [custom_components.commax.light] Updating state for light: 복도 조명
2025-08-06 13:16:32.137 DEBUG (MainThread) [custom_components.commax.light] Getting state: path=/lights/5/state
2025-08-06 13:16:32.137 DEBUG (MainThread) [custom_components.commax.rs485_client] Sending command: {"type": "GET", "path": "/lights/5/state", "value": null, "id": "commax_18646059", "timeout": 5}
2025-08-06 13:16:32.146 DEBUG (MainThread) [custom_components.commax.rs485_client] Received response: {'id': 'commax_18646059', 'success': True, 'data': 'OFF'}
2025-08-06 13:16:32.146 DEBUG (MainThread) [custom_components.commax.light] Received state response: {'id': 'commax_18646059', 'success': True, 'data': 'OFF'}
2025-08-06 13:16:32.146 INFO (MainThread) [custom_components.commax.light] Light 복도 조명 state updated: is_on=False, available=True
2025-08-06 13:16:32.147 DEBUG (MainThread) [homeassistant.core] Bus:Handling <Event state_changed[L]: entity_id=light.bogdo_jomyeong, old_state=<state light.bogdo_jomyeong=on; supported_color_modes=[<ColorMode.ONOFF: 'onoff'>], color_mode=onoff, friendly_name=복도 조명, supported_features=0 @ 2025-08-06T13:16:32.136293+09:00>, new_state=<state light.bogdo_jomyeong=off; supported_color_modes=[<ColorMode.ONOFF: 'onoff'>], color_mode=None, friendly_name=복도 조명, supported_features=0 @ 2025-08-06T13:16:32.146692+09:00>>
2025-08-06 13:16:32.147 DEBUG (MainThread) [custom_components.commax.light] State written to Home Assistant for light 복도 조명
2025-08-06 13:16:32.147 DEBUG (MainThread) [homeassistant.core] Bus:Handling <Event state_reported[L]: entity_id=light.bogdo_jomyeong, old_last_reported=2025-08-06T13:16:32.146692+09:00, new_state=<state light.bogdo_jomyeong=off; supported_color_modes=[<ColorMode.ONOFF: 'onoff'>], color_mode=None, friendly_name=복도 조명, supported_features=0 @ 2025-08-06T13:16:32.146692+09:00>>
2025-08-06 13:16:32.281 DEBUG (MainThread) [homeassistant.core] Bus:Handling <Event call_service[L]: domain=light, service=turn_on, service_data=entity_id=light.bogdo_jomyeong>
2025-08-06 13:16:32.282 DEBUG (MainThread) [custom_components.commax.light] Attempting to turn ON light: 복도 조명
2025-08-06 13:16:32.282 DEBUG (MainThread) [custom_components.commax.light] Sending command: path=/lights/5/set, value=ON
2025-08-06 13:16:32.282 DEBUG (MainThread) [custom_components.commax.rs485_client] Sending command: {"type": "SET", "path": "/lights/5/set", "value": "ON", "id": "commax_18646204", "timeout": 5}
2025-08-06 13:16:32.285 DEBUG (MainThread) [custom_components.commax.rs485_client] Received response: {'id': 'commax_18646204', 'success': True, 'data': 'LIGHT_COMMAND_SENT'}
2025-08-06 13:16:32.285 DEBUG (MainThread) [custom_components.commax.light] Received successful response: {'id': 'commax_18646204', 'success': True, 'data': 'LIGHT_COMMAND_SENT'}
2025-08-06 13:16:32.285 DEBUG (MainThread) [homeassistant.core] Bus:Handling <Event state_changed[L]: entity_id=light.bogdo_jomyeong, old_state=<state light.bogdo_jomyeong=off; supported_color_modes=[<ColorMode.ONOFF: 'onoff'>], color_mode=None, friendly_name=복도 조명, supported_features=0 @ 2025-08-06T13:16:32.146692+09:00>, new_state=<state light.bogdo_jomyeong=on; supported_color_modes=[<ColorMode.ONOFF: 'onoff'>], color_mode=onoff, friendly_name=복도 조명, supported_features=0 @ 2025-08-06T13:16:32.285674+09:00>>
2025-08-06 13:16:32.286 INFO (MainThread) [custom_components.commax.light] Light 복도 조명 turned ON
2025-08-06 13:16:32.286 DEBUG (MainThread) [custom_components.commax.light] Updating state for light: 복도 조명
2025-08-06 13:16:32.286 DEBUG (MainThread) [custom_components.commax.light] Getting state: path=/lights/5/state
2025-08-06 13:16:32.286 DEBUG (MainThread) [custom_components.commax.rs485_client] Sending command: {"type": "GET", "path": "/lights/5/state", "value": null, "id": "commax_18646208", "timeout": 5}
2025-08-06 13:16:32.289 DEBUG (MainThread) [custom_components.commax.rs485_client] Received response: {'id': 'commax_18646208', 'success': True, 'data': 'OFF'}
2025-08-06 13:16:32.289 DEBUG (MainThread) [custom_components.commax.light] Received state response: {'id': 'commax_18646208', 'success': True, 'data': 'OFF'}
2025-08-06 13:16:32.289 INFO (MainThread) [custom_components.commax.light] Light 복도 조명 state updated: is_on=False, available=True
2025-08-06 13:16:32.289 DEBUG (MainThread) [homeassistant.core] Bus:Handling <Event state_changed[L]: entity_id=light.bogdo_jomyeong, old_state=<state light.bogdo_jomyeong=on; supported_color_modes=[<ColorMode.ONOFF: 'onoff'>], color_mode=onoff, friendly_name=복도 조명, supported_features=0 @ 2025-08-06T13:16:32.285674+09:00>, new_state=<state light.bogdo_jomyeong=off; supported_color_modes=[<ColorMode.ONOFF: 'onoff'>], color_mode=None, friendly_name=복도 조명, supported_features=0 @ 2025-08-06T13:16:32.289646+09:00>>
2025-08-06 13:16:32.290 DEBUG (MainThread) [custom_components.commax.light] State written to Home Assistant for light 복도 조명
2025-08-06 13:16:32.290 DEBUG (MainThread) [homeassistant.core] Bus:Handling <Event state_reported[L]: entity_id=light.bogdo_jomyeong, old_last_reported=2025-08-06T13:16:32.289646+09:00, new_state=<state light.bogdo_jomyeong=off; supported_color_modes=[<ColorMode.ONOFF: 'onoff'>], color_mode=None, friendly_name=복도 조명, supported_features=0 @ 2025-08-06T13:16:32.289646+09:00>>
2025-08-06 13:16:32.550 DEBUG (MainThread) [homeassistant.core] Bus:Handling <Event state_reported[L]: entity_id=fan.zhimi_airpurifier_m1, old_last_reported=2025-08-06T13:16:17.557888+09:00, new_state=<state fan.zhimi_airpurifier_m1=off; preset_modes=['Auto', 'Silent', 'Favorite', 'Idle'], preset_mode=None, extra_features=0, turbo_mode_supported=False, button_pressed=None, sleep_time=None, sleep_mode_learn_count=None, use_time=148003558, sleep_mode=None, friendly_name=공기청정기, supported_features=56 @ 2025-08-06T13:14:47.916394+09:00>>
2025-08-06 13:16:32.551 DEBUG (MainThread) [homeassistant.core] Bus:Handling <Event state_reported[L]: entity_id=number.zhimi_airpurifier_m1_favorite_level, old_last_reported=2025-08-06T13:16:17.558466+09:00, new_state=<state number.zhimi_airpurifier_m1_favorite_level=10; min=0, max=17, step=1, mode=auto, icon=mdi:star-cog, friendly_name=공기청정기 Favorite level @ 2025-08-06T13:14:47.938869+09:00>>
2025-08-06 13:16:32.551 DEBUG (MainThread) [homeassistant.core] Bus:Handling <Event state_reported[L]: entity_id=select.zhimi_airpurifier_m1_led_brightness, old_last_reported=2025-08-06T13:16:17.558751+09:00, new_state=<state select.zhimi_airpurifier_m1_led_brightness=bright; options=['bright', 'dim', 'off'], icon=mdi:brightness-6, friendly_name=공기청정기 Led Brightness @ 2025-08-06T13:14:47.962032+09:00>>
2025-08-06 13:16:32.551 DEBUG (MainThread) [homeassistant.core] Bus:Handling <Event state_changed[L]: entity_id=sensor.zhimi_airpurifier_m1_temperature, old_state=<state sensor.zhimi_airpurifier_m1_temperature=26.2; state_class=measurement, unit_of_measurement=°C, device_class=temperature, friendly_name=온도 @ 2025-08-06T13:16:17.559608+09:00>, new_state=<state sensor.zhimi_airpurifier_m1_temperature=26.1; state_class=measurement, unit_of_measurement=°C, device_class=temperature, friendly_name=온도 @ 2025-08-06T13:16:32.551458+09:00>>
2025-08-06 13:16:32.551 DEBUG (MainThread) [homeassistant.core] Bus:Handling <Event state_reported[L]: entity_id=sensor.zhimi_airpurifier_m1_humidity, old_last_reported=2025-08-06T13:16:17.561444+09:00, new_state=<state sensor.zhimi_airpurifier_m1_humidity=57; state_class=measurement, unit_of_measurement=%, device_class=humidity, friendly_name=공기청정기 습도 @ 2025-08-06T13:15:17.561826+09:00>>
2025-08-06 13:16:32.552 DEBUG (MainThread) [homeassistant.core] Bus:Handling <Event state_reported[L]: entity_id=sensor.zhimi_airpurifier_m1_motor_speed, old_last_reported=2025-08-06T13:16:17.561995+09:00, new_state=<state sensor.zhimi_airpurifier_m1_motor_speed=0; state_class=measurement, unit_of_measurement=rpm, icon=mdi:fast-forward, friendly_name=공기청정기 Motor speed @ 2025-08-06T13:14:47.987427+09:00>>
2025-08-06 13:16:32.552 DEBUG (MainThread) [homeassistant.core] Bus:Handling <Event state_reported[L]: entity_id=sensor.zhimi_airpurifier_m1_pm2_5, old_last_reported=2025-08-06T13:16:17.562363+09:00, new_state=<state sensor.zhimi_airpurifier_m1_pm2_5=32; state_class=measurement, unit_of_measurement=µg/m³, device_class=pm25, friendly_name=공기청정기 PM2.5 @ 2025-08-06T13:16:17.562363+09:00>>
2025-08-06 13:16:32.552 DEBUG (MainThread) [homeassistant.core] Bus:Handling <Event state_reported[L]: entity_id=sensor.zhimi_airpurifier_m1_filter_life_remaining, old_last_reported=2025-08-06T13:16:17.562917+09:00, new_state=<state sensor.zhimi_airpurifier_m1_filter_life_remaining=0; state_class=measurement, unit_of_measurement=%, icon=mdi:air-filter, friendly_name=공기청정기 Filter life remaining @ 2025-08-06T13:14:47.988484+09:00>>
2025-08-06 13:16:32.552 DEBUG (MainThread) [homeassistant.core] Bus:Handling <Event state_reported[L]: entity_id=sensor.zhimi_airpurifier_m1_filter_use, old_last_reported=2025-08-06T13:16:17.563320+09:00, new_state=<state sensor.zhimi_airpurifier_m1_filter_use=3500; state_class=measurement, unit_of_measurement=h, device_class=duration, icon=mdi:clock-outline, friendly_name=공기청정기 Filter use @ 2025-08-06T13:14:47.989019+09:00>>
2025-08-06 13:16:32.552 DEBUG (MainThread) [homeassistant.core] Bus:Handling <Event state_reported[L]: entity_id=switch.zhimi_airpurifier_m1_buzzer, old_last_reported=2025-08-06T13:16:17.563683+09:00, new_state=<state switch.zhimi_airpurifier_m1_buzzer=off; icon=mdi:volume-high, friendly_name=공기청정기 Buzzer @ 2025-08-06T13:14:48.008732+09:00>>
2025-08-06 13:16:32.553 DEBUG (MainThread) [homeassistant.core] Bus:Handling <Event state_reported[L]: entity_id=switch.zhimi_airpurifier_m1_child_lock, old_last_reported=2025-08-06T13:16:17.564015+09:00, new_state=<state switch.zhimi_airpurifier_m1_child_lock=off; icon=mdi:lock, friendly_name=공기청정기 차일드 락 @ 2025-08-06T13:14:48.010084+09:00>>
2025-08-06 13:16:32.553 DEBUG (MainThread) [homeassistant.core] Bus:Handling <Event state_reported[L]: entity_id=switch.zhimi_airpurifier_m1_led, old_last_reported=2025-08-06T13:16:17.564255+09:00, new_state=<state switch.zhimi_airpurifier_m1_led=off; icon=mdi:led-outline, friendly_name=공기청정기 LED @ 2025-08-06T13:14:48.011089+09:00>>
2025-08-06 13:16:32.553 DEBUG (MainThread) [homeassistant.core] Bus:Handling <Event state_reported[L]: entity_id=switch.zhimi_airpurifier_m1_learn_mode, old_last_reported=2025-08-06T13:16:17.564471+09:00, new_state=<state switch.zhimi_airpurifier_m1_learn_mode=off; icon=mdi:school-outline, friendly_name=공기청정기 Learn mode @ 2025-08-06T13:14:48.015987+09:00>>
2025-08-06 13:16:32.669 DEBUG (MainThread) [homeassistant.core] Bus:Handling <Event call_service[L]: domain=light, service=turn_on, service_data=entity_id=light.bogdo_jomyeong>
2025-08-06 13:16:32.669 DEBUG (MainThread) [custom_components.commax.light] Attempting to turn ON light: 복도 조명
2025-08-06 13:16:32.669 DEBUG (MainThread) [custom_components.commax.light] Sending command: path=/lights/5/set, value=ON
2025-08-06 13:16:32.670 DEBUG (MainThread) [custom_components.commax.rs485_client] Sending command: {"type": "SET", "path": "/lights/5/set", "value": "ON", "id": "commax_18646592", "timeout": 5}
2025-08-06 13:16:32.670 DEBUG (MainThread) [custom_components.commax.rs485_client] Received response: {'id': 'commax_18646592', 'success': True, 'data': 'LIGHT_COMMAND_SENT'}
2025-08-06 13:16:32.670 DEBUG (MainThread) [custom_components.commax.light] Received successful response: {'id': 'commax_18646592', 'success': True, 'data': 'LIGHT_COMMAND_SENT'}
2025-08-06 13:16:32.671 DEBUG (MainThread) [homeassistant.core] Bus:Handling <Event state_changed[L]: entity_id=light.bogdo_jomyeong, old_state=<state light.bogdo_jomyeong=off; supported_color_modes=[<ColorMode.ONOFF: 'onoff'>], color_mode=None, friendly_name=복도 조명, supported_features=0 @ 2025-08-06T13:16:32.289646+09:00>, new_state=<state light.bogdo_jomyeong=on; supported_color_modes=[<ColorMode.ONOFF: 'onoff'>], color_mode=onoff, friendly_name=복도 조명, supported_features=0 @ 2025-08-06T13:16:32.671124+09:00>>
2025-08-06 13:16:32.671 INFO (MainThread) [custom_components.commax.light] Light 복도 조명 turned ON
2025-08-06 13:16:32.671 DEBUG (MainThread) [custom_components.commax.light] Updating state for light: 복도 조명
2025-08-06 13:16:32.671 DEBUG (MainThread) [custom_components.commax.light] Getting state: path=/lights/5/state
2025-08-06 13:16:32.673 DEBUG (MainThread) [custom_components.commax.rs485_client] Sending command: {"type": "GET", "path": "/lights/5/state", "value": null, "id": "commax_18646595", "timeout": 5}
2025-08-06 13:16:32.677 DEBUG (MainThread) [custom_components.commax.rs485_client] Received response: {'id': 'commax_18646595', 'success': True, 'data': 'OFF'}
2025-08-06 13:16:32.677 DEBUG (MainThread) [custom_components.commax.light] Received state response: {'id': 'commax_18646595', 'success': True, 'data': 'OFF'}
2025-08-06 13:16:32.677 INFO (MainThread) [custom_components.commax.light] Light 복도 조명 state updated: is_on=False, available=True
2025-08-06 13:16:32.678 DEBUG (MainThread) [homeassistant.core] Bus:Handling <Event state_changed[L]: entity_id=light.bogdo_jomyeong, old_state=<state light.bogdo_jomyeong=on; supported_color_modes=[<ColorMode.ONOFF: 'onoff'>], color_mode=onoff, friendly_name=복도 조명, supported_features=0 @ 2025-08-06T13:16:32.671124+09:00>, new_state=<state light.bogdo_jomyeong=off; supported_color_modes=[<ColorMode.ONOFF: 'onoff'>], color_mode=None, friendly_name=복도 조명, supported_features=0 @ 2025-08-06T13:16:32.678095+09:00>>
2025-08-06 13:16:32.678 DEBUG (MainThread) [custom_components.commax.light] State written to Home Assistant for light 복도 조명
2025-08-06 13:16:32.678 DEBUG (MainThread) [homeassistant.core] Bus:Handling <Event state_reported[L]: entity_id=light.bogdo_jomyeong, old_last_reported=2025-08-06T13:16:32.678095+09:00, new_state=<state light.bogdo_jomyeong=off; supported_color_modes=[<ColorMode.ONOFF: 'onoff'>], color_mode=None, friendly_name=복도 조명, supported_features=0 @ 2025-08-06T13:16:32.678095+09:00>>
2025-08-06 13:16:32.778 DEBUG (MainThread) [homeassistant.core] Bus:Handling <Event call_service[L]: domain=light, service=turn_on, service_data=entity_id=light.bogdo_jomyeong>
2025-08-06 13:16:32.778 DEBUG (MainThread) [custom_components.commax.light] Attempting to turn ON light: 복도 조명
2025-08-06 13:16:32.778 DEBUG (MainThread) [custom_components.commax.light] Sending command: path=/lights/5/set, value=ON
2025-08-06 13:16:32.778 DEBUG (MainThread) [custom_components.commax.rs485_client] Sending command: {"type": "SET", "path": "/lights/5/set", "value": "ON", "id": "commax_18646701", "timeout": 5}
2025-08-06 13:16:32.779 DEBUG (MainThread) [custom_components.commax.rs485_client] Received response: {'id': 'commax_18646701', 'success': True, 'data': 'LIGHT_COMMAND_SENT'}
2025-08-06 13:16:32.779 DEBUG (MainThread) [custom_components.commax.light] Received successful response: {'id': 'commax_18646701', 'success': True, 'data': 'LIGHT_COMMAND_SENT'}
2025-08-06 13:16:32.780 DEBUG (MainThread) [homeassistant.core] Bus:Handling <Event state_changed[L]: entity_id=light.bogdo_jomyeong, old_state=<state light.bogdo_jomyeong=off; supported_color_modes=[<ColorMode.ONOFF: 'onoff'>], color_mode=None, friendly_name=복도 조명, supported_features=0 @ 2025-08-06T13:16:32.678095+09:00>, new_state=<state light.bogdo_jomyeong=on; supported_color_modes=[<ColorMode.ONOFF: 'onoff'>], color_mode=onoff, friendly_name=복도 조명, supported_features=0 @ 2025-08-06T13:16:32.780101+09:00>>
2025-08-06 13:16:32.780 INFO (MainThread) [custom_components.commax.light] Light 복도 조명 turned ON
2025-08-06 13:16:32.780 DEBUG (MainThread) [custom_components.commax.light] Updating state for light: 복도 조명
2025-08-06 13:16:32.780 DEBUG (MainThread) [custom_components.commax.light] Getting state: path=/lights/5/state
2025-08-06 13:16:32.780 DEBUG (MainThread) [custom_components.commax.rs485_client] Sending command: {"type": "GET", "path": "/lights/5/state", "value": null, "id": "commax_18646703", "timeout": 5}
2025-08-06 13:16:32.782 DEBUG (MainThread) [custom_components.commax.rs485_client] Received response: {'id': 'commax_18646703', 'success': True, 'data': 'OFF'}
2025-08-06 13:16:32.782 DEBUG (MainThread) [custom_components.commax.light] Received state response: {'id': 'commax_18646703', 'success': True, 'data': 'OFF'}
2025-08-06 13:16:32.783 INFO (MainThread) [custom_components.commax.light] Light 복도 조명 state updated: is_on=False, available=True
2025-08-06 13:16:32.783 DEBUG (MainThread) [homeassistant.core] Bus:Handling <Event state_changed[L]: entity_id=light.bogdo_jomyeong, old_state=<state light.bogdo_jomyeong=on; supported_color_modes=[<ColorMode.ONOFF: 'onoff'>], color_mode=onoff, friendly_name=복도 조명, supported_features=0 @ 2025-08-06T13:16:32.780101+09:00>, new_state=<state light.bogdo_jomyeong=off; supported_color_modes=[<ColorMode.ONOFF: 'onoff'>], color_mode=None, friendly_name=복도 조명, supported_features=0 @ 2025-08-06T13:16:32.783179+09:00>>
2025-08-06 13:16:32.783 DEBUG (MainThread) [custom_components.commax.light] State written to Home Assistant for light 복도 조명
2025-08-06 13:16:32.783 DEBUG (MainThread) [homeassistant.core] Bus:Handling <Event state_reported[L]: entity_id=light.bogdo_jomyeong, old_last_reported=2025-08-06T13:16:32.783179+09:00, new_state=<state light.bogdo_jomyeong=off; supported_color_modes=[<ColorMode.ONOFF: 'onoff'>], color_mode=None, friendly_name=복도 조명, supported_features=0 @ 2025-08-06T13:16:32.783179+09:00>>
2025-08-06 13:16:32.830 DEBUG (MainThread) [homeassistant.core] Bus:Handling <Event call_service[L]: domain=light, service=turn_on, service_data=entity_id=light.bogdo_jomyeong>
2025-08-06 13:16:32.830 DEBUG (MainThread) [custom_components.commax.light] Attempting to turn ON light: 복도 조명
2025-08-06 13:16:32.830 DEBUG (MainThread) [custom_components.commax.light] Sending command: path=/lights/5/set, value=ON
2025-08-06 13:16:32.830 DEBUG (MainThread) [custom_components.commax.rs485_client] Sending command: {"type": "SET", "path": "/lights/5/set", "value": "ON", "id": "commax_18646752", "timeout": 5}
2025-08-06 13:16:32.834 DEBUG (MainThread) [custom_components.commax.rs485_client] Received response: {'id': 'commax_18646752', 'success': True, 'data': 'LIGHT_COMMAND_SENT'}
2025-08-06 13:16:32.834 DEBUG (MainThread) [custom_components.commax.light] Received successful response: {'id': 'commax_18646752', 'success': True, 'data': 'LIGHT_COMMAND_SENT'}
2025-08-06 13:16:32.834 DEBUG (MainThread) [homeassistant.core] Bus:Handling <Event state_changed[L]: entity_id=light.bogdo_jomyeong, old_state=<state light.bogdo_jomyeong=off; supported_color_modes=[<ColorMode.ONOFF: 'onoff'>], color_mode=None, friendly_name=복도 조명, supported_features=0 @ 2025-08-06T13:16:32.783179+09:00>, new_state=<state light.bogdo_jomyeong=on; supported_color_modes=[<ColorMode.ONOFF: 'onoff'>], color_mode=onoff, friendly_name=복도 조명, supported_features=0 @ 2025-08-06T13:16:32.834441+09:00>>
2025-08-06 13:16:32.836 INFO (MainThread) [custom_components.commax.light] Light 복도 조명 turned ON
2025-08-06 13:16:32.839 DEBUG (MainThread) [custom_components.commax.light] Updating state for light: 복도 조명
2025-08-06 13:16:32.839 DEBUG (MainThread) [custom_components.commax.light] Getting state: path=/lights/5/state
2025-08-06 13:16:32.839 DEBUG (MainThread) [custom_components.commax.rs485_client] Sending command: {"type": "GET", "path": "/lights/5/state", "value": null, "id": "commax_18646762", "timeout": 5}
2025-08-06 13:16:32.844 DEBUG (MainThread) [custom_components.commax.rs485_client] Received response: {'id': 'commax_18646762', 'success': True, 'data': 'OFF'}
2025-08-06 13:16:32.845 DEBUG (MainThread) [custom_components.commax.light] Received state response: {'id': 'commax_18646762', 'success': True, 'data': 'OFF'}
2025-08-06 13:16:32.845 INFO (MainThread) [custom_components.commax.light] Light 복도 조명 state updated: is_on=False, available=True
2025-08-06 13:16:32.845 DEBUG (MainThread) [homeassistant.core] Bus:Handling <Event state_changed[L]: entity_id=light.bogdo_jomyeong, old_state=<state light.bogdo_jomyeong=on; supported_color_modes=[<ColorMode.ONOFF: 'onoff'>], color_mode=onoff, friendly_name=복도 조명, supported_features=0 @ 2025-08-06T13:16:32.834441+09:00>, new_state=<state light.bogdo_jomyeong=off; supported_color_modes=[<ColorMode.ONOFF: 'onoff'>], color_mode=None, friendly_name=복도 조명, supported_features=0 @ 2025-08-06T13:16:32.845376+09:00>>
2025-08-06 13:16:32.845 DEBUG (MainThread) [custom_components.commax.light] State written to Home Assistant for light 복도 조명
2025-08-06 13:16:32.846 DEBUG (MainThread) [homeassistant.core] Bus:Handling <Event state_reported[L]: entity_id=light.bogdo_jomyeong, old_last_reported=2025-08-06T13:16:32.845376+09:00, new_state=<state light.bogdo_jomyeong=off; supported_color_modes=[<ColorMode.ONOFF: 'onoff'>], color_mode=None, friendly_name=복도 조명, supported_features=0 @ 2025-08-06T13:16:32.845376+09:00>>
2025-08-06 13:16:32.926 DEBUG (MainThread) [homeassistant.core] Bus:Handling <Event call_service[L]: domain=light, service=turn_on, service_data=entity_id=light.bogdo_jomyeong>
2025-08-06 13:16:32.926 DEBUG (MainThread) [custom_components.commax.light] Attempting to turn ON light: 복도 조명
2025-08-06 13:16:32.928 DEBUG (MainThread) [custom_components.commax.light] Sending command: path=/lights/5/set, value=ON
2025-08-06 13:16:32.928 DEBUG (MainThread) [custom_components.commax.rs485_client] Sending command: {"type": "SET", "path": "/lights/5/set", "value": "ON", "id": "commax_18646850", "timeout": 5}
2025-08-06 13:16:32.933 DEBUG (MainThread) [custom_components.commax.rs485_client] Received response: {'id': 'commax_18646850', 'success': True, 'data': 'LIGHT_COMMAND_SENT'}
2025-08-06 13:16:32.933 DEBUG (MainThread) [custom_components.commax.light] Received successful response: {'id': 'commax_18646850', 'success': True, 'data': 'LIGHT_COMMAND_SENT'}
2025-08-06 13:16:32.934 DEBUG (MainThread) [homeassistant.core] Bus:Handling <Event state_changed[L]: entity_id=light.bogdo_jomyeong, old_state=<state light.bogdo_jomyeong=off; supported_color_modes=[<ColorMode.ONOFF: 'onoff'>], color_mode=None, friendly_name=복도 조명, supported_features=0 @ 2025-08-06T13:16:32.845376+09:00>, new_state=<state light.bogdo_jomyeong=on; supported_color_modes=[<ColorMode.ONOFF: 'onoff'>], color_mode=onoff, friendly_name=복도 조명, supported_features=0 @ 2025-08-06T13:16:32.933909+09:00>>
2025-08-06 13:16:32.934 INFO (MainThread) [custom_components.commax.light] Light 복도 조명 turned ON
2025-08-06 13:16:32.936 DEBUG (MainThread) [custom_components.commax.light] Updating state for light: 복도 조명
2025-08-06 13:16:32.936 DEBUG (MainThread) [custom_components.commax.light] Getting state: path=/lights/5/state
2025-08-06 13:16:32.936 DEBUG (MainThread) [custom_components.commax.rs485_client] Sending command: {"type": "GET", "path": "/lights/5/state", "value": null, "id": "commax_18646858", "timeout": 5}
2025-08-06 13:16:32.941 DEBUG (MainThread) [custom_components.commax.rs485_client] Received response: {'id': 'commax_18646858', 'success': True, 'data': 'OFF'}
2025-08-06 13:16:32.941 DEBUG (MainThread) [custom_components.commax.light] Received state response: {'id': 'commax_18646858', 'success': True, 'data': 'OFF'}
2025-08-06 13:16:32.941 INFO (MainThread) [custom_components.commax.light] Light 복도 조명 state updated: is_on=False, available=True
2025-08-06 13:16:32.942 DEBUG (MainThread) [homeassistant.core] Bus:Handling <Event state_changed[L]: entity_id=light.bogdo_jomyeong, old_state=<state light.bogdo_jomyeong=on; supported_color_modes=[<ColorMode.ONOFF: 'onoff'>], color_mode=onoff, friendly_name=복도 조명, supported_features=0 @ 2025-08-06T13:16:32.933909+09:00>, new_state=<state light.bogdo_jomyeong=off; supported_color_modes=[<ColorMode.ONOFF: 'onoff'>], color_mode=None, friendly_name=복도 조명, supported_features=0 @ 2025-08-06T13:16:32.941788+09:00>>
2025-08-06 13:16:32.942 DEBUG (MainThread) [custom_components.commax.light] State written to Home Assistant for light 복도 조명
2025-08-06 13:16:32.942 DEBUG (MainThread) [homeassistant.core] Bus:Handling <Event state_reported[L]: entity_id=light.bogdo_jomyeong, old_last_reported=2025-08-06T13:16:32.941788+09:00, new_state=<state light.bogdo_jomyeong=off; supported_color_modes=[<ColorMode.ONOFF: 'onoff'>], color_mode=None, friendly_name=복도 조명, supported_features=0 @ 2025-08-06T13:16:32.941788+09:00>>
2025-08-06 13:16:32.966 DEBUG (MainThread) [homeassistant.core] Bus:Handling <Event call_service[L]: domain=light, service=turn_on, service_data=entity_id=light.bogdo_jomyeong>
2025-08-06 13:16:32.966 DEBUG (MainThread) [custom_components.commax.light] Attempting to turn ON light: 복도 조명
2025-08-06 13:16:32.966 DEBUG (MainThread) [custom_components.commax.light] Sending command: path=/lights/5/set, value=ON
2025-08-06 13:16:32.967 DEBUG (MainThread) [custom_components.commax.rs485_client] Sending command: {"type": "SET", "path": "/lights/5/set", "value": "ON", "id": "commax_18646889", "timeout": 5}
2025-08-06 13:16:32.972 DEBUG (MainThread) [custom_components.commax.rs485_client] Received response: {'id': 'commax_18646889', 'success': True, 'data': 'LIGHT_COMMAND_SENT'}
2025-08-06 13:16:32.972 DEBUG (MainThread) [custom_components.commax.light] Received successful response: {'id': 'commax_18646889', 'success': True, 'data': 'LIGHT_COMMAND_SENT'}
2025-08-06 13:16:32.973 DEBUG (MainThread) [homeassistant.core] Bus:Handling <Event state_changed[L]: entity_id=light.bogdo_jomyeong, old_state=<state light.bogdo_jomyeong=off; supported_color_modes=[<ColorMode.ONOFF: 'onoff'>], color_mode=None, friendly_name=복도 조명, supported_features=0 @ 2025-08-06T13:16:32.941788+09:00>, new_state=<state light.bogdo_jomyeong=on; supported_color_modes=[<ColorMode.ONOFF: 'onoff'>], color_mode=onoff, friendly_name=복도 조명, supported_features=0 @ 2025-08-06T13:16:32.973148+09:00>>
2025-08-06 13:16:32.974 INFO (MainThread) [custom_components.commax.light] Light 복도 조명 turned ON
2025-08-06 13:16:32.975 DEBUG (MainThread) [homeassistant.core] Bus:Handling <Event call_service[L]: domain=light, service=turn_off, service_data=entity_id=light.bogdo_jomyeong>
2025-08-06 13:16:32.975 DEBUG (MainThread) [custom_components.commax.light] Attempting to turn OFF light: 복도 조명
2025-08-06 13:16:32.975 DEBUG (MainThread) [custom_components.commax.light] Sending command: path=/lights/5/set, value=OFF
2025-08-06 13:16:32.975 DEBUG (MainThread) [custom_components.commax.rs485_client] Sending command: {"type": "SET", "path": "/lights/5/set", "value": "OFF", "id": "commax_18646897", "timeout": 5}
2025-08-06 13:16:32.980 DEBUG (MainThread) [homeassistant.core] Bus:Handling <Event call_service[L]: domain=light, service=turn_on, service_data=entity_id=light.bogdo_jomyeong>
2025-08-06 13:16:32.981 DEBUG (MainThread) [custom_components.commax.light] Attempting to turn ON light: 복도 조명
2025-08-06 13:16:32.981 DEBUG (MainThread) [custom_components.commax.light] Sending command: path=/lights/5/set, value=ON
2025-08-06 13:16:32.981 DEBUG (MainThread) [custom_components.commax.rs485_client] Sending command: {"type": "SET", "path": "/lights/5/set", "value": "ON", "id": "commax_18646904", "timeout": 5}
2025-08-06 13:16:32.984 ERROR (MainThread) [custom_components.commax.rs485_client] Failed to send command: read() called while another coroutine is already waiting for incoming data
2025-08-06 13:16:32.987 ERROR (MainThread) [custom_components.commax.light] Failed to turn ON light 복도 조명 - no response received
2025-08-06 13:16:32.988 DEBUG (MainThread) [homeassistant.core] Bus:Handling <Event state_changed[L]: entity_id=light.bogdo_jomyeong, old_state=<state light.bogdo_jomyeong=on; supported_color_modes=[<ColorMode.ONOFF: 'onoff'>], color_mode=onoff, friendly_name=복도 조명, supported_features=0 @ 2025-08-06T13:16:32.973148+09:00>, new_state=<state light.bogdo_jomyeong=unavailable; supported_color_modes=[<ColorMode.ONOFF: 'onoff'>], friendly_name=복도 조명, supported_features=0 @ 2025-08-06T13:16:32.987495+09:00>>
2025-08-06 13:16:32.988 DEBUG (MainThread) [custom_components.commax.light] Updating state for light: 복도 조명
2025-08-06 13:16:32.988 DEBUG (MainThread) [custom_components.commax.light] Getting state: path=/lights/5/state
2025-08-06 13:16:32.988 DEBUG (MainThread) [custom_components.commax.rs485_client] Sending command: {"type": "GET", "path": "/lights/5/state", "value": null, "id": "commax_18646911", "timeout": 5}
2025-08-06 13:16:32.992 ERROR (MainThread) [custom_components.commax.rs485_client] Failed to send command: read() called while another coroutine is already waiting for incoming data
2025-08-06 13:16:32.992 DEBUG (MainThread) [custom_components.commax.light] No valid response received for light 복도 조명
2025-08-06 13:16:32.993 DEBUG (MainThread) [homeassistant.core] Bus:Handling <Event state_reported[L]: entity_id=light.bogdo_jomyeong, old_last_reported=2025-08-06T13:16:32.987495+09:00, new_state=<state light.bogdo_jomyeong=unavailable; supported_color_modes=[<ColorMode.ONOFF: 'onoff'>], friendly_name=복도 조명, supported_features=0 @ 2025-08-06T13:16:32.987495+09:00>>
2025-08-06 13:16:32.993 DEBUG (MainThread) [custom_components.commax.light] State written to Home Assistant for light 복도 조명
2025-08-06 13:16:32.993 DEBUG (MainThread) [homeassistant.core] Bus:Handling <Event state_reported[L]: entity_id=light.bogdo_jomyeong, old_last_reported=2025-08-06T13:16:32.992547+09:00, new_state=<state light.bogdo_jomyeong=unavailable; supported_color_modes=[<ColorMode.ONOFF: 'onoff'>], friendly_name=복도 조명, supported_features=0 @ 2025-08-06T13:16:32.987495+09:00>>
2025-08-06 13:16:32.994 DEBUG (MainThread) [homeassistant.core] Bus:Handling <Event call_service[L]: domain=light, service=turn_off, service_data=entity_id=light.bogdo_jomyeong>
2025-08-06 13:16:32.997 DEBUG (MainThread) [custom_components.commax.light] Updating state for light: 복도 조명
2025-08-06 13:16:32.998 DEBUG (MainThread) [custom_components.commax.light] Getting state: path=/lights/5/state
2025-08-06 13:16:32.998 DEBUG (MainThread) [custom_components.commax.rs485_client] Sending command: {"type": "GET", "path": "/lights/5/state", "value": null, "id": "commax_18646920", "timeout": 5}
2025-08-06 13:16:33.000 ERROR (MainThread) [custom_components.commax.rs485_client] Failed to send command: read() called while another coroutine is already waiting for incoming data
2025-08-06 13:16:33.000 DEBUG (MainThread) [custom_components.commax.light] No valid response received for light 복도 조명
2025-08-06 13:16:33.000 DEBUG (MainThread) [homeassistant.core] Bus:Handling <Event state_reported[L]: entity_id=light.bogdo_jomyeong, old_last_reported=2025-08-06T13:16:32.993554+09:00, new_state=<state light.bogdo_jomyeong=unavailable; supported_color_modes=[<ColorMode.ONOFF: 'onoff'>], friendly_name=복도 조명, supported_features=0 @ 2025-08-06T13:16:32.987495+09:00>>
2025-08-06 13:16:33.000 DEBUG (MainThread) [custom_components.commax.light] State written to Home Assistant for light 복도 조명
2025-08-06 13:16:33.001 DEBUG (MainThread) [homeassistant.core] Bus:Handling <Event state_reported[L]: entity_id=light.bogdo_jomyeong, old_last_reported=2025-08-06T13:16:33.000343+09:00, new_state=<state light.bogdo_jomyeong=unavailable; supported_color_modes=[<ColorMode.ONOFF: 'onoff'>], friendly_name=복도 조명, supported_features=0 @ 2025-08-06T13:16:32.987495+09:00>>
2025-08-06 13:16:33.009 DEBUG (MainThread) [homeassistant.core] Bus:Handling <Event call_service[L]: domain=light, service=turn_on, service_data=entity_id=light.bogdo_jomyeong>
2025-08-06 13:16:33.010 DEBUG (MainThread) [homeassistant.core] Bus:Handling <Event call_service[L]: domain=light, service=turn_off, service_data=entity_id=light.bogdo_jomyeong>
2025-08-06 13:16:33.010 DEBUG (MainThread) [homeassistant.core] Bus:Handling <Event call_service[L]: domain=light, service=turn_on, service_data=entity_id=light.bogdo_jomyeong>
2025-08-06 13:16:33.010 DEBUG (MainThread) [homeassistant.core] Bus:Handling <Event call_service[L]: domain=light, service=turn_off, service_data=entity_id=light.bogdo_jomyeong>
2025-08-06 13:16:33.013 DEBUG (MainThread) [homeassistant.core] Bus:Handling <Event call_service[L]: domain=light, service=turn_on, service_data=entity_id=light.bogdo_jomyeong>
2025-08-06 13:16:33.013 DEBUG (MainThread) [homeassistant.core] Bus:Handling <Event call_service[L]: domain=light, service=turn_off, service_data=entity_id=light.bogdo_jomyeong>
2025-08-06 13:16:33.022 ERROR (MainThread) [custom_components.commax.rs485_client] Failed to parse JSON response: Extra data: line 1 column 68 (char 67)
2025-08-06 13:16:33.024 ERROR (MainThread) [custom_components.commax.rs485_client] Raw response: b'{"id":"commax_18646897","success":true,"data":"LIGHT_COMMAND_SENT"}{"id":"commax_18646904","success":true,"data":"LIGHT_COMMAND_SENT"}{"id":"commax_18646911","success":true,"data":"OFF"}{"id":"commax_18646920","success":true,"data":"OFF"}'
2025-08-06 13:16:33.026 ERROR (MainThread) [custom_components.commax.light] Failed to turn OFF light 복도 조명 - no response received
2025-08-06 13:16:33.026 DEBUG (MainThread) [homeassistant.core] Bus:Handling <Event state_reported[L]: entity_id=light.bogdo_jomyeong, old_last_reported=2025-08-06T13:16:33.000737+09:00, new_state=<state light.bogdo_jomyeong=unavailable; supported_color_modes=[<ColorMode.ONOFF: 'onoff'>], friendly_name=복도 조명, supported_features=0 @ 2025-08-06T13:16:32.987495+09:00>>
2025-08-06 13:16:33.032 DEBUG (MainThread) [custom_components.commax.light] Updating state for light: 복도 조명
2025-08-06 13:16:33.032 DEBUG (MainThread) [custom_components.commax.light] Getting state: path=/lights/5/state
2025-08-06 13:16:33.032 DEBUG (MainThread) [custom_components.commax.rs485_client] Sending command: {"type": "GET", "path": "/lights/5/state", "value": null, "id": "commax_18646954", "timeout": 5}
2025-08-06 13:16:33.036 DEBUG (MainThread) [custom_components.commax.rs485_client] Received response: {'id': 'commax_18646954', 'success': True, 'data': 'OFF'}
2025-08-06 13:16:33.036 DEBUG (MainThread) [custom_components.commax.light] Received state response: {'id': 'commax_18646954', 'success': True, 'data': 'OFF'}
2025-08-06 13:16:33.036 INFO (MainThread) [custom_components.commax.light] Light 복도 조명 state updated: is_on=False, available=True
2025-08-06 13:16:33.037 DEBUG (MainThread) [homeassistant.core] Bus:Handling <Event state_changed[L]: entity_id=light.bogdo_jomyeong, old_state=<state light.bogdo_jomyeong=unavailable; supported_color_modes=[<ColorMode.ONOFF: 'onoff'>], friendly_name=복도 조명, supported_features=0 @ 2025-08-06T13:16:32.987495+09:00>, new_state=<state light.bogdo_jomyeong=off; supported_color_modes=[<ColorMode.ONOFF: 'onoff'>], color_mode=None, friendly_name=복도 조명, supported_features=0 @ 2025-08-06T13:16:33.036765+09:00>>
2025-08-06 13:16:33.037 DEBUG (MainThread) [custom_components.commax.light] State written to Home Assistant for light 복도 조명
2025-08-06 13:16:33.037 DEBUG (MainThread) [homeassistant.core] Bus:Handling <Event state_reported[L]: entity_id=light.bogdo_jomyeong, old_last_reported=2025-08-06T13:16:33.036765+09:00, new_state=<state light.bogdo_jomyeong=off; supported_color_modes=[<ColorMode.ONOFF: 'onoff'>], color_mode=None, friendly_name=복도 조명, supported_features=0 @ 2025-08-06T13:16:33.036765+09:00>>
2025-08-06 13:16:33.525 DEBUG (MainThread) [homeassistant.core] Bus:Handling <Event call_service[L]: domain=light, service=turn_on, service_data=entity_id=light.bogdo_jomyeong>
2025-08-06 13:16:33.526 DEBUG (MainThread) [custom_components.commax.light] Attempting to turn ON light: 복도 조명
2025-08-06 13:16:33.526 DEBUG (MainThread) [custom_components.commax.light] Sending command: path=/lights/5/set, value=ON
2025-08-06 13:16:33.526 DEBUG (MainThread) [custom_components.commax.rs485_client] Sending command: {"type": "SET", "path": "/lights/5/set", "value": "ON", "id": "commax_18647448", "timeout": 5}
2025-08-06 13:16:33.529 DEBUG (MainThread) [custom_components.commax.rs485_client] Received response: {'id': 'commax_18647448', 'success': True, 'data': 'LIGHT_COMMAND_SENT'}
2025-08-06 13:16:33.529 DEBUG (MainThread) [custom_components.commax.light] Received successful response: {'id': 'commax_18647448', 'success': True, 'data': 'LIGHT_COMMAND_SENT'}
2025-08-06 13:16:33.529 DEBUG (MainThread) [homeassistant.core] Bus:Handling <Event state_changed[L]: entity_id=light.bogdo_jomyeong, old_state=<state light.bogdo_jomyeong=off; supported_color_modes=[<ColorMode.ONOFF: 'onoff'>], color_mode=None, friendly_name=복도 조명, supported_features=0 @ 2025-08-06T13:16:33.036765+09:00>, new_state=<state light.bogdo_jomyeong=on; supported_color_modes=[<ColorMode.ONOFF: 'onoff'>], color_mode=onoff, friendly_name=복도 조명, supported_features=0 @ 2025-08-06T13:16:33.529499+09:00>>
2025-08-06 13:16:33.529 INFO (MainThread) [custom_components.commax.light] Light 복도 조명 turned ON
2025-08-06 13:16:33.530 DEBUG (MainThread) [custom_components.commax.light] Updating state for light: 복도 조명
2025-08-06 13:16:33.530 DEBUG (MainThread) [custom_components.commax.light] Getting state: path=/lights/5/state
2025-08-06 13:16:33.530 DEBUG (MainThread) [custom_components.commax.rs485_client] Sending command: {"type": "GET", "path": "/lights/5/state", "value": null, "id": "commax_18647452", "timeout": 5}
2025-08-06 13:16:33.533 DEBUG (MainThread) [custom_components.commax.rs485_client] Received response: {'id': 'commax_18647452', 'success': True, 'data': 'OFF'}
2025-08-06 13:16:33.533 DEBUG (MainThread) [custom_components.commax.light] Received state response: {'id': 'commax_18647452', 'success': True, 'data': 'OFF'}
2025-08-06 13:16:33.533 INFO (MainThread) [custom_components.commax.light] Light 복도 조명 state updated: is_on=False, available=True
2025-08-06 13:16:33.534 DEBUG (MainThread) [homeassistant.core] Bus:Handling <Event state_changed[L]: entity_id=light.bogdo_jomyeong, old_state=<state light.bogdo_jomyeong=on; supported_color_modes=[<ColorMode.ONOFF: 'onoff'>], color_mode=onoff, friendly_name=복도 조명, supported_features=0 @ 2025-08-06T13:16:33.529499+09:00>, new_state=<state light.bogdo_jomyeong=off; supported_color_modes=[<ColorMode.ONOFF: 'onoff'>], color_mode=None, friendly_name=복도 조명, supported_features=0 @ 2025-08-06T13:16:33.534083+09:00>>
2025-08-06 13:16:33.534 DEBUG (MainThread) [custom_components.commax.light] State written to Home Assistant for light 복도 조명
2025-08-06 13:16:33.534 DEBUG (MainThread) [homeassistant.core] Bus:Handling <Event state_reported[L]: entity_id=light.bogdo_jomyeong, old_last_reported=2025-08-06T13:16:33.534083+09:00, new_state=<state light.bogdo_jomyeong=off; supported_color_modes=[<ColorMode.ONOFF: 'onoff'>], color_mode=None, friendly_name=복도 조명, supported_features=0 @ 2025-08-06T13:16:33.534083+09:00>>
2025-08-06 13:16:33.953 DEBUG (MainThread) [homeassistant.core] Bus:Handling <Event call_service[L]: domain=light, service=turn_on, service_data=entity_id=light.bogdo_jomyeong>
2025-08-06 13:16:33.954 DEBUG (MainThread) [custom_components.commax.light] Attempting to turn ON light: 복도 조명
2025-08-06 13:16:33.954 DEBUG (MainThread) [custom_components.commax.light] Sending command: path=/lights/5/set, value=ON
2025-08-06 13:16:33.954 DEBUG (MainThread) [custom_components.commax.rs485_client] Sending command: {"type": "SET", "path": "/lights/5/set", "value": "ON", "id": "commax_18647876", "timeout": 5}
2025-08-06 13:16:33.956 DEBUG (MainThread) [custom_components.commax.rs485_client] Received response: {'id': 'commax_18647876', 'success': True, 'data': 'LIGHT_COMMAND_SENT'}
2025-08-06 13:16:33.956 DEBUG (MainThread) [custom_components.commax.light] Received successful response: {'id': 'commax_18647876', 'success': True, 'data': 'LIGHT_COMMAND_SENT'}
2025-08-06 13:16:33.957 DEBUG (MainThread) [homeassistant.core] Bus:Handling <Event state_changed[L]: entity_id=light.bogdo_jomyeong, old_state=<state light.bogdo_jomyeong=off; supported_color_modes=[<ColorMode.ONOFF: 'onoff'>], color_mode=None, friendly_name=복도 조명, supported_features=0 @ 2025-08-06T13:16:33.534083+09:00>, new_state=<state light.bogdo_jomyeong=on; supported_color_modes=[<ColorMode.ONOFF: 'onoff'>], color_mode=onoff, friendly_name=복도 조명, supported_features=0 @ 2025-08-06T13:16:33.956851+09:00>>
2025-08-06 13:16:33.957 INFO (MainThread) [custom_components.commax.light] Light 복도 조명 turned ON
2025-08-06 13:16:33.957 DEBUG (MainThread) [custom_components.commax.light] Updating state for light: 복도 조명
2025-08-06 13:16:33.957 DEBUG (MainThread) [custom_components.commax.light] Getting state: path=/lights/5/state
2025-08-06 13:16:33.957 DEBUG (MainThread) [custom_components.commax.rs485_client] Sending command: {"type": "GET", "path": "/lights/5/state", "value": null, "id": "commax_18647879", "timeout": 5}
2025-08-06 13:16:33.960 DEBUG (MainThread) [custom_components.commax.rs485_client] Received response: {'id': 'commax_18647879', 'success': True, 'data': 'OFF'}
2025-08-06 13:16:33.960 DEBUG (MainThread) [custom_components.commax.light] Received state response: {'id': 'commax_18647879', 'success': True, 'data': 'OFF'}
2025-08-06 13:16:33.961 INFO (MainThread) [custom_components.commax.light] Light 복도 조명 state updated: is_on=False, available=True
2025-08-06 13:16:33.961 DEBUG (MainThread) [homeassistant.core] Bus:Handling <Event state_changed[L]: entity_id=light.bogdo_jomyeong, old_state=<state light.bogdo_jomyeong=on; supported_color_modes=[<ColorMode.ONOFF: 'onoff'>], color_mode=onoff, friendly_name=복도 조명, supported_features=0 @ 2025-08-06T13:16:33.956851+09:00>, new_state=<state light.bogdo_jomyeong=off; supported_color_modes=[<ColorMode.ONOFF: 'onoff'>], color_mode=None, friendly_name=복도 조명, supported_features=0 @ 2025-08-06T13:16:33.961155+09:00>>
2025-08-06 13:16:33.961 DEBUG (MainThread) [custom_components.commax.light] State written to Home Assistant for light 복도 조명
2025-08-06 13:16:33.961 DEBUG (MainThread) [homeassistant.core] Bus:Handling <Event state_reported[L]: entity_id=light.bogdo_jomyeong, old_last_reported=2025-08-06T13:16:33.961155+09:00, new_state=<state light.bogdo_jomyeong=off; supported_color_modes=[<ColorMode.ONOFF: 'onoff'>], color_mode=None, friendly_name=복도 조명, supported_features=0 @ 2025-08-06T13:16:33.961155+09:00>>
2025-08-06 13:16:34.005 DEBUG (MainThread) [homeassistant.core] Bus:Handling <Event state_changed[L]: entity_id=sensor.geosil_eeokeon_humidity, old_state=<state sensor.geosil_eeokeon_humidity=60; state_class=measurement, unit_of_measurement=%, device_class=humidity, friendly_name=거실 에어컨 습도 @ 2025-08-06T13:14:57.987318+09:00>, new_state=<state sensor.geosil_eeokeon_humidity=55; state_class=measurement, unit_of_measurement=%, device_class=humidity, friendly_name=거실 에어컨 습도 @ 2025-08-06T13:16:34.005605+09:00>>
2025-08-06 13:16:34.252 DEBUG (MainThread) [homeassistant.core] Bus:Handling <Event call_service[L]: domain=light, service=turn_on, service_data=entity_id=light.bogdo_jomyeong>
2025-08-06 13:16:34.252 DEBUG (MainThread) [custom_components.commax.light] Attempting to turn ON light: 복도 조명
2025-08-06 13:16:34.252 DEBUG (MainThread) [custom_components.commax.light] Sending command: path=/lights/5/set, value=ON
2025-08-06 13:16:34.252 DEBUG (MainThread) [custom_components.commax.rs485_client] Sending command: {"type": "SET", "path": "/lights/5/set", "value": "ON", "id": "commax_18648174", "timeout": 5}
2025-08-06 13:16:34.257 DEBUG (MainThread) [custom_components.commax.rs485_client] Received response: {'id': 'commax_18648174', 'success': True, 'data': 'LIGHT_COMMAND_SENT'}
2025-08-06 13:16:34.257 DEBUG (MainThread) [custom_components.commax.light] Received successful response: {'id': 'commax_18648174', 'success': True, 'data': 'LIGHT_COMMAND_SENT'}
2025-08-06 13:16:34.258 DEBUG (MainThread) [homeassistant.core] Bus:Handling <Event state_changed[L]: entity_id=light.bogdo_jomyeong, old_state=<state light.bogdo_jomyeong=off; supported_color_modes=[<ColorMode.ONOFF: 'onoff'>], color_mode=None, friendly_name=복도 조명, supported_features=0 @ 2025-08-06T13:16:33.961155+09:00>, new_state=<state light.bogdo_jomyeong=on; supported_color_modes=[<ColorMode.ONOFF: 'onoff'>], color_mode=onoff, friendly_name=복도 조명, supported_features=0 @ 2025-08-06T13:16:34.257916+09:00>>
2025-08-06 13:16:34.258 INFO (MainThread) [custom_components.commax.light] Light 복도 조명 turned ON
2025-08-06 13:16:34.258 DEBUG (MainThread) [custom_components.commax.light] Updating state for light: 복도 조명
2025-08-06 13:16:34.258 DEBUG (MainThread) [custom_components.commax.light] Getting state: path=/lights/5/state
2025-08-06 13:16:34.258 DEBUG (MainThread) [custom_components.commax.rs485_client] Sending command: {"type": "GET", "path": "/lights/5/state", "value": null, "id": "commax_18648180", "timeout": 5}
2025-08-06 13:16:34.264 DEBUG (MainThread) [custom_components.commax.rs485_client] Received response: {'id': 'commax_18648180', 'success': True, 'data': 'OFF'}
2025-08-06 13:16:34.264 DEBUG (MainThread) [custom_components.commax.light] Received state response: {'id': 'commax_18648180', 'success': True, 'data': 'OFF'}
2025-08-06 13:16:34.264 INFO (MainThread) [custom_components.commax.light] Light 복도 조명 state updated: is_on=False, available=True
2025-08-06 13:16:34.264 DEBUG (MainThread) [homeassistant.core] Bus:Handling <Event state_changed[L]: entity_id=light.bogdo_jomyeong, old_state=<state light.bogdo_jomyeong=on; supported_color_modes=[<ColorMode.ONOFF: 'onoff'>], color_mode=onoff, friendly_name=복도 조명, supported_features=0 @ 2025-08-06T13:16:34.257916+09:00>, new_state=<state light.bogdo_jomyeong=off; supported_color_modes=[<ColorMode.ONOFF: 'onoff'>], color_mode=None, friendly_name=복도 조명, supported_features=0 @ 2025-08-06T13:16:34.264623+09:00>>
2025-08-06 13:16:34.265 DEBUG (MainThread) [custom_components.commax.light] State written to Home Assistant for light 복도 조명
2025-08-06 13:16:34.265 DEBUG (MainThread) [homeassistant.core] Bus:Handling <Event state_reported[L]: entity_id=light.bogdo_jomyeong, old_last_reported=2025-08-06T13:16:34.264623+09:00, new_state=<state light.bogdo_jomyeong=off; supported_color_modes=[<ColorMode.ONOFF: 'onoff'>], color_mode=None, friendly_name=복도 조명, supported_features=0 @ 2025-08-06T13:16:34.264623+09:00>>
2025-08-06 13:16:34.664 DEBUG (MainThread) [homeassistant.core] Bus:Handling <Event call_service[L]: domain=light, service=turn_on, service_data=entity_id=light.bogdo_jomyeong>
2025-08-06 13:16:34.665 DEBUG (MainThread) [custom_components.commax.light] Attempting to turn ON light: 복도 조명
2025-08-06 13:16:34.665 DEBUG (MainThread) [custom_components.commax.light] Sending command: path=/lights/5/set, value=ON
2025-08-06 13:16:34.669 DEBUG (MainThread) [custom_components.commax.rs485_client] Sending command: {"type": "SET", "path": "/lights/5/set", "value": "ON", "id": "commax_18648591", "timeout": 5}
2025-08-06 13:16:34.691 DEBUG (MainThread) [custom_components.commax.rs485_client] Received response: {'id': 'commax_18648591', 'success': True, 'data': 'LIGHT_COMMAND_SENT'}
2025-08-06 13:16:34.691 DEBUG (MainThread) [custom_components.commax.light] Received successful response: {'id': 'commax_18648591', 'success': True, 'data': 'LIGHT_COMMAND_SENT'}
2025-08-06 13:16:34.707 DEBUG (MainThread) [homeassistant.core] Bus:Handling <Event state_changed[L]: entity_id=light.bogdo_jomyeong, old_state=<state light.bogdo_jomyeong=off; supported_color_modes=[<ColorMode.ONOFF: 'onoff'>], color_mode=None, friendly_name=복도 조명, supported_features=0 @ 2025-08-06T13:16:34.264623+09:00>, new_state=<state light.bogdo_jomyeong=on; supported_color_modes=[<ColorMode.ONOFF: 'onoff'>], color_mode=onoff, friendly_name=복도 조명, supported_features=0 @ 2025-08-06T13:16:34.691591+09:00>>
2025-08-06 13:16:34.707 INFO (MainThread) [custom_components.commax.light] Light 복도 조명 turned ON
2025-08-06 13:16:34.708 DEBUG (MainThread) [custom_components.commax.light] Updating state for light: 복도 조명
2025-08-06 13:16:34.708 DEBUG (MainThread) [custom_components.commax.light] Getting state: path=/lights/5/state
2025-08-06 13:16:34.708 DEBUG (MainThread) [custom_components.commax.rs485_client] Sending command: {"type": "GET", "path": "/lights/5/state", "value": null, "id": "commax_18648630", "timeout": 5}
2025-08-06 13:16:34.729 DEBUG (MainThread) [custom_components.commax.rs485_client] Received response: {'id': 'commax_18648630', 'success': True, 'data': 'OFF'}
2025-08-06 13:16:34.729 DEBUG (MainThread) [custom_components.commax.light] Received state response: {'id': 'commax_18648630', 'success': True, 'data': 'OFF'}
2025-08-06 13:16:34.729 INFO (MainThread) [custom_components.commax.light] Light 복도 조명 state updated: is_on=False, available=True
2025-08-06 13:16:34.729 DEBUG (MainThread) [homeassistant.core] Bus:Handling <Event state_changed[L]: entity_id=light.bogdo_jomyeong, old_state=<state light.bogdo_jomyeong=on; supported_color_modes=[<ColorMode.ONOFF: 'onoff'>], color_mode=onoff, friendly_name=복도 조명, supported_features=0 @ 2025-08-06T13:16:34.691591+09:00>, new_state=<state light.bogdo_jomyeong=off; supported_color_modes=[<ColorMode.ONOFF: 'onoff'>], color_mode=None, friendly_name=복도 조명, supported_features=0 @ 2025-08-06T13:16:34.729463+09:00>>
2025-08-06 13:16:34.729 DEBUG (MainThread) [custom_components.commax.light] State written to Home Assistant for light 복도 조명
2025-08-06 13:16:34.730 DEBUG (MainThread) [homeassistant.core] Bus:Handling <Event state_reported[L]: entity_id=light.bogdo_jomyeong, old_last_reported=2025-08-06T13:16:34.729463+09:00, new_state=<state light.bogdo_jomyeong=off; supported_color_modes=[<ColorMode.ONOFF: 'onoff'>], color_mode=None, friendly_name=복도 조명, supported_features=0 @ 2025-08-06T13:16:34.729463+09:00>>
2025-08-06 13:16:37.455 DEBUG (MainThread) [homeassistant.core] Bus:Handling <Event call_service[L]: domain=light, service=turn_on, service_data=entity_id=light.bogdo_jomyeong>
2025-08-06 13:16:37.456 DEBUG (MainThread) [custom_components.commax.light] Attempting to turn ON light: 복도 조명
2025-08-06 13:16:37.456 DEBUG (MainThread) [custom_components.commax.light] Sending command: path=/lights/5/set, value=ON
2025-08-06 13:16:37.456 DEBUG (MainThread) [custom_components.commax.rs485_client] Sending command: {"type": "SET", "path": "/lights/5/set", "value": "ON", "id": "commax_18651378", "timeout": 5}
2025-08-06 13:16:37.459 DEBUG (MainThread) [custom_components.commax.rs485_client] Received response: {'id': 'commax_18651378', 'success': True, 'data': 'LIGHT_COMMAND_SENT'}
2025-08-06 13:16:37.460 DEBUG (MainThread) [custom_components.commax.light] Received successful response: {'id': 'commax_18651378', 'success': True, 'data': 'LIGHT_COMMAND_SENT'}
2025-08-06 13:16:37.460 DEBUG (MainThread) [homeassistant.core] Bus:Handling <Event state_changed[L]: entity_id=light.bogdo_jomyeong, old_state=<state light.bogdo_jomyeong=off; supported_color_modes=[<ColorMode.ONOFF: 'onoff'>], color_mode=None, friendly_name=복도 조명, supported_features=0 @ 2025-08-06T13:16:34.729463+09:00>, new_state=<state light.bogdo_jomyeong=on; supported_color_modes=[<ColorMode.ONOFF: 'onoff'>], color_mode=onoff, friendly_name=복도 조명, supported_features=0 @ 2025-08-06T13:16:37.460149+09:00>>
2025-08-06 13:16:37.460 INFO (MainThread) [custom_components.commax.light] Light 복도 조명 turned ON
2025-08-06 13:16:37.460 DEBUG (MainThread) [custom_components.commax.light] Updating state for light: 복도 조명
2025-08-06 13:16:37.460 DEBUG (MainThread) [custom_components.commax.light] Getting state: path=/lights/5/state
2025-08-06 13:16:37.461 DEBUG (MainThread) [custom_components.commax.rs485_client] Sending command: {"type": "GET", "path": "/lights/5/state", "value": null, "id": "commax_18651383", "timeout": 5}
2025-08-06 13:16:37.475 DEBUG (MainThread) [custom_components.commax.rs485_client] Received response: {'id': 'commax_18651383', 'success': True, 'data': 'OFF'}
2025-08-06 13:16:37.475 DEBUG (MainThread) [custom_components.commax.light] Received state response: {'id': 'commax_18651383', 'success': True, 'data': 'OFF'}
2025-08-06 13:16:37.475 INFO (MainThread) [custom_components.commax.light] Light 복도 조명 state updated: is_on=False, available=True
2025-08-06 13:16:37.475 DEBUG (MainThread) [homeassistant.core] Bus:Handling <Event state_changed[L]: entity_id=light.bogdo_jomyeong, old_state=<state light.bogdo_jomyeong=on; supported_color_modes=[<ColorMode.ONOFF: 'onoff'>], color_mode=onoff, friendly_name=복도 조명, supported_features=0 @ 2025-08-06T13:16:37.460149+09:00>, new_state=<state light.bogdo_jomyeong=off; supported_color_modes=[<ColorMode.ONOFF: 'onoff'>], color_mode=None, friendly_name=복도 조명, supported_features=0 @ 2025-08-06T13:16:37.475410+09:00>>
2025-08-06 13:16:37.475 DEBUG (MainThread) [custom_components.commax.light] State written to Home Assistant for light 복도 조명
2025-08-06 13:16:37.476 DEBUG (MainThread) [homeassistant.core] Bus:Handling <Event state_reported[L]: entity_id=light.bogdo_jomyeong, old_last_reported=2025-08-06T13:16:37.475410+09:00, new_state=<state light.bogdo_jomyeong=off; supported_color_modes=[<ColorMode.ONOFF: 'onoff'>], color_mode=None, friendly_name=복도 조명, supported_features=0 @ 2025-08-06T13:16:37.475410+09:00>>
2025-08-06 13:16:38.448 DEBUG (MainThread) [homeassistant.core] Bus:Handling <Event call_service[L]: domain=light, service=turn_on, service_data=entity_id=light.bogdo_jomyeong>
2025-08-06 13:16:38.449 DEBUG (MainThread) [custom_components.commax.light] Attempting to turn ON light: 복도 조명
2025-08-06 13:16:38.449 DEBUG (MainThread) [custom_components.commax.light] Sending command: path=/lights/5/set, value=ON
2025-08-06 13:16:38.449 DEBUG (MainThread) [custom_components.commax.rs485_client] Sending command: {"type": "SET", "path": "/lights/5/set", "value": "ON", "id": "commax_18652371", "timeout": 5}
2025-08-06 13:16:38.452 DEBUG (MainThread) [custom_components.commax.rs485_client] Received response: {'id': 'commax_18652371', 'success': True, 'data': 'LIGHT_COMMAND_SENT'}
2025-08-06 13:16:38.452 DEBUG (MainThread) [custom_components.commax.light] Received successful response: {'id': 'commax_18652371', 'success': True, 'data': 'LIGHT_COMMAND_SENT'}
2025-08-06 13:16:38.453 DEBUG (MainThread) [homeassistant.core] Bus:Handling <Event state_changed[L]: entity_id=light.bogdo_jomyeong, old_state=<state light.bogdo_jomyeong=off; supported_color_modes=[<ColorMode.ONOFF: 'onoff'>], color_mode=None, friendly_name=복도 조명, supported_features=0 @ 2025-08-06T13:16:37.475410+09:00>, new_state=<state light.bogdo_jomyeong=on; supported_color_modes=[<ColorMode.ONOFF: 'onoff'>], color_mode=onoff, friendly_name=복도 조명, supported_features=0 @ 2025-08-06T13:16:38.452555+09:00>>
2025-08-06 13:16:38.453 INFO (MainThread) [custom_components.commax.light] Light 복도 조명 turned ON
2025-08-06 13:16:38.453 DEBUG (MainThread) [custom_components.commax.light] Updating state for light: 복도 조명
2025-08-06 13:16:38.453 DEBUG (MainThread) [custom_components.commax.light] Getting state: path=/lights/5/state
2025-08-06 13:16:38.453 DEBUG (MainThread) [custom_components.commax.rs485_client] Sending command: {"type": "GET", "path": "/lights/5/state", "value": null, "id": "commax_18652375", "timeout": 5}
2025-08-06 13:16:38.457 DEBUG (MainThread) [custom_components.commax.rs485_client] Received response: {'id': 'commax_18652375', 'success': True, 'data': 'OFF'}
2025-08-06 13:16:38.457 DEBUG (MainThread) [custom_components.commax.light] Received state response: {'id': 'commax_18652375', 'success': True, 'data': 'OFF'}
2025-08-06 13:16:38.457 INFO (MainThread) [custom_components.commax.light] Light 복도 조명 state updated: is_on=False, available=True
2025-08-06 13:16:38.458 DEBUG (MainThread) [homeassistant.core] Bus:Handling <Event state_changed[L]: entity_id=light.bogdo_jomyeong, old_state=<state light.bogdo_jomyeong=on; supported_color_modes=[<ColorMode.ONOFF: 'onoff'>], color_mode=onoff, friendly_name=복도 조명, supported_features=0 @ 2025-08-06T13:16:38.452555+09:00>, new_state=<state light.bogdo_jomyeong=off; supported_color_modes=[<ColorMode.ONOFF: 'onoff'>], color_mode=None, friendly_name=복도 조명, supported_features=0 @ 2025-08-06T13:16:38.458076+09:00>>
2025-08-06 13:16:38.458 DEBUG (MainThread) [custom_components.commax.light] State written to Home Assistant for light 복도 조명
2025-08-06 13:16:38.458 DEBUG (MainThread) [homeassistant.core] Bus:Handling <Event state_reported[L]: entity_id=light.bogdo_jomyeong, old_last_reported=2025-08-06T13:16:38.458076+09:00, new_state=<state light.bogdo_jomyeong=off; supported_color_modes=[<ColorMode.ONOFF: 'onoff'>], color_mode=None, friendly_name=복도 조명, supported_features=0 @ 2025-08-06T13:16:38.458076+09:00>>
2025-08-06 13:16:39.126 DEBUG (MainThread) [homeassistant.core] Bus:Handling <Event call_service[L]: domain=light, service=turn_on, service_data=entity_id=light.bogdo_jomyeong>
2025-08-06 13:16:39.126 DEBUG (MainThread) [custom_components.commax.light] Attempting to turn ON light: 복도 조명
2025-08-06 13:16:39.126 DEBUG (MainThread) [custom_components.commax.light] Sending command: path=/lights/5/set, value=ON
2025-08-06 13:16:39.126 DEBUG (MainThread) [custom_components.commax.rs485_client] Sending command: {"type": "SET", "path": "/lights/5/set", "value": "ON", "id": "commax_18653048", "timeout": 5}
2025-08-06 13:16:39.128 DEBUG (MainThread) [custom_components.commax.rs485_client] Received response: {'id': 'commax_18653048', 'success': True, 'data': 'LIGHT_COMMAND_SENT'}
2025-08-06 13:16:39.128 DEBUG (MainThread) [custom_components.commax.light] Received successful response: {'id': 'commax_18653048', 'success': True, 'data': 'LIGHT_COMMAND_SENT'}
2025-08-06 13:16:39.129 DEBUG (MainThread) [homeassistant.core] Bus:Handling <Event state_changed[L]: entity_id=light.bogdo_jomyeong, old_state=<state light.bogdo_jomyeong=off; supported_color_modes=[<ColorMode.ONOFF: 'onoff'>], color_mode=None, friendly_name=복도 조명, supported_features=0 @ 2025-08-06T13:16:38.458076+09:00>, new_state=<state light.bogdo_jomyeong=on; supported_color_modes=[<ColorMode.ONOFF: 'onoff'>], color_mode=onoff, friendly_name=복도 조명, supported_features=0 @ 2025-08-06T13:16:39.129071+09:00>>
2025-08-06 13:16:39.129 INFO (MainThread) [custom_components.commax.light] Light 복도 조명 turned ON
2025-08-06 13:16:39.129 DEBUG (MainThread) [custom_components.commax.light] Updating state for light: 복도 조명
2025-08-06 13:16:39.129 DEBUG (MainThread) [custom_components.commax.light] Getting state: path=/lights/5/state
2025-08-06 13:16:39.129 DEBUG (MainThread) [custom_components.commax.rs485_client] Sending command: {"type": "GET", "path": "/lights/5/state", "value": null, "id": "commax_18653052", "timeout": 5}
2025-08-06 13:16:39.141 DEBUG (MainThread) [custom_components.commax.rs485_client] Received response: {'id': 'commax_18653052', 'success': True, 'data': 'OFF'}
2025-08-06 13:16:39.141 DEBUG (MainThread) [custom_components.commax.light] Received state response: {'id': 'commax_18653052', 'success': True, 'data': 'OFF'}
2025-08-06 13:16:39.141 INFO (MainThread) [custom_components.commax.light] Light 복도 조명 state updated: is_on=False, available=True
2025-08-06 13:16:39.141 DEBUG (MainThread) [homeassistant.core] Bus:Handling <Event state_changed[L]: entity_id=light.bogdo_jomyeong, old_state=<state light.bogdo_jomyeong=on; supported_color_modes=[<ColorMode.ONOFF: 'onoff'>], color_mode=onoff, friendly_name=복도 조명, supported_features=0 @ 2025-08-06T13:16:39.129071+09:00>, new_state=<state light.bogdo_jomyeong=off; supported_color_modes=[<ColorMode.ONOFF: 'onoff'>], color_mode=None, friendly_name=복도 조명, supported_features=0 @ 2025-08-06T13:16:39.141736+09:00>>
2025-08-06 13:16:39.142 DEBUG (MainThread) [custom_components.commax.light] State written to Home Assistant for light 복도 조명
2025-08-06 13:16:39.142 DEBUG (MainThread) [homeassistant.core] Bus:Handling <Event state_reported[L]: entity_id=light.bogdo_jomyeong, old_last_reported=2025-08-06T13:16:39.141736+09:00, new_state=<state light.bogdo_jomyeong=off; supported_color_modes=[<ColorMode.ONOFF: 'onoff'>], color_mode=None, friendly_name=복도 조명, supported_features=0 @ 2025-08-06T13:16:39.141736+09:00>>
2025-08-06 13:16:39.817 DEBUG (MainThread) [homeassistant.core] Bus:Handling <Event call_service[L]: domain=light, service=turn_on, service_data=entity_id=light.bogdo_jomyeong>
2025-08-06 13:16:39.817 DEBUG (MainThread) [custom_components.commax.light] Attempting to turn ON light: 복도 조명
2025-08-06 13:16:39.817 DEBUG (MainThread) [custom_components.commax.light] Sending command: path=/lights/5/set, value=ON
2025-08-06 13:16:39.817 DEBUG (MainThread) [custom_components.commax.rs485_client] Sending command: {"type": "SET", "path": "/lights/5/set", "value": "ON", "id": "commax_18653739", "timeout": 5}
2025-08-06 13:16:39.822 DEBUG (MainThread) [custom_components.commax.rs485_client] Received response: {'id': 'commax_18653739', 'success': True, 'data': 'LIGHT_COMMAND_SENT'}
2025-08-06 13:16:39.823 DEBUG (MainThread) [custom_components.commax.light] Received successful response: {'id': 'commax_18653739', 'success': True, 'data': 'LIGHT_COMMAND_SENT'}
2025-08-06 13:16:39.824 DEBUG (MainThread) [homeassistant.core] Bus:Handling <Event state_changed[L]: entity_id=light.bogdo_jomyeong, old_state=<state light.bogdo_jomyeong=off; supported_color_modes=[<ColorMode.ONOFF: 'onoff'>], color_mode=None, friendly_name=복도 조명, supported_features=0 @ 2025-08-06T13:16:39.141736+09:00>, new_state=<state light.bogdo_jomyeong=on; supported_color_modes=[<ColorMode.ONOFF: 'onoff'>], color_mode=onoff, friendly_name=복도 조명, supported_features=0 @ 2025-08-06T13:16:39.823522+09:00>>
2025-08-06 13:16:39.824 INFO (MainThread) [custom_components.commax.light] Light 복도 조명 turned ON
2025-08-06 13:16:39.825 DEBUG (MainThread) [custom_components.commax.light] Updating state for light: 복도 조명
2025-08-06 13:16:39.825 DEBUG (MainThread) [custom_components.commax.light] Getting state: path=/lights/5/state
2025-08-06 13:16:39.825 DEBUG (MainThread) [custom_components.commax.rs485_client] Sending command: {"type": "GET", "path": "/lights/5/state", "value": null, "id": "commax_18653747", "timeout": 5}
2025-08-06 13:16:39.830 DEBUG (MainThread) [custom_components.commax.rs485_client] Received response: {'id': 'commax_18653747', 'success': True, 'data': 'OFF'}
2025-08-06 13:16:39.831 DEBUG (MainThread) [custom_components.commax.light] Received state response: {'id': 'commax_18653747', 'success': True, 'data': 'OFF'}
2025-08-06 13:16:39.831 INFO (MainThread) [custom_components.commax.light] Light 복도 조명 state updated: is_on=False, available=True
2025-08-06 13:16:39.831 DEBUG (MainThread) [homeassistant.core] Bus:Handling <Event state_changed[L]: entity_id=light.bogdo_jomyeong, old_state=<state light.bogdo_jomyeong=on; supported_color_modes=[<ColorMode.ONOFF: 'onoff'>], color_mode=onoff, friendly_name=복도 조명, supported_features=0 @ 2025-08-06T13:16:39.823522+09:00>, new_state=<state light.bogdo_jomyeong=off; supported_color_modes=[<ColorMode.ONOFF: 'onoff'>], color_mode=None, friendly_name=복도 조명, supported_features=0 @ 2025-08-06T13:16:39.831584+09:00>>
2025-08-06 13:16:39.832 DEBUG (MainThread) [custom_components.commax.light] State written to Home Assistant for light 복도 조명
2025-08-06 13:16:39.832 DEBUG (MainThread) [homeassistant.core] Bus:Handling <Event state_reported[L]: entity_id=light.bogdo_jomyeong, old_last_reported=2025-08-06T13:16:39.831584+09:00, new_state=<state light.bogdo_jomyeong=off; supported_color_modes=[<ColorMode.ONOFF: 'onoff'>], color_mode=None, friendly_name=복도 조명, supported_features=0 @ 2025-08-06T13:16:39.831584+09:00>>
2025-08-06 13:16:42.248 DEBUG (MainThread) [custom_components.commax.binary_sensor] Updating state for doorbell sensor: 현관 도어벨
2025-08-06 13:16:42.248 DEBUG (MainThread) [custom_components.commax.binary_sensor] Socket not connected, attempting to connect...
2025-08-06 13:16:42.248 DEBUG (MainThread) [custom_components.commax.rs485_client] Socket file info: os.stat_result(st_mode=49590, st_ino=131287, st_dev=2056, st_nlink=1, st_uid=0, st_gid=0, st_size=0, st_atime=1754452096, st_mtime=1754452096, st_ctime=1754452096)
2025-08-06 13:16:42.249 INFO (MainThread) [custom_components.commax.rs485_client] Successfully connected to Unix Socket: /config/hass485.sock
2025-08-06 13:16:42.249 DEBUG (MainThread) [custom_components.commax.binary_sensor] Getting state: path=/doorbell/state
2025-08-06 13:16:42.249 DEBUG (MainThread) [custom_components.commax.rs485_client] Sending command: {"type": "GET", "path": "/doorbell/state", "value": null, "id": "commax_18656171", "timeout": 5}
2025-08-06 13:16:42.252 DEBUG (MainThread) [custom_components.commax.switch] Updating state for master switch: 일괄소등
2025-08-06 13:16:42.252 DEBUG (MainThread) [custom_components.commax.switch] Socket not connected, attempting to connect...
2025-08-06 13:16:42.252 DEBUG (MainThread) [custom_components.commax.rs485_client] Socket file info: os.stat_result(st_mode=49590, st_ino=131287, st_dev=2056, st_nlink=1, st_uid=0, st_gid=0, st_size=0, st_atime=1754452096, st_mtime=1754452096, st_ctime=1754452096)
2025-08-06 13:16:42.254 INFO (MainThread) [custom_components.commax.rs485_client] Successfully connected to Unix Socket: /config/hass485.sock
2025-08-06 13:16:42.254 DEBUG (MainThread) [custom_components.commax.switch] Getting state: path=/alloff/state
2025-08-06 13:16:42.254 DEBUG (MainThread) [custom_components.commax.rs485_client] Sending command: {"type": "GET", "path": "/alloff/state", "value": null, "id": "commax_18656176", "timeout": 5}
2025-08-06 13:16:42.261 DEBUG (MainThread) [custom_components.commax.rs485_client] Received response: {'id': 'commax_18656176', 'success': True, 'data': 'OFF'}
2025-08-06 13:16:42.262 DEBUG (MainThread) [custom_components.commax.switch] Received state response: {'id': 'commax_18656176', 'success': True, 'data': 'OFF'}
2025-08-06 13:16:42.262 INFO (MainThread) [custom_components.commax.switch] Master switch 일괄소등 state updated: is_on=False, available=True
2025-08-06 13:16:42.263 DEBUG (MainThread) [homeassistant.core] Bus:Handling <Event state_changed[L]: entity_id=switch.commax_master_switch_1, old_state=<state switch.commax_master_switch_1=unavailable; friendly_name=일괄소등 @ 2025-08-06T13:16:12.250732+09:00>, new_state=<state switch.commax_master_switch_1=off; friendly_name=일괄소등 @ 2025-08-06T13:16:42.263077+09:00>>
2025-08-06 13:16:42.263 DEBUG (MainThread) [custom_components.commax.switch] State written to Home Assistant for master switch 일괄소등
2025-08-06 13:16:42.263 DEBUG (MainThread) [homeassistant.core] Bus:Handling <Event state_reported[L]: entity_id=switch.commax_master_switch_1, old_last_reported=2025-08-06T13:16:42.263077+09:00, new_state=<state switch.commax_master_switch_1=off; friendly_name=일괄소등 @ 2025-08-06T13:16:42.263077+09:00>>
2025-08-06 13:16:42.338 DEBUG (MainThread) [custom_components.commax.rs485_client] Received response: {'id': 'commax_18656171', 'success': True, 'data': 'OFF'}
2025-08-06 13:16:42.341 DEBUG (MainThread) [custom_components.commax.binary_sensor] Received state response: {'id': 'commax_18656171', 'success': True, 'data': 'OFF'}
2025-08-06 13:16:42.341 INFO (MainThread) [custom_components.commax.binary_sensor] Doorbell sensor 현관 도어벨 state updated: is_on=False, available=True
2025-08-06 13:16:42.345 DEBUG (MainThread) [homeassistant.core] Bus:Handling <Event state_changed[L]: entity_id=binary_sensor.commax_doorbell_1, old_state=<state binary_sensor.commax_doorbell_1=unavailable; device_class=occupancy, icon=mdi:bell-ring, friendly_name=현관 도어벨 @ 2025-08-06T13:16:12.246628+09:00>, new_state=<state binary_sensor.commax_doorbell_1=off; device_class=occupancy, icon=mdi:bell-ring, friendly_name=현관 도어벨 @ 2025-08-06T13:16:42.344806+09:00>>
2025-08-06 13:16:42.348 DEBUG (MainThread) [custom_components.commax.binary_sensor] State written to Home Assistant for doorbell sensor 현관 도어벨
2025-08-06 13:16:42.348 DEBUG (MainThread) [homeassistant.core] Bus:Handling <Event state_reported[L]: entity_id=binary_sensor.commax_doorbell_1, old_last_reported=2025-08-06T13:16:42.344806+09:00, new_state=<state binary_sensor.commax_doorbell_1=off; device_class=occupancy, icon=mdi:bell-ring, friendly_name=현관 도어벨 @ 2025-08-06T13:16:42.344806+09:00>>
2025-08-06 13:16:42.436 DEBUG (MainThread) [custom_components.commax.light] Updating state for light: 거실 조명1
2025-08-06 13:16:42.443 DEBUG (MainThread) [custom_components.commax.light] Getting state: path=/lights/1/state
2025-08-06 13:16:42.459 DEBUG (MainThread) [custom_components.commax.rs485_client] Sending command: {"type": "GET", "path": "/lights/1/state", "value": null, "id": "commax_18656381", "timeout": 5}
2025-08-06 13:16:42.478 DEBUG (MainThread) [custom_components.commax.light] Updating state for light: 거실 조명2
2025-08-06 13:16:42.478 DEBUG (MainThread) [custom_components.commax.light] Getting state: path=/lights/2/state
2025-08-06 13:16:42.487 DEBUG (MainThread) [custom_components.commax.rs485_client] Sending command: {"type": "GET", "path": "/lights/2/state", "value": null, "id": "commax_18656409", "timeout": 5}
2025-08-06 13:16:42.488 DEBUG (MainThread) [custom_components.commax.light] Updating state for light: 거실 조명3
2025-08-06 13:16:42.488 DEBUG (MainThread) [custom_components.commax.light] Getting state: path=/lights/3/state
2025-08-06 13:16:42.501 DEBUG (MainThread) [custom_components.commax.rs485_client] Sending command: {"type": "GET", "path": "/lights/3/state", "value": null, "id": "commax_18656423", "timeout": 5}
2025-08-06 13:16:42.511 DEBUG (MainThread) [custom_components.commax.light] Updating state for light: 거실 조명4
2025-08-06 13:16:42.512 DEBUG (MainThread) [custom_components.commax.light] Getting state: path=/lights/4/state
2025-08-06 13:16:42.513 DEBUG (MainThread) [custom_components.commax.rs485_client] Sending command: {"type": "GET", "path": "/lights/4/state", "value": null, "id": "commax_18656435", "timeout": 5}
2025-08-06 13:16:42.535 DEBUG (MainThread) [custom_components.commax.light] Updating state for light: 복도 조명
2025-08-06 13:16:42.536 DEBUG (MainThread) [custom_components.commax.light] Getting state: path=/lights/5/state
2025-08-06 13:16:42.559 DEBUG (MainThread) [custom_components.commax.rs485_client] Sending command: {"type": "GET", "path": "/lights/5/state", "value": null, "id": "commax_18656458", "timeout": 5}
2025-08-06 13:16:42.650 DEBUG (MainThread) [custom_components.commax.rs485_client] Received response: {'id': 'commax_18656381', 'success': True, 'data': 'OFF'}
2025-08-06 13:16:42.650 DEBUG (MainThread) [custom_components.commax.light] Received state response: {'id': 'commax_18656381', 'success': True, 'data': 'OFF'}
2025-08-06 13:16:42.650 INFO (MainThread) [custom_components.commax.light] Light 거실 조명1 state updated: is_on=False, available=True
2025-08-06 13:16:42.651 DEBUG (MainThread) [homeassistant.core] Bus:Handling <Event state_reported[L]: entity_id=light.geosil_jomyeong1, old_last_reported=2025-08-06T13:16:12.273679+09:00, new_state=<state light.geosil_jomyeong1=off; supported_color_modes=[<ColorMode.ONOFF: 'onoff'>], color_mode=None, friendly_name=거실 조명1, supported_features=0 @ 2025-08-06T13:16:12.269990+09:00>>
2025-08-06 13:16:42.651 DEBUG (MainThread) [custom_components.commax.light] State written to Home Assistant for light 거실 조명1
2025-08-06 13:16:42.651 DEBUG (MainThread) [homeassistant.core] Bus:Handling <Event state_reported[L]: entity_id=light.geosil_jomyeong1, old_last_reported=2025-08-06T13:16:42.651047+09:00, new_state=<state light.geosil_jomyeong1=off; supported_color_modes=[<ColorMode.ONOFF: 'onoff'>], color_mode=None, friendly_name=거실 조명1, supported_features=0 @ 2025-08-06T13:16:12.269990+09:00>>
2025-08-06 13:16:42.651 DEBUG (MainThread) [custom_components.commax.rs485_client] Received response: {'id': 'commax_18656409', 'success': True, 'data': 'OFF'}
2025-08-06 13:16:42.651 DEBUG (MainThread) [custom_components.commax.light] Received state response: {'id': 'commax_18656409', 'success': True, 'data': 'OFF'}
2025-08-06 13:16:42.654 INFO (MainThread) [custom_components.commax.light] Light 거실 조명2 state updated: is_on=False, available=True
2025-08-06 13:16:42.654 DEBUG (MainThread) [homeassistant.core] Bus:Handling <Event state_reported[L]: entity_id=light.geosil_jomyeong2, old_last_reported=2025-08-06T13:16:12.303335+09:00, new_state=<state light.geosil_jomyeong2=off; supported_color_modes=[<ColorMode.ONOFF: 'onoff'>], color_mode=None, friendly_name=거실 조명2, supported_features=0 @ 2025-08-06T13:16:12.302663+09:00>>
2025-08-06 13:16:42.654 DEBUG (MainThread) [custom_components.commax.light] State written to Home Assistant for light 거실 조명2
2025-08-06 13:16:42.654 DEBUG (MainThread) [homeassistant.core] Bus:Handling <Event state_reported[L]: entity_id=light.geosil_jomyeong2, old_last_reported=2025-08-06T13:16:42.654331+09:00, new_state=<state light.geosil_jomyeong2=off; supported_color_modes=[<ColorMode.ONOFF: 'onoff'>], color_mode=None, friendly_name=거실 조명2, supported_features=0 @ 2025-08-06T13:16:12.302663+09:00>>
2025-08-06 13:16:42.655 DEBUG (MainThread) [custom_components.commax.rs485_client] Received response: {'id': 'commax_18656423', 'success': True, 'data': 'OFF'}
2025-08-06 13:16:42.655 DEBUG (MainThread) [custom_components.commax.light] Received state response: {'id': 'commax_18656423', 'success': True, 'data': 'OFF'}
2025-08-06 13:16:42.655 INFO (MainThread) [custom_components.commax.light] Light 거실 조명3 state updated: is_on=False, available=True
2025-08-06 13:16:42.655 DEBUG (MainThread) [homeassistant.core] Bus:Handling <Event state_reported[L]: entity_id=light.geosil_jomyeong3, old_last_reported=2025-08-06T13:16:22.736108+09:00, new_state=<state light.geosil_jomyeong3=off; supported_color_modes=[<ColorMode.ONOFF: 'onoff'>], color_mode=None, friendly_name=거실 조명3, supported_features=0 @ 2025-08-06T13:16:22.735432+09:00>>
2025-08-06 13:16:42.655 DEBUG (MainThread) [custom_components.commax.light] State written to Home Assistant for light 거실 조명3
2025-08-06 13:16:42.655 DEBUG (MainThread) [homeassistant.core] Bus:Handling <Event state_reported[L]: entity_id=light.geosil_jomyeong3, old_last_reported=2025-08-06T13:16:42.655237+09:00, new_state=<state light.geosil_jomyeong3=off; supported_color_modes=[<ColorMode.ONOFF: 'onoff'>], color_mode=None, friendly_name=거실 조명3, supported_features=0 @ 2025-08-06T13:16:22.735432+09:00>>
2025-08-06 13:16:42.655 DEBUG (MainThread) [custom_components.commax.rs485_client] Received response: {'id': 'commax_18656435', 'success': True, 'data': 'OFF'}
2025-08-06 13:16:42.657 DEBUG (MainThread) [custom_components.commax.light] Received state response: {'id': 'commax_18656435', 'success': True, 'data': 'OFF'}
2025-08-06 13:16:42.657 INFO (MainThread) [custom_components.commax.light] Light 거실 조명4 state updated: is_on=False, available=True
2025-08-06 13:16:42.658 DEBUG (MainThread) [homeassistant.core] Bus:Handling <Event state_reported[L]: entity_id=light.geosil_jomyeong4, old_last_reported=2025-08-06T13:16:12.355072+09:00, new_state=<state light.geosil_jomyeong4=off; supported_color_modes=[<ColorMode.ONOFF: 'onoff'>], color_mode=None, friendly_name=거실 조명4, supported_features=0 @ 2025-08-06T13:16:12.354497+09:00>>
2025-08-06 13:16:42.658 DEBUG (MainThread) [custom_components.commax.light] State written to Home Assistant for light 거실 조명4
2025-08-06 13:16:42.678 DEBUG (MainThread) [homeassistant.core] Bus:Handling <Event state_reported[L]: entity_id=light.geosil_jomyeong4, old_last_reported=2025-08-06T13:16:42.658033+09:00, new_state=<state light.geosil_jomyeong4=off; supported_color_modes=[<ColorMode.ONOFF: 'onoff'>], color_mode=None, friendly_name=거실 조명4, supported_features=0 @ 2025-08-06T13:16:12.354497+09:00>>
2025-08-06 13:16:42.682 DEBUG (MainThread) [custom_components.commax.rs485_client] Received response: {'id': 'commax_18656458', 'success': True, 'data': 'OFF'}
2025-08-06 13:16:42.682 DEBUG (MainThread) [custom_components.commax.light] Received state response: {'id': 'commax_18656458', 'success': True, 'data': 'OFF'}
2025-08-06 13:16:42.683 INFO (MainThread) [custom_components.commax.light] Light 복도 조명 state updated: is_on=False, available=True
2025-08-06 13:16:42.683 DEBUG (MainThread) [homeassistant.core] Bus:Handling <Event state_reported[L]: entity_id=light.bogdo_jomyeong, old_last_reported=2025-08-06T13:16:39.832174+09:00, new_state=<state light.bogdo_jomyeong=off; supported_color_modes=[<ColorMode.ONOFF: 'onoff'>], color_mode=None, friendly_name=복도 조명, supported_features=0 @ 2025-08-06T13:16:39.831584+09:00>>
2025-08-06 13:16:42.683 DEBUG (MainThread) [custom_components.commax.light] State written to Home Assistant for light 복도 조명
2025-08-06 13:16:42.683 DEBUG (MainThread) [homeassistant.core] Bus:Handling <Event state_reported[L]: entity_id=light.bogdo_jomyeong, old_last_reported=2025-08-06T13:16:42.683203+09:00, new_state=<state light.bogdo_jomyeong=off; supported_color_modes=[<ColorMode.ONOFF: 'onoff'>], color_mode=None, friendly_name=복도 조명, supported_features=0 @ 2025-08-06T13:16:39.831584+09:00>>
2025-08-06 13:16:44.093 DEBUG (MainThread) [homeassistant.core] Bus:Handling <Event state_reported[L]: entity_id=sun.sun, old_last_reported=2025-08-06T13:16:29.092091+09:00, new_state=<state sun.sun=above_horizon; next_dawn=2025-08-06T20:12:19.937481+00:00, next_dusk=2025-08-06T11:04:07.962815+00:00, next_midnight=2025-08-06T15:37:59+00:00, next_noon=2025-08-07T03:37:59+00:00, next_rising=2025-08-06T20:41:22.994271+00:00, next_setting=2025-08-06T10:35:05.744028+00:00, elevation=67.63, azimuth=203.62, rising=False, friendly_name=Sun @ 2025-08-06T13:14:44.035206+09:00>>
2025-08-06 13:16:47.457 DEBUG (MainThread) [homeassistant.core] Bus:Handling <Event state_reported[L]: entity_id=binary_sensor.efm_networks_iptime_ax3000m_wan_status, old_last_reported=2025-08-06T13:16:17.464524+09:00, new_state=<state binary_sensor.efm_networks_iptime_ax3000m_wan_status=on; device_class=connectivity, friendly_name=EFM Networks ipTIME AX3000M WAN 상태 @ 2025-08-06T13:14:48.031083+09:00>>
2025-08-06 13:16:47.457 DEBUG (MainThread) [homeassistant.core] Bus:Handling <Event state_reported[L]: entity_id=sensor.efm_networks_iptime_ax3000m_external_ip, old_last_reported=2025-08-06T13:16:17.465213+09:00, new_state=<state sensor.efm_networks_iptime_ax3000m_external_ip=49.142.72.18; friendly_name=EFM Networks ipTIME AX3000M 외부 IP @ 2025-08-06T13:14:48.035416+09:00>>
2025-08-06 13:16:47.457 DEBUG (MainThread) [homeassistant.core] Bus:Handling <Event state_changed[L]: entity_id=sensor.efm_networks_iptime_ax3000m_download_speed, old_state=<state sensor.efm_networks_iptime_ax3000m_download_speed=35.9003078159863; state_class=measurement, unit_of_measurement=KiB/s, device_class=data_rate, friendly_name=EFM Networks ipTIME AX3000M 다운로드 속도 @ 2025-08-06T13:16:17.465413+09:00>, new_state=<state sensor.efm_networks_iptime_ax3000m_download_speed=7.47523654026069; state_class=measurement, unit_of_measurement=KiB/s, device_class=data_rate, friendly_name=EFM Networks ipTIME AX3000M 다운로드 속도 @ 2025-08-06T13:16:47.457691+09:00>>
2025-08-06 13:16:47.458 DEBUG (MainThread) [homeassistant.core] Bus:Handling <Event state_changed[L]: entity_id=sensor.efm_networks_iptime_ax3000m_upload_speed, old_state=<state sensor.efm_networks_iptime_ax3000m_upload_speed=13.1747485294331; state_class=measurement, unit_of_measurement=KiB/s, device_class=data_rate, friendly_name=EFM Networks ipTIME AX3000M 업로드 속도 @ 2025-08-06T13:16:17.465768+09:00>, new_state=<state sensor.efm_networks_iptime_ax3000m_upload_speed=4.18841035450865; state_class=measurement, unit_of_measurement=KiB/s, device_class=data_rate, friendly_name=EFM Networks ipTIME AX3000M 업로드 속도 @ 2025-08-06T13:16:47.458062+09:00>>
2025-08-06 13:16:47.545 DEBUG (MainThread) [homeassistant.core] Bus:Handling <Event state_reported[L]: entity_id=fan.zhimi_airpurifier_m1, old_last_reported=2025-08-06T13:16:32.550432+09:00, new_state=<state fan.zhimi_airpurifier_m1=off; preset_modes=['Auto', 'Silent', 'Favorite', 'Idle'], preset_mode=None, extra_features=0, turbo_mode_supported=False, button_pressed=None, sleep_time=None, sleep_mode_learn_count=None, use_time=148003558, sleep_mode=None, friendly_name=공기청정기, supported_features=56 @ 2025-08-06T13:14:47.916394+09:00>>
2025-08-06 13:16:47.545 DEBUG (MainThread) [homeassistant.core] Bus:Handling <Event state_reported[L]: entity_id=number.zhimi_airpurifier_m1_favorite_level, old_last_reported=2025-08-06T13:16:32.550979+09:00, new_state=<state number.zhimi_airpurifier_m1_favorite_level=10; min=0, max=17, step=1, mode=auto, icon=mdi:star-cog, friendly_name=공기청정기 Favorite level @ 2025-08-06T13:14:47.938869+09:00>>
2025-08-06 13:16:47.545 DEBUG (MainThread) [homeassistant.core] Bus:Handling <Event state_reported[L]: entity_id=select.zhimi_airpurifier_m1_led_brightness, old_last_reported=2025-08-06T13:16:32.551194+09:00, new_state=<state select.zhimi_airpurifier_m1_led_brightness=bright; options=['bright', 'dim', 'off'], icon=mdi:brightness-6, friendly_name=공기청정기 Led Brightness @ 2025-08-06T13:14:47.962032+09:00>>
2025-08-06 13:16:47.546 DEBUG (MainThread) [homeassistant.core] Bus:Handling <Event state_reported[L]: entity_id=sensor.zhimi_airpurifier_m1_temperature, old_last_reported=2025-08-06T13:16:32.551458+09:00, new_state=<state sensor.zhimi_airpurifier_m1_temperature=26.1; state_class=measurement, unit_of_measurement=°C, device_class=temperature, friendly_name=온도 @ 2025-08-06T13:16:32.551458+09:00>>
2025-08-06 13:16:47.546 DEBUG (MainThread) [homeassistant.core] Bus:Handling <Event state_reported[L]: entity_id=sensor.zhimi_airpurifier_m1_humidity, old_last_reported=2025-08-06T13:16:32.551809+09:00, new_state=<state sensor.zhimi_airpurifier_m1_humidity=57; state_class=measurement, unit_of_measurement=%, device_class=humidity, friendly_name=공기청정기 습도 @ 2025-08-06T13:15:17.561826+09:00>>
2025-08-06 13:16:47.546 DEBUG (MainThread) [homeassistant.core] Bus:Handling <Event state_reported[L]: entity_id=sensor.zhimi_airpurifier_m1_motor_speed, old_last_reported=2025-08-06T13:16:32.552004+09:00, new_state=<state sensor.zhimi_airpurifier_m1_motor_speed=0; state_class=measurement, unit_of_measurement=rpm, icon=mdi:fast-forward, friendly_name=공기청정기 Motor speed @ 2025-08-06T13:14:47.987427+09:00>>
2025-08-06 13:16:47.546 DEBUG (MainThread) [homeassistant.core] Bus:Handling <Event state_changed[L]: entity_id=sensor.zhimi_airpurifier_m1_pm2_5, old_state=<state sensor.zhimi_airpurifier_m1_pm2_5=32; state_class=measurement, unit_of_measurement=µg/m³, device_class=pm25, friendly_name=공기청정기 PM2.5 @ 2025-08-06T13:16:17.562363+09:00>, new_state=<state sensor.zhimi_airpurifier_m1_pm2_5=30; state_class=measurement, unit_of_measurement=µg/m³, device_class=pm25, friendly_name=공기청정기 PM2.5 @ 2025-08-06T13:16:47.546556+09:00>>
2025-08-06 13:16:47.547 DEBUG (MainThread) [homeassistant.core] Bus:Handling <Event state_reported[L]: entity_id=sensor.zhimi_airpurifier_m1_filter_life_remaining, old_last_reported=2025-08-06T13:16:32.552374+09:00, new_state=<state sensor.zhimi_airpurifier_m1_filter_life_remaining=0; state_class=measurement, unit_of_measurement=%, icon=mdi:air-filter, friendly_name=공기청정기 Filter life remaining @ 2025-08-06T13:14:47.988484+09:00>>
2025-08-06 13:16:47.547 DEBUG (MainThread) [homeassistant.core] Bus:Handling <Event state_reported[L]: entity_id=sensor.zhimi_airpurifier_m1_filter_use, old_last_reported=2025-08-06T13:16:32.552553+09:00, new_state=<state sensor.zhimi_airpurifier_m1_filter_use=3500; state_class=measurement, unit_of_measurement=h, device_class=duration, icon=mdi:clock-outline, friendly_name=공기청정기 Filter use @ 2025-08-06T13:14:47.989019+09:00>>
2025-08-06 13:16:47.547 DEBUG (MainThread) [homeassistant.core] Bus:Handling <Event state_reported[L]: entity_id=switch.zhimi_airpurifier_m1_buzzer, old_last_reported=2025-08-06T13:16:32.552741+09:00, new_state=<state switch.zhimi_airpurifier_m1_buzzer=off; icon=mdi:volume-high, friendly_name=공기청정기 Buzzer @ 2025-08-06T13:14:48.008732+09:00>>
2025-08-06 13:16:47.547 DEBUG (MainThread) [homeassistant.core] Bus:Handling <Event state_reported[L]: entity_id=switch.zhimi_airpurifier_m1_child_lock, old_last_reported=2025-08-06T13:16:32.552928+09:00, new_state=<state switch.zhimi_airpurifier_m1_child_lock=off; icon=mdi:lock, friendly_name=공기청정기 차일드 락 @ 2025-08-06T13:14:48.010084+09:00>>
2025-08-06 13:16:47.547 DEBUG (MainThread) [homeassistant.core] Bus:Handling <Event state_reported[L]: entity_id=switch.zhimi_airpurifier_m1_led, old_last_reported=2025-08-06T13:16:32.553078+09:00, new_state=<state switch.zhimi_airpurifier_m1_led=off; icon=mdi:led-outline, friendly_name=공기청정기 LED @ 2025-08-06T13:14:48.011089+09:00>>
2025-08-06 13:16:47.547 DEBUG (MainThread) [homeassistant.core] Bus:Handling <Event state_reported[L]: entity_id=switch.zhimi_airpurifier_m1_learn_mode, old_last_reported=2025-08-06T13:16:32.553224+09:00, new_state=<state switch.zhimi_airpurifier_m1_learn_mode=off; icon=mdi:school-outline, friendly_name=공기청정기 Learn mode @ 2025-08-06T13:14:48.015987+09:00>>
2025-08-06 13:16:57.301 DEBUG (MainThread) [homeassistant.core] Bus:Handling <Event state_reported[L]: entity_id=sensor.tasmota_mqtt_connect_count, old_last_reported=2025-08-06T13:14:51.288702+09:00, new_state=<state sensor.tasmota_mqtt_connect_count=22; icon=mdi:counter, friendly_name=Tasmota MQTT Connect Count @ 2025-08-06T13:14:51.288702+09:00>>
2025-08-06 13:16:57.303 DEBUG (MainThread) [homeassistant.core] Bus:Handling <Event state_reported[L]: entity_id=sensor.tasmota_wifi_connect_count, old_last_reported=2025-08-06T13:14:51.288110+09:00, new_state=<state sensor.tasmota_wifi_connect_count=19; icon=mdi:counter, friendly_name=Tasmota WiFi Connect Count @ 2025-08-06T13:14:51.288110+09:00>>
2025-08-06 13:16:59.093 DEBUG (MainThread) [homeassistant.core] Bus:Handling <Event state_reported[L]: entity_id=sun.sun, old_last_reported=2025-08-06T13:16:44.092950+09:00, new_state=<state sun.sun=above_horizon; next_dawn=2025-08-06T20:12:19.937481+00:00, next_dusk=2025-08-06T11:04:07.962815+00:00, next_midnight=2025-08-06T15:37:59+00:00, next_noon=2025-08-07T03:37:59+00:00, next_rising=2025-08-06T20:41:22.994271+00:00, next_setting=2025-08-06T10:35:05.744028+00:00, elevation=67.63, azimuth=203.62, rising=False, friendly_name=Sun @ 2025-08-06T13:14:44.035206+09:00>>
2025-08-06 13:17:02.575 DEBUG (MainThread) [homeassistant.core] Bus:Handling <Event state_reported[L]: entity_id=fan.zhimi_airpurifier_m1, old_last_reported=2025-08-06T13:16:47.544876+09:00, new_state=<state fan.zhimi_airpurifier_m1=off; preset_modes=['Auto', 'Silent', 'Favorite', 'Idle'], preset_mode=None, extra_features=0, turbo_mode_supported=False, button_pressed=None, sleep_time=None, sleep_mode_learn_count=None, use_time=148003558, sleep_mode=None, friendly_name=공기청정기, supported_features=56 @ 2025-08-06T13:14:47.916394+09:00>>
2025-08-06 13:17:02.575 DEBUG (MainThread) [homeassistant.core] Bus:Handling <Event state_reported[L]: entity_id=number.zhimi_airpurifier_m1_favorite_level, old_last_reported=2025-08-06T13:16:47.545361+09:00, new_state=<state number.zhimi_airpurifier_m1_favorite_level=10; min=0, max=17, step=1, mode=auto, icon=mdi:star-cog, friendly_name=공기청정기 Favorite level @ 2025-08-06T13:14:47.938869+09:00>>
2025-08-06 13:17:02.575 DEBUG (MainThread) [homeassistant.core] Bus:Handling <Event state_reported[L]: entity_id=select.zhimi_airpurifier_m1_led_brightness, old_last_reported=2025-08-06T13:16:47.545604+09:00, new_state=<state select.zhimi_airpurifier_m1_led_brightness=bright; options=['bright', 'dim', 'off'], icon=mdi:brightness-6, friendly_name=공기청정기 Led Brightness @ 2025-08-06T13:14:47.962032+09:00>>
2025-08-06 13:17:02.576 DEBUG (MainThread) [homeassistant.core] Bus:Handling <Event state_reported[L]: entity_id=sensor.zhimi_airpurifier_m1_temperature, old_last_reported=2025-08-06T13:16:47.545936+09:00, new_state=<state sensor.zhimi_airpurifier_m1_temperature=26.1; state_class=measurement, unit_of_measurement=°C, device_class=temperature, friendly_name=온도 @ 2025-08-06T13:16:32.551458+09:00>>
2025-08-06 13:17:02.576 DEBUG (MainThread) [homeassistant.core] Bus:Handling <Event state_reported[L]: entity_id=sensor.zhimi_airpurifier_m1_humidity, old_last_reported=2025-08-06T13:16:47.546126+09:00, new_state=<state sensor.zhimi_airpurifier_m1_humidity=57; state_class=measurement, unit_of_measurement=%, device_class=humidity, friendly_name=공기청정기 습도 @ 2025-08-06T13:15:17.561826+09:00>>
2025-08-06 13:17:02.576 DEBUG (MainThread) [homeassistant.core] Bus:Handling <Event state_reported[L]: entity_id=sensor.zhimi_airpurifier_m1_motor_speed, old_last_reported=2025-08-06T13:16:47.546345+09:00, new_state=<state sensor.zhimi_airpurifier_m1_motor_speed=0; state_class=measurement, unit_of_measurement=rpm, icon=mdi:fast-forward, friendly_name=공기청정기 Motor speed @ 2025-08-06T13:14:47.987427+09:00>>
2025-08-06 13:17:02.576 DEBUG (MainThread) [homeassistant.core] Bus:Handling <Event state_changed[L]: entity_id=sensor.zhimi_airpurifier_m1_pm2_5, old_state=<state sensor.zhimi_airpurifier_m1_pm2_5=30; state_class=measurement, unit_of_measurement=µg/m³, device_class=pm25, friendly_name=공기청정기 PM2.5 @ 2025-08-06T13:16:47.546556+09:00>, new_state=<state sensor.zhimi_airpurifier_m1_pm2_5=32; state_class=measurement, unit_of_measurement=µg/m³, device_class=pm25, friendly_name=공기청정기 PM2.5 @ 2025-08-06T13:17:02.576712+09:00>>
2025-08-06 13:17:02.577 DEBUG (MainThread) [homeassistant.core] Bus:Handling <Event state_reported[L]: entity_id=sensor.zhimi_airpurifier_m1_filter_life_remaining, old_last_reported=2025-08-06T13:16:47.546926+09:00, new_state=<state sensor.zhimi_airpurifier_m1_filter_life_remaining=0; state_class=measurement, unit_of_measurement=%, icon=mdi:air-filter, friendly_name=공기청정기 Filter life remaining @ 2025-08-06T13:14:47.988484+09:00>>
2025-08-06 13:17:02.577 DEBUG (MainThread) [homeassistant.core] Bus:Handling <Event state_reported[L]: entity_id=sensor.zhimi_airpurifier_m1_filter_use, old_last_reported=2025-08-06T13:16:47.547104+09:00, new_state=<state sensor.zhimi_airpurifier_m1_filter_use=3500; state_class=measurement, unit_of_measurement=h, device_class=duration, icon=mdi:clock-outline, friendly_name=공기청정기 Filter use @ 2025-08-06T13:14:47.989019+09:00>>
2025-08-06 13:17:02.577 DEBUG (MainThread) [homeassistant.core] Bus:Handling <Event state_reported[L]: entity_id=switch.zhimi_airpurifier_m1_buzzer, old_last_reported=2025-08-06T13:16:47.547281+09:00, new_state=<state switch.zhimi_airpurifier_m1_buzzer=off; icon=mdi:volume-high, friendly_name=공기청정기 Buzzer @ 2025-08-06T13:14:48.008732+09:00>>
2025-08-06 13:17:02.584 DEBUG (MainThread) [homeassistant.core] Bus:Handling <Event state_reported[L]: entity_id=switch.zhimi_airpurifier_m1_child_lock, old_last_reported=2025-08-06T13:16:47.547472+09:00, new_state=<state switch.zhimi_airpurifier_m1_child_lock=off; icon=mdi:lock, friendly_name=공기청정기 차일드 락 @ 2025-08-06T13:14:48.010084+09:00>>
2025-08-06 13:17:02.618 DEBUG (MainThread) [homeassistant.core] Bus:Handling <Event state_reported[L]: entity_id=switch.zhimi_airpurifier_m1_led, old_last_reported=2025-08-06T13:16:47.547638+09:00, new_state=<state switch.zhimi_airpurifier_m1_led=off; icon=mdi:led-outline, friendly_name=공기청정기 LED @ 2025-08-06T13:14:48.011089+09:00>>
2025-08-06 13:17:02.619 DEBUG (MainThread) [homeassistant.core] Bus:Handling <Event state_reported[L]: entity_id=switch.zhimi_airpurifier_m1_learn_mode, old_last_reported=2025-08-06T13:16:47.547843+09:00, new_state=<state switch.zhimi_airpurifier_m1_learn_mode=off; icon=mdi:school-outline, friendly_name=공기청정기 Learn mode @ 2025-08-06T13:14:48.015987+09:00>>
2025-08-06 13:17:03.078 DEBUG (MainThread) [homeassistant.core] Bus:Handling <Event state_changed[L]: entity_id=climate.geosil_eeokeon, old_state=<state climate.geosil_eeokeon=cool; hvac_modes=[<HVACMode.OFF: 'off'>, <HVACMode.COOL: 'cool'>, <HVACMode.DRY: 'dry'>, <HVACMode.FAN_ONLY: 'fan_only'>], min_temp=7, max_temp=35, fan_modes=['auto', '1', '2', '3', '4', '5'], preset_modes=['windFree'], swing_modes=['off', 'horizontal'], current_temperature=23, temperature=18, fan_mode=5, preset_mode=None, swing_mode=horizontal, drlc_status_duration=0, drlc_status_start=1970-01-01T00:00:00Z, drlc_status_override=False, drlc_status_level=0, friendly_name=거실 에어컨, supported_features=441 @ 2025-08-06T13:14:49.672952+09:00>, new_state=<state climate.geosil_eeokeon=cool; hvac_modes=[<HVACMode.OFF: 'off'>, <HVACMode.COOL: 'cool'>, <HVACMode.DRY: 'dry'>, <HVACMode.FAN_ONLY: 'fan_only'>], min_temp=7, max_temp=35, fan_modes=['auto', '1', '2', '3', '4', '5'], preset_modes=['windFree'], swing_modes=['off', 'horizontal'], current_temperature=23, temperature=19, fan_mode=5, preset_mode=None, swing_mode=horizontal, drlc_status_duration=0, drlc_status_start=1970-01-01T00:00:00Z, drlc_status_override=False, drlc_status_level=0, friendly_name=거실 에어컨, supported_features=441 @ 2025-08-06T13:14:49.672952+09:00>>
2025-08-06 13:17:03.483 DEBUG (MainThread) [homeassistant.core] Bus:Handling <Event state_changed[L]: entity_id=climate.geosil_eeokeon, old_state=<state climate.geosil_eeokeon=cool; hvac_modes=[<HVACMode.OFF: 'off'>, <HVACMode.COOL: 'cool'>, <HVACMode.DRY: 'dry'>, <HVACMode.FAN_ONLY: 'fan_only'>], min_temp=7, max_temp=35, fan_modes=['auto', '1', '2', '3', '4', '5'], preset_modes=['windFree'], swing_modes=['off', 'horizontal'], current_temperature=23, temperature=19, fan_mode=5, preset_mode=None, swing_mode=horizontal, drlc_status_duration=0, drlc_status_start=1970-01-01T00:00:00Z, drlc_status_override=False, drlc_status_level=0, friendly_name=거실 에어컨, supported_features=441 @ 2025-08-06T13:14:49.672952+09:00>, new_state=<state climate.geosil_eeokeon=cool; hvac_modes=[<HVACMode.OFF: 'off'>, <HVACMode.COOL: 'cool'>, <HVACMode.DRY: 'dry'>, <HVACMode.FAN_ONLY: 'fan_only'>], min_temp=7, max_temp=35, fan_modes=['auto', '1', '2', '3', '4', '5'], preset_modes=['windFree'], swing_modes=['off', 'horizontal'], current_temperature=23, temperature=20, fan_mode=5, preset_mode=None, swing_mode=horizontal, drlc_status_duration=0, drlc_status_start=1970-01-01T00:00:00Z, drlc_status_override=False, drlc_status_level=0, friendly_name=거실 에어컨, supported_features=441 @ 2025-08-06T13:14:49.672952+09:00>>
2025-08-06 13:17:04.787 DEBUG (MainThread) [homeassistant.core] Bus:Handling <Event state_changed[L]: entity_id=climate.geosil_eeokeon, old_state=<state climate.geosil_eeokeon=cool; hvac_modes=[<HVACMode.OFF: 'off'>, <HVACMode.COOL: 'cool'>, <HVACMode.DRY: 'dry'>, <HVACMode.FAN_ONLY: 'fan_only'>], min_temp=7, max_temp=35, fan_modes=['auto', '1', '2', '3', '4', '5'], preset_modes=['windFree'], swing_modes=['off', 'horizontal'], current_temperature=23, temperature=20, fan_mode=5, preset_mode=None, swing_mode=horizontal, drlc_status_duration=0, drlc_status_start=1970-01-01T00:00:00Z, drlc_status_override=False, drlc_status_level=0, friendly_name=거실 에어컨, supported_features=441 @ 2025-08-06T13:14:49.672952+09:00>, new_state=<state climate.geosil_eeokeon=cool; hvac_modes=[<HVACMode.OFF: 'off'>, <HVACMode.COOL: 'cool'>, <HVACMode.DRY: 'dry'>, <HVACMode.FAN_ONLY: 'fan_only'>], min_temp=7, max_temp=35, fan_modes=['auto', '1', '2', '3', '4', '5'], preset_modes=['windFree'], swing_modes=['off', 'horizontal'], current_temperature=23, temperature=21, fan_mode=5, preset_mode=None, swing_mode=horizontal, drlc_status_duration=0, drlc_status_start=1970-01-01T00:00:00Z, drlc_status_override=False, drlc_status_level=0, friendly_name=거실 에어컨, supported_features=441 @ 2025-08-06T13:14:49.672952+09:00>>
2025-08-06 13:17:05.402 DEBUG (MainThread) [homeassistant.core] Bus:Handling <Event state_changed[L]: entity_id=climate.geosil_eeokeon, old_state=<state climate.geosil_eeokeon=cool; hvac_modes=[<HVACMode.OFF: 'off'>, <HVACMode.COOL: 'cool'>, <HVACMode.DRY: 'dry'>, <HVACMode.FAN_ONLY: 'fan_only'>], min_temp=7, max_temp=35, fan_modes=['auto', '1', '2', '3', '4', '5'], preset_modes=['windFree'], swing_modes=['off', 'horizontal'], current_temperature=23, temperature=21, fan_mode=5, preset_mode=None, swing_mode=horizontal, drlc_status_duration=0, drlc_status_start=1970-01-01T00:00:00Z, drlc_status_override=False, drlc_status_level=0, friendly_name=거실 에어컨, supported_features=441 @ 2025-08-06T13:14:49.672952+09:00>, new_state=<state climate.geosil_eeokeon=cool; hvac_modes=[<HVACMode.OFF: 'off'>, <HVACMode.COOL: 'cool'>, <HVACMode.DRY: 'dry'>, <HVACMode.FAN_ONLY: 'fan_only'>], min_temp=7, max_temp=35, fan_modes=['auto', '1', '2', '3', '4', '5'], preset_modes=['windFree'], swing_modes=['off', 'horizontal'], current_temperature=23, temperature=22, fan_mode=5, preset_mode=None, swing_mode=horizontal, drlc_status_duration=0, drlc_status_start=1970-01-01T00:00:00Z, drlc_status_override=False, drlc_status_level=0, friendly_name=거실 에어컨, supported_features=441 @ 2025-08-06T13:14:49.672952+09:00>>
2025-08-06 13:17:06.044 DEBUG (MainThread) [homeassistant.core] Bus:Handling <Event state_changed[L]: entity_id=climate.geosil_eeokeon, old_state=<state climate.geosil_eeokeon=cool; hvac_modes=[<HVACMode.OFF: 'off'>, <HVACMode.COOL: 'cool'>, <HVACMode.DRY: 'dry'>, <HVACMode.FAN_ONLY: 'fan_only'>], min_temp=7, max_temp=35, fan_modes=['auto', '1', '2', '3', '4', '5'], preset_modes=['windFree'], swing_modes=['off', 'horizontal'], current_temperature=23, temperature=22, fan_mode=5, preset_mode=None, swing_mode=horizontal, drlc_status_duration=0, drlc_status_start=1970-01-01T00:00:00Z, drlc_status_override=False, drlc_status_level=0, friendly_name=거실 에어컨, supported_features=441 @ 2025-08-06T13:14:49.672952+09:00>, new_state=<state climate.geosil_eeokeon=cool; hvac_modes=[<HVACMode.OFF: 'off'>, <HVACMode.COOL: 'cool'>, <HVACMode.DRY: 'dry'>, <HVACMode.FAN_ONLY: 'fan_only'>], min_temp=7, max_temp=35, fan_modes=['auto', '1', '2', '3', '4', '5'], preset_modes=['windFree'], swing_modes=['off', 'horizontal'], current_temperature=23, temperature=23, fan_mode=5, preset_mode=None, swing_mode=horizontal, drlc_status_duration=0, drlc_status_start=1970-01-01T00:00:00Z, drlc_status_override=False, drlc_status_level=0, friendly_name=거실 에어컨, supported_features=441 @ 2025-08-06T13:14:49.672952+09:00>>
2025-08-06 13:17:06.897 DEBUG (MainThread) [homeassistant.core] Bus:Handling <Event state_changed[L]: entity_id=climate.geosil_eeokeon, old_state=<state climate.geosil_eeokeon=cool; hvac_modes=[<HVACMode.OFF: 'off'>, <HVACMode.COOL: 'cool'>, <HVACMode.DRY: 'dry'>, <HVACMode.FAN_ONLY: 'fan_only'>], min_temp=7, max_temp=35, fan_modes=['auto', '1', '2', '3', '4', '5'], preset_modes=['windFree'], swing_modes=['off', 'horizontal'], current_temperature=23, temperature=23, fan_mode=5, preset_mode=None, swing_mode=horizontal, drlc_status_duration=0, drlc_status_start=1970-01-01T00:00:00Z, drlc_status_override=False, drlc_status_level=0, friendly_name=거실 에어컨, supported_features=441 @ 2025-08-06T13:14:49.672952+09:00>, new_state=<state climate.geosil_eeokeon=cool; hvac_modes=[<HVACMode.OFF: 'off'>, <HVACMode.COOL: 'cool'>, <HVACMode.DRY: 'dry'>, <HVACMode.FAN_ONLY: 'fan_only'>], min_temp=7, max_temp=35, fan_modes=['auto', '1', '2', '3', '4', '5'], preset_modes=['windFree'], swing_modes=['off', 'horizontal'], current_temperature=23, temperature=24, fan_mode=5, preset_mode=None, swing_mode=horizontal, drlc_status_duration=0, drlc_status_start=1970-01-01T00:00:00Z, drlc_status_override=False, drlc_status_level=0, friendly_name=거실 에어컨, supported_features=441 @ 2025-08-06T13:14:49.672952+09:00>>
2025-08-06 13:17:08.138 DEBUG (MainThread) [homeassistant.core] Bus:Handling <Event state_changed[L]: entity_id=sensor.geosil_eeokeon_humidity, old_state=<state sensor.geosil_eeokeon_humidity=55; state_class=measurement, unit_of_measurement=%, device_class=humidity, friendly_name=거실 에어컨 습도 @ 2025-08-06T13:16:34.005605+09:00>, new_state=<state sensor.geosil_eeokeon_humidity=60; state_class=measurement, unit_of_measurement=%, device_class=humidity, friendly_name=거실 에어컨 습도 @ 2025-08-06T13:17:08.135654+09:00>>
2025-08-06 13:17:09.977 DEBUG (MainThread) [homeassistant.core] Bus:Handling <Event call_service[L]: domain=light, service=turn_on, service_data=entity_id=light.geosil_jomyeong4>
2025-08-06 13:17:09.978 DEBUG (MainThread) [custom_components.commax.light] Attempting to turn ON light: 거실 조명4
2025-08-06 13:17:09.978 DEBUG (MainThread) [custom_components.commax.light] Sending command: path=/lights/4/set, value=ON
2025-08-06 13:17:09.978 DEBUG (MainThread) [custom_components.commax.rs485_client] Sending command: {"type": "SET", "path": "/lights/4/set", "value": "ON", "id": "commax_18683900", "timeout": 5}
2025-08-06 13:17:09.984 DEBUG (MainThread) [custom_components.commax.rs485_client] Received response: {'id': 'commax_18683900', 'success': True, 'data': 'LIGHT_COMMAND_SENT'}
2025-08-06 13:17:09.984 DEBUG (MainThread) [custom_components.commax.light] Received successful response: {'id': 'commax_18683900', 'success': True, 'data': 'LIGHT_COMMAND_SENT'}
2025-08-06 13:17:09.984 DEBUG (MainThread) [homeassistant.core] Bus:Handling <Event state_changed[L]: entity_id=light.geosil_jomyeong4, old_state=<state light.geosil_jomyeong4=off; supported_color_modes=[<ColorMode.ONOFF: 'onoff'>], color_mode=None, friendly_name=거실 조명4, supported_features=0 @ 2025-08-06T13:16:12.354497+09:00>, new_state=<state light.geosil_jomyeong4=on; supported_color_modes=[<ColorMode.ONOFF: 'onoff'>], color_mode=onoff, friendly_name=거실 조명4, supported_features=0 @ 2025-08-06T13:17:09.984592+09:00>>
2025-08-06 13:17:09.985 INFO (MainThread) [custom_components.commax.light] Light 거실 조명4 turned ON
2025-08-06 13:17:09.985 DEBUG (MainThread) [custom_components.commax.light] Updating state for light: 거실 조명4
2025-08-06 13:17:09.985 DEBUG (MainThread) [custom_components.commax.light] Getting state: path=/lights/4/state
2025-08-06 13:17:09.985 DEBUG (MainThread) [custom_components.commax.rs485_client] Sending command: {"type": "GET", "path": "/lights/4/state", "value": null, "id": "commax_18683907", "timeout": 5}
2025-08-06 13:17:09.989 DEBUG (MainThread) [custom_components.commax.rs485_client] Received response: {'id': 'commax_18683907', 'success': True, 'data': 'OFF'}
2025-08-06 13:17:09.990 DEBUG (MainThread) [custom_components.commax.light] Received state response: {'id': 'commax_18683907', 'success': True, 'data': 'OFF'}
2025-08-06 13:17:09.990 INFO (MainThread) [custom_components.commax.light] Light 거실 조명4 state updated: is_on=False, available=True
2025-08-06 13:17:09.990 DEBUG (MainThread) [homeassistant.core] Bus:Handling <Event state_changed[L]: entity_id=light.geosil_jomyeong4, old_state=<state light.geosil_jomyeong4=on; supported_color_modes=[<ColorMode.ONOFF: 'onoff'>], color_mode=onoff, friendly_name=거실 조명4, supported_features=0 @ 2025-08-06T13:17:09.984592+09:00>, new_state=<state light.geosil_jomyeong4=off; supported_color_modes=[<ColorMode.ONOFF: 'onoff'>], color_mode=None, friendly_name=거실 조명4, supported_features=0 @ 2025-08-06T13:17:09.990281+09:00>>
2025-08-06 13:17:09.990 DEBUG (MainThread) [custom_components.commax.light] State written to Home Assistant for light 거실 조명4
2025-08-06 13:17:09.991 DEBUG (MainThread) [homeassistant.core] Bus:Handling <Event state_reported[L]: entity_id=light.geosil_jomyeong4, old_last_reported=2025-08-06T13:17:09.990281+09:00, new_state=<state light.geosil_jomyeong4=off; supported_color_modes=[<ColorMode.ONOFF: 'onoff'>], color_mode=None, friendly_name=거실 조명4, supported_features=0 @ 2025-08-06T13:17:09.990281+09:00>>
2025-08-06 13:17:10.413 DEBUG (MainThread) [homeassistant.core] Bus:Handling <Event call_service[L]: domain=light, service=turn_on, service_data=entity_id=light.geosil_jomyeong4>
2025-08-06 13:17:10.414 DEBUG (MainThread) [custom_components.commax.light] Attempting to turn ON light: 거실 조명4
2025-08-06 13:17:10.414 DEBUG (MainThread) [custom_components.commax.light] Sending command: path=/lights/4/set, value=ON
2025-08-06 13:17:10.414 DEBUG (MainThread) [custom_components.commax.rs485_client] Sending command: {"type": "SET", "path": "/lights/4/set", "value": "ON", "id": "commax_18684336", "timeout": 5}
2025-08-06 13:17:10.419 DEBUG (MainThread) [custom_components.commax.rs485_client] Received response: {'id': 'commax_18684336', 'success': True, 'data': 'LIGHT_COMMAND_SENT'}
2025-08-06 13:17:10.419 DEBUG (MainThread) [custom_components.commax.light] Received successful response: {'id': 'commax_18684336', 'success': True, 'data': 'LIGHT_COMMAND_SENT'}
2025-08-06 13:17:10.420 DEBUG (MainThread) [homeassistant.core] Bus:Handling <Event state_changed[L]: entity_id=light.geosil_jomyeong4, old_state=<state light.geosil_jomyeong4=off; supported_color_modes=[<ColorMode.ONOFF: 'onoff'>], color_mode=None, friendly_name=거실 조명4, supported_features=0 @ 2025-08-06T13:17:09.990281+09:00>, new_state=<state light.geosil_jomyeong4=on; supported_color_modes=[<ColorMode.ONOFF: 'onoff'>], color_mode=onoff, friendly_name=거실 조명4, supported_features=0 @ 2025-08-06T13:17:10.420470+09:00>>
2025-08-06 13:17:10.421 INFO (MainThread) [custom_components.commax.light] Light 거실 조명4 turned ON
2025-08-06 13:17:10.426 DEBUG (MainThread) [custom_components.commax.light] Updating state for light: 거실 조명4
2025-08-06 13:17:10.426 DEBUG (MainThread) [custom_components.commax.light] Getting state: path=/lights/4/state
2025-08-06 13:17:10.427 DEBUG (MainThread) [custom_components.commax.rs485_client] Sending command: {"type": "GET", "path": "/lights/4/state", "value": null, "id": "commax_18684349", "timeout": 5}
2025-08-06 13:17:10.461 DEBUG (MainThread) [custom_components.commax.rs485_client] Received response: {'id': 'commax_18684349', 'success': True, 'data': 'OFF'}
2025-08-06 13:17:10.461 DEBUG (MainThread) [custom_components.commax.light] Received state response: {'id': 'commax_18684349', 'success': True, 'data': 'OFF'}
2025-08-06 13:17:10.462 INFO (MainThread) [custom_components.commax.light] Light 거실 조명4 state updated: is_on=False, available=True
2025-08-06 13:17:10.462 DEBUG (MainThread) [homeassistant.core] Bus:Handling <Event state_changed[L]: entity_id=light.geosil_jomyeong4, old_state=<state light.geosil_jomyeong4=on; supported_color_modes=[<ColorMode.ONOFF: 'onoff'>], color_mode=onoff, friendly_name=거실 조명4, supported_features=0 @ 2025-08-06T13:17:10.420470+09:00>, new_state=<state light.geosil_jomyeong4=off; supported_color_modes=[<ColorMode.ONOFF: 'onoff'>], color_mode=None, friendly_name=거실 조명4, supported_features=0 @ 2025-08-06T13:17:10.462201+09:00>>
2025-08-06 13:17:10.480 DEBUG (MainThread) [custom_components.commax.light] State written to Home Assistant for light 거실 조명4
2025-08-06 13:17:10.505 DEBUG (MainThread) [homeassistant.core] Bus:Handling <Event state_reported[L]: entity_id=light.geosil_jomyeong4, old_last_reported=2025-08-06T13:17:10.462201+09:00, new_state=<state light.geosil_jomyeong4=off; supported_color_modes=[<ColorMode.ONOFF: 'onoff'>], color_mode=None, friendly_name=거실 조명4, supported_features=0 @ 2025-08-06T13:17:10.462201+09:00>>
2025-08-06 13:17:10.533 DEBUG (MainThread) [homeassistant.core] Bus:Handling <Event call_service[L]: domain=light, service=turn_on, service_data=entity_id=light.geosil_jomyeong4>
2025-08-06 13:17:10.534 DEBUG (MainThread) [custom_components.commax.light] Attempting to turn ON light: 거실 조명4
2025-08-06 13:17:10.534 DEBUG (MainThread) [custom_components.commax.light] Sending command: path=/lights/4/set, value=ON
2025-08-06 13:17:10.534 DEBUG (MainThread) [custom_components.commax.rs485_client] Sending command: {"type": "SET", "path": "/lights/4/set", "value": "ON", "id": "commax_18684456", "timeout": 5}
2025-08-06 13:17:10.542 DEBUG (MainThread) [custom_components.commax.rs485_client] Received response: {'id': 'commax_18684456', 'success': True, 'data': 'LIGHT_COMMAND_SENT'}
2025-08-06 13:17:10.542 DEBUG (MainThread) [custom_components.commax.light] Received successful response: {'id': 'commax_18684456', 'success': True, 'data': 'LIGHT_COMMAND_SENT'}
2025-08-06 13:17:10.543 DEBUG (MainThread) [homeassistant.core] Bus:Handling <Event state_changed[L]: entity_id=light.geosil_jomyeong4, old_state=<state light.geosil_jomyeong4=off; supported_color_modes=[<ColorMode.ONOFF: 'onoff'>], color_mode=None, friendly_name=거실 조명4, supported_features=0 @ 2025-08-06T13:17:10.462201+09:00>, new_state=<state light.geosil_jomyeong4=on; supported_color_modes=[<ColorMode.ONOFF: 'onoff'>], color_mode=onoff, friendly_name=거실 조명4, supported_features=0 @ 2025-08-06T13:17:10.542679+09:00>>
2025-08-06 13:17:10.543 INFO (MainThread) [custom_components.commax.light] Light 거실 조명4 turned ON
2025-08-06 13:17:10.543 DEBUG (MainThread) [custom_components.commax.light] Updating state for light: 거실 조명4
2025-08-06 13:17:10.543 DEBUG (MainThread) [custom_components.commax.light] Getting state: path=/lights/4/state
2025-08-06 13:17:10.543 DEBUG (MainThread) [custom_components.commax.rs485_client] Sending command: {"type": "GET", "path": "/lights/4/state", "value": null, "id": "commax_18684465", "timeout": 5}
2025-08-06 13:17:10.550 DEBUG (MainThread) [custom_components.commax.rs485_client] Received response: {'id': 'commax_18684465', 'success': True, 'data': 'OFF'}
2025-08-06 13:17:10.550 DEBUG (MainThread) [custom_components.commax.light] Received state response: {'id': 'commax_18684465', 'success': True, 'data': 'OFF'}
2025-08-06 13:17:10.550 INFO (MainThread) [custom_components.commax.light] Light 거실 조명4 state updated: is_on=False, available=True
2025-08-06 13:17:10.550 DEBUG (MainThread) [homeassistant.core] Bus:Handling <Event state_changed[L]: entity_id=light.geosil_jomyeong4, old_state=<state light.geosil_jomyeong4=on; supported_color_modes=[<ColorMode.ONOFF: 'onoff'>], color_mode=onoff, friendly_name=거실 조명4, supported_features=0 @ 2025-08-06T13:17:10.542679+09:00>, new_state=<state light.geosil_jomyeong4=off; supported_color_modes=[<ColorMode.ONOFF: 'onoff'>], color_mode=None, friendly_name=거실 조명4, supported_features=0 @ 2025-08-06T13:17:10.550422+09:00>>
2025-08-06 13:17:10.551 DEBUG (MainThread) [custom_components.commax.light] State written to Home Assistant for light 거실 조명4
2025-08-06 13:17:10.551 DEBUG (MainThread) [homeassistant.core] Bus:Handling <Event state_reported[L]: entity_id=light.geosil_jomyeong4, old_last_reported=2025-08-06T13:17:10.550422+09:00, new_state=<state light.geosil_jomyeong4=off; supported_color_modes=[<ColorMode.ONOFF: 'onoff'>], color_mode=None, friendly_name=거실 조명4, supported_features=0 @ 2025-08-06T13:17:10.550422+09:00>>
2025-08-06 13:17:10.688 DEBUG (MainThread) [homeassistant.core] Bus:Handling <Event call_service[L]: domain=light, service=turn_on, service_data=entity_id=light.geosil_jomyeong4>
2025-08-06 13:17:10.688 DEBUG (MainThread) [custom_components.commax.light] Attempting to turn ON light: 거실 조명4
2025-08-06 13:17:10.688 DEBUG (MainThread) [custom_components.commax.light] Sending command: path=/lights/4/set, value=ON
2025-08-06 13:17:10.688 DEBUG (MainThread) [custom_components.commax.rs485_client] Sending command: {"type": "SET", "path": "/lights/4/set", "value": "ON", "id": "commax_18684610", "timeout": 5}
2025-08-06 13:17:10.692 DEBUG (MainThread) [custom_components.commax.rs485_client] Received response: {'id': 'commax_18684610', 'success': True, 'data': 'LIGHT_COMMAND_SENT'}
2025-08-06 13:17:10.693 DEBUG (MainThread) [custom_components.commax.light] Received successful response: {'id': 'commax_18684610', 'success': True, 'data': 'LIGHT_COMMAND_SENT'}
2025-08-06 13:17:10.693 DEBUG (MainThread) [homeassistant.core] Bus:Handling <Event state_changed[L]: entity_id=light.geosil_jomyeong4, old_state=<state light.geosil_jomyeong4=off; supported_color_modes=[<ColorMode.ONOFF: 'onoff'>], color_mode=None, friendly_name=거실 조명4, supported_features=0 @ 2025-08-06T13:17:10.550422+09:00>, new_state=<state light.geosil_jomyeong4=on; supported_color_modes=[<ColorMode.ONOFF: 'onoff'>], color_mode=onoff, friendly_name=거실 조명4, supported_features=0 @ 2025-08-06T13:17:10.693366+09:00>>
2025-08-06 13:17:10.694 INFO (MainThread) [custom_components.commax.light] Light 거실 조명4 turned ON
2025-08-06 13:17:10.694 DEBUG (MainThread) [custom_components.commax.light] Updating state for light: 거실 조명4
2025-08-06 13:17:10.694 DEBUG (MainThread) [custom_components.commax.light] Getting state: path=/lights/4/state
2025-08-06 13:17:10.695 DEBUG (MainThread) [custom_components.commax.rs485_client] Sending command: {"type": "GET", "path": "/lights/4/state", "value": null, "id": "commax_18684616", "timeout": 5}
2025-08-06 13:17:10.697 DEBUG (MainThread) [custom_components.commax.rs485_client] Received response: {'id': 'commax_18684616', 'success': True, 'data': 'OFF'}
2025-08-06 13:17:10.697 DEBUG (MainThread) [custom_components.commax.light] Received state response: {'id': 'commax_18684616', 'success': True, 'data': 'OFF'}
2025-08-06 13:17:10.697 INFO (MainThread) [custom_components.commax.light] Light 거실 조명4 state updated: is_on=False, available=True
2025-08-06 13:17:10.698 DEBUG (MainThread) [homeassistant.core] Bus:Handling <Event state_changed[L]: entity_id=light.geosil_jomyeong4, old_state=<state light.geosil_jomyeong4=on; supported_color_modes=[<ColorMode.ONOFF: 'onoff'>], color_mode=onoff, friendly_name=거실 조명4, supported_features=0 @ 2025-08-06T13:17:10.693366+09:00>, new_state=<state light.geosil_jomyeong4=off; supported_color_modes=[<ColorMode.ONOFF: 'onoff'>], color_mode=None, friendly_name=거실 조명4, supported_features=0 @ 2025-08-06T13:17:10.698080+09:00>>
2025-08-06 13:17:10.698 DEBUG (MainThread) [custom_components.commax.light] State written to Home Assistant for light 거실 조명4
2025-08-06 13:17:10.698 DEBUG (MainThread) [homeassistant.core] Bus:Handling <Event state_reported[L]: entity_id=light.geosil_jomyeong4, old_last_reported=2025-08-06T13:17:10.698080+09:00, new_state=<state light.geosil_jomyeong4=off; supported_color_modes=[<ColorMode.ONOFF: 'onoff'>], color_mode=None, friendly_name=거실 조명4, supported_features=0 @ 2025-08-06T13:17:10.698080+09:00>>
2025-08-06 13:17:11.183 DEBUG (MainThread) [homeassistant.core] Bus:Handling <Event call_service[L]: domain=light, service=turn_on, service_data=entity_id=light.geosil_jomyeong4>
2025-08-06 13:17:11.183 DEBUG (MainThread) [custom_components.commax.light] Attempting to turn ON light: 거실 조명4
2025-08-06 13:17:11.183 DEBUG (MainThread) [custom_components.commax.light] Sending command: path=/lights/4/set, value=ON
2025-08-06 13:17:11.206 DEBUG (MainThread) [custom_components.commax.rs485_client] Sending command: {"type": "SET", "path": "/lights/4/set", "value": "ON", "id": "commax_18685128", "timeout": 5}
2025-08-06 13:17:11.249 DEBUG (MainThread) [custom_components.commax.rs485_client] Received response: {'id': 'commax_18685128', 'success': True, 'data': 'LIGHT_COMMAND_SENT'}
2025-08-06 13:17:11.249 DEBUG (MainThread) [custom_components.commax.light] Received successful response: {'id': 'commax_18685128', 'success': True, 'data': 'LIGHT_COMMAND_SENT'}
2025-08-06 13:17:11.249 DEBUG (MainThread) [homeassistant.core] Bus:Handling <Event state_changed[L]: entity_id=light.geosil_jomyeong4, old_state=<state light.geosil_jomyeong4=off; supported_color_modes=[<ColorMode.ONOFF: 'onoff'>], color_mode=None, friendly_name=거실 조명4, supported_features=0 @ 2025-08-06T13:17:10.698080+09:00>, new_state=<state light.geosil_jomyeong4=on; supported_color_modes=[<ColorMode.ONOFF: 'onoff'>], color_mode=onoff, friendly_name=거실 조명4, supported_features=0 @ 2025-08-06T13:17:11.249533+09:00>>
2025-08-06 13:17:11.250 INFO (MainThread) [custom_components.commax.light] Light 거실 조명4 turned ON
2025-08-06 13:17:11.250 DEBUG (MainThread) [custom_components.commax.light] Updating state for light: 거실 조명4
2025-08-06 13:17:11.250 DEBUG (MainThread) [custom_components.commax.light] Getting state: path=/lights/4/state
2025-08-06 13:17:11.250 DEBUG (MainThread) [custom_components.commax.rs485_client] Sending command: {"type": "GET", "path": "/lights/4/state", "value": null, "id": "commax_18685172", "timeout": 5}
2025-08-06 13:17:11.254 DEBUG (MainThread) [custom_components.commax.rs485_client] Received response: {'id': 'commax_18685172', 'success': True, 'data': 'OFF'}
2025-08-06 13:17:11.255 DEBUG (MainThread) [custom_components.commax.light] Received state response: {'id': 'commax_18685172', 'success': True, 'data': 'OFF'}
2025-08-06 13:17:11.255 INFO (MainThread) [custom_components.commax.light] Light 거실 조명4 state updated: is_on=False, available=True
2025-08-06 13:17:11.255 DEBUG (MainThread) [homeassistant.core] Bus:Handling <Event state_changed[L]: entity_id=light.geosil_jomyeong4, old_state=<state light.geosil_jomyeong4=on; supported_color_modes=[<ColorMode.ONOFF: 'onoff'>], color_mode=onoff, friendly_name=거실 조명4, supported_features=0 @ 2025-08-06T13:17:11.249533+09:00>, new_state=<state light.geosil_jomyeong4=off; supported_color_modes=[<ColorMode.ONOFF: 'onoff'>], color_mode=None, friendly_name=거실 조명4, supported_features=0 @ 2025-08-06T13:17:11.255204+09:00>>
2025-08-06 13:17:11.255 DEBUG (MainThread) [custom_components.commax.light] State written to Home Assistant for light 거실 조명4
2025-08-06 13:17:11.258 DEBUG (MainThread) [homeassistant.core] Bus:Handling <Event state_reported[L]: entity_id=light.geosil_jomyeong4, old_last_reported=2025-08-06T13:17:11.255204+09:00, new_state=<state light.geosil_jomyeong4=off; supported_color_modes=[<ColorMode.ONOFF: 'onoff'>], color_mode=None, friendly_name=거실 조명4, supported_features=0 @ 2025-08-06T13:17:11.255204+09:00>>
2025-08-06 13:17:11.668 DEBUG (MainThread) [homeassistant.core] Bus:Handling <Event call_service[L]: domain=light, service=turn_on, service_data=entity_id=light.geosil_jomyeong4>
2025-08-06 13:17:11.669 DEBUG (MainThread) [custom_components.commax.light] Attempting to turn ON light: 거실 조명4
2025-08-06 13:17:11.669 DEBUG (MainThread) [custom_components.commax.light] Sending command: path=/lights/4/set, value=ON
2025-08-06 13:17:11.669 DEBUG (MainThread) [custom_components.commax.rs485_client] Sending command: {"type": "SET", "path": "/lights/4/set", "value": "ON", "id": "commax_18685591", "timeout": 5}
2025-08-06 13:17:11.671 DEBUG (MainThread) [custom_components.commax.rs485_client] Received response: {'id': 'commax_18685591', 'success': True, 'data': 'LIGHT_COMMAND_SENT'}
2025-08-06 13:17:11.671 DEBUG (MainThread) [custom_components.commax.light] Received successful response: {'id': 'commax_18685591', 'success': True, 'data': 'LIGHT_COMMAND_SENT'}
2025-08-06 13:17:11.672 DEBUG (MainThread) [homeassistant.core] Bus:Handling <Event state_changed[L]: entity_id=light.geosil_jomyeong4, old_state=<state light.geosil_jomyeong4=off; supported_color_modes=[<ColorMode.ONOFF: 'onoff'>], color_mode=None, friendly_name=거실 조명4, supported_features=0 @ 2025-08-06T13:17:11.255204+09:00>, new_state=<state light.geosil_jomyeong4=on; supported_color_modes=[<ColorMode.ONOFF: 'onoff'>], color_mode=onoff, friendly_name=거실 조명4, supported_features=0 @ 2025-08-06T13:17:11.671843+09:00>>
2025-08-06 13:17:11.672 INFO (MainThread) [custom_components.commax.light] Light 거실 조명4 turned ON
2025-08-06 13:17:11.672 DEBUG (MainThread) [custom_components.commax.light] Updating state for light: 거실 조명4
2025-08-06 13:17:11.672 DEBUG (MainThread) [custom_components.commax.light] Getting state: path=/lights/4/state
2025-08-06 13:17:11.672 DEBUG (MainThread) [custom_components.commax.rs485_client] Sending command: {"type": "GET", "path": "/lights/4/state", "value": null, "id": "commax_18685594", "timeout": 5}
2025-08-06 13:17:11.677 DEBUG (MainThread) [custom_components.commax.rs485_client] Received response: {'id': 'commax_18685594', 'success': True, 'data': 'OFF'}
2025-08-06 13:17:11.678 DEBUG (MainThread) [custom_components.commax.light] Received state response: {'id': 'commax_18685594', 'success': True, 'data': 'OFF'}
2025-08-06 13:17:11.678 INFO (MainThread) [custom_components.commax.light] Light 거실 조명4 state updated: is_on=False, available=True
2025-08-06 13:17:11.678 DEBUG (MainThread) [homeassistant.core] Bus:Handling <Event state_changed[L]: entity_id=light.geosil_jomyeong4, old_state=<state light.geosil_jomyeong4=on; supported_color_modes=[<ColorMode.ONOFF: 'onoff'>], color_mode=onoff, friendly_name=거실 조명4, supported_features=0 @ 2025-08-06T13:17:11.671843+09:00>, new_state=<state light.geosil_jomyeong4=off; supported_color_modes=[<ColorMode.ONOFF: 'onoff'>], color_mode=None, friendly_name=거실 조명4, supported_features=0 @ 2025-08-06T13:17:11.678241+09:00>>
2025-08-06 13:17:11.678 DEBUG (MainThread) [custom_components.commax.light] State written to Home Assistant for light 거실 조명4
2025-08-06 13:17:11.678 DEBUG (MainThread) [homeassistant.core] Bus:Handling <Event state_reported[L]: entity_id=light.geosil_jomyeong4, old_last_reported=2025-08-06T13:17:11.678241+09:00, new_state=<state light.geosil_jomyeong4=off; supported_color_modes=[<ColorMode.ONOFF: 'onoff'>], color_mode=None, friendly_name=거실 조명4, supported_features=0 @ 2025-08-06T13:17:11.678241+09:00>>
2025-08-06 13:17:12.129 DEBUG (MainThread) [homeassistant.core] Bus:Handling <Event call_service[L]: domain=light, service=turn_on, service_data=entity_id=light.geosil_jomyeong4>
2025-08-06 13:17:12.130 DEBUG (MainThread) [custom_components.commax.light] Attempting to turn ON light: 거실 조명4
2025-08-06 13:17:12.130 DEBUG (MainThread) [custom_components.commax.light] Sending command: path=/lights/4/set, value=ON
2025-08-06 13:17:12.130 DEBUG (MainThread) [custom_components.commax.rs485_client] Sending command: {"type": "SET", "path": "/lights/4/set", "value": "ON", "id": "commax_18686052", "timeout": 5}
2025-08-06 13:17:12.135 DEBUG (MainThread) [custom_components.commax.rs485_client] Received response: {'id': 'commax_18686052', 'success': True, 'data': 'LIGHT_COMMAND_SENT'}
2025-08-06 13:17:12.136 DEBUG (MainThread) [custom_components.commax.light] Received successful response: {'id': 'commax_18686052', 'success': True, 'data': 'LIGHT_COMMAND_SENT'}
2025-08-06 13:17:12.136 DEBUG (MainThread) [homeassistant.core] Bus:Handling <Event state_changed[L]: entity_id=light.geosil_jomyeong4, old_state=<state light.geosil_jomyeong4=off; supported_color_modes=[<ColorMode.ONOFF: 'onoff'>], color_mode=None, friendly_name=거실 조명4, supported_features=0 @ 2025-08-06T13:17:11.678241+09:00>, new_state=<state light.geosil_jomyeong4=on; supported_color_modes=[<ColorMode.ONOFF: 'onoff'>], color_mode=onoff, friendly_name=거실 조명4, supported_features=0 @ 2025-08-06T13:17:12.136332+09:00>>
2025-08-06 13:17:12.136 INFO (MainThread) [custom_components.commax.light] Light 거실 조명4 turned ON
2025-08-06 13:17:12.137 DEBUG (MainThread) [custom_components.commax.light] Updating state for light: 거실 조명4
2025-08-06 13:17:12.137 DEBUG (MainThread) [custom_components.commax.light] Getting state: path=/lights/4/state
2025-08-06 13:17:12.137 DEBUG (MainThread) [custom_components.commax.rs485_client] Sending command: {"type": "GET", "path": "/lights/4/state", "value": null, "id": "commax_18686059", "timeout": 5}
2025-08-06 13:17:12.138 DEBUG (MainThread) [custom_components.commax.rs485_client] Received response: {'id': 'commax_18686059', 'success': True, 'data': 'OFF'}
2025-08-06 13:17:12.138 DEBUG (MainThread) [custom_components.commax.light] Received state response: {'id': 'commax_18686059', 'success': True, 'data': 'OFF'}
2025-08-06 13:17:12.138 INFO (MainThread) [custom_components.commax.light] Light 거실 조명4 state updated: is_on=False, available=True
2025-08-06 13:17:12.139 DEBUG (MainThread) [homeassistant.core] Bus:Handling <Event state_changed[L]: entity_id=light.geosil_jomyeong4, old_state=<state light.geosil_jomyeong4=on; supported_color_modes=[<ColorMode.ONOFF: 'onoff'>], color_mode=onoff, friendly_name=거실 조명4, supported_features=0 @ 2025-08-06T13:17:12.136332+09:00>, new_state=<state light.geosil_jomyeong4=off; supported_color_modes=[<ColorMode.ONOFF: 'onoff'>], color_mode=None, friendly_name=거실 조명4, supported_features=0 @ 2025-08-06T13:17:12.138935+09:00>>
2025-08-06 13:17:12.139 DEBUG (MainThread) [custom_components.commax.light] State written to Home Assistant for light 거실 조명4
2025-08-06 13:17:12.139 DEBUG (MainThread) [homeassistant.core] Bus:Handling <Event state_reported[L]: entity_id=light.geosil_jomyeong4, old_last_reported=2025-08-06T13:17:12.138935+09:00, new_state=<state light.geosil_jomyeong4=off; supported_color_modes=[<ColorMode.ONOFF: 'onoff'>], color_mode=None, friendly_name=거실 조명4, supported_features=0 @ 2025-08-06T13:17:12.138935+09:00>>
2025-08-06 13:17:12.247 DEBUG (MainThread) [custom_components.commax.climate] Updating state for boiler: 거실 보일러
2025-08-06 13:17:12.247 DEBUG (MainThread) [custom_components.commax.climate] Socket not connected, attempting to connect...
2025-08-06 13:17:12.247 DEBUG (MainThread) [custom_components.commax.rs485_client] Socket file info: os.stat_result(st_mode=49590, st_ino=131287, st_dev=2056, st_nlink=1, st_uid=0, st_gid=0, st_size=0, st_atime=1754452096, st_mtime=1754452096, st_ctime=1754452096)
2025-08-06 13:17:12.247 DEBUG (MainThread) [custom_components.commax.climate] Updating state for boiler: 안방 보일러
2025-08-06 13:17:12.248 DEBUG (MainThread) [custom_components.commax.climate] Socket not connected, attempting to connect...
2025-08-06 13:17:12.248 DEBUG (MainThread) [custom_components.commax.rs485_client] Socket file info: os.stat_result(st_mode=49590, st_ino=131287, st_dev=2056, st_nlink=1, st_uid=0, st_gid=0, st_size=0, st_atime=1754452096, st_mtime=1754452096, st_ctime=1754452096)
2025-08-06 13:17:12.248 DEBUG (MainThread) [custom_components.commax.climate] Updating state for boiler: 공부방 보일러
2025-08-06 13:17:12.248 DEBUG (MainThread) [custom_components.commax.climate] Socket not connected, attempting to connect...
2025-08-06 13:17:12.248 DEBUG (MainThread) [custom_components.commax.rs485_client] Socket file info: os.stat_result(st_mode=49590, st_ino=131287, st_dev=2056, st_nlink=1, st_uid=0, st_gid=0, st_size=0, st_atime=1754452096, st_mtime=1754452096, st_ctime=1754452096)
2025-08-06 13:17:12.249 DEBUG (MainThread) [custom_components.commax.climate] Updating state for boiler: 침대방 보일러
2025-08-06 13:17:12.249 DEBUG (MainThread) [custom_components.commax.climate] Socket not connected, attempting to connect...
2025-08-06 13:17:12.249 DEBUG (MainThread) [custom_components.commax.rs485_client] Socket file info: os.stat_result(st_mode=49590, st_ino=131287, st_dev=2056, st_nlink=1, st_uid=0, st_gid=0, st_size=0, st_atime=1754452096, st_mtime=1754452096, st_ctime=1754452096)
2025-08-06 13:17:12.250 DEBUG (MainThread) [custom_components.commax.binary_sensor] Updating state for doorbell sensor: 현관 도어벨
2025-08-06 13:17:12.250 DEBUG (MainThread) [custom_components.commax.binary_sensor] Getting state: path=/doorbell/state
2025-08-06 13:17:12.250 DEBUG (MainThread) [custom_components.commax.rs485_client] Sending command: {"type": "GET", "path": "/doorbell/state", "value": null, "id": "commax_18686172", "timeout": 5}
2025-08-06 13:17:12.250 INFO (MainThread) [custom_components.commax.rs485_client] Successfully connected to Unix Socket: /config/hass485.sock
2025-08-06 13:17:12.251 DEBUG (MainThread) [custom_components.commax.climate] Getting state: path=/boilers/1/state
2025-08-06 13:17:12.251 DEBUG (MainThread) [custom_components.commax.rs485_client] Sending command: {"type": "GET", "path": "/boilers/1/state", "value": null, "id": "commax_18686173", "timeout": 5}
2025-08-06 13:17:12.254 INFO (MainThread) [custom_components.commax.rs485_client] Successfully connected to Unix Socket: /config/hass485.sock
2025-08-06 13:17:12.254 DEBUG (MainThread) [custom_components.commax.climate] Getting state: path=/boilers/2/state
2025-08-06 13:17:12.254 DEBUG (MainThread) [custom_components.commax.rs485_client] Sending command: {"type": "GET", "path": "/boilers/2/state", "value": null, "id": "commax_18686176", "timeout": 5}
2025-08-06 13:17:12.254 INFO (MainThread) [custom_components.commax.rs485_client] Successfully connected to Unix Socket: /config/hass485.sock
2025-08-06 13:17:12.254 DEBUG (MainThread) [custom_components.commax.climate] Getting state: path=/boilers/3/state
2025-08-06 13:17:12.254 DEBUG (MainThread) [custom_components.commax.rs485_client] Sending command: {"type": "GET", "path": "/boilers/3/state", "value": null, "id": "commax_18686176", "timeout": 5}
2025-08-06 13:17:12.254 INFO (MainThread) [custom_components.commax.rs485_client] Successfully connected to Unix Socket: /config/hass485.sock
2025-08-06 13:17:12.256 DEBUG (MainThread) [custom_components.commax.climate] Getting state: path=/boilers/4/state
2025-08-06 13:17:12.256 DEBUG (MainThread) [custom_components.commax.rs485_client] Sending command: {"type": "GET", "path": "/boilers/4/state", "value": null, "id": "commax_18686178", "timeout": 5}
2025-08-06 13:17:12.260 DEBUG (MainThread) [custom_components.commax.rs485_client] Received response: {'id': 'commax_18686172', 'success': True, 'data': 'OFF'}
2025-08-06 13:17:12.261 DEBUG (MainThread) [custom_components.commax.binary_sensor] Received state response: {'id': 'commax_18686172', 'success': True, 'data': 'OFF'}
2025-08-06 13:17:12.261 INFO (MainThread) [custom_components.commax.binary_sensor] Doorbell sensor 현관 도어벨 state updated: is_on=False, available=True
2025-08-06 13:17:12.261 DEBUG (MainThread) [homeassistant.core] Bus:Handling <Event state_reported[L]: entity_id=binary_sensor.commax_doorbell_1, old_last_reported=2025-08-06T13:16:42.348103+09:00, new_state=<state binary_sensor.commax_doorbell_1=off; device_class=occupancy, icon=mdi:bell-ring, friendly_name=현관 도어벨 @ 2025-08-06T13:16:42.344806+09:00>>
2025-08-06 13:17:12.261 DEBUG (MainThread) [custom_components.commax.binary_sensor] State written to Home Assistant for doorbell sensor 현관 도어벨
2025-08-06 13:17:12.261 DEBUG (MainThread) [homeassistant.core] Bus:Handling <Event state_reported[L]: entity_id=binary_sensor.commax_doorbell_1, old_last_reported=2025-08-06T13:17:12.261312+09:00, new_state=<state binary_sensor.commax_doorbell_1=off; device_class=occupancy, icon=mdi:bell-ring, friendly_name=현관 도어벨 @ 2025-08-06T13:16:42.344806+09:00>>
2025-08-06 13:17:12.267 DEBUG (MainThread) [custom_components.commax.switch] Updating state for master switch: 일괄소등
2025-08-06 13:17:12.267 DEBUG (MainThread) [custom_components.commax.switch] Getting state: path=/alloff/state
2025-08-06 13:17:12.267 DEBUG (MainThread) [custom_components.commax.rs485_client] Sending command: {"type": "GET", "path": "/alloff/state", "value": null, "id": "commax_18686189", "timeout": 5}
2025-08-06 13:17:12.268 DEBUG (MainThread) [custom_components.commax.rs485_client] Received response: {'id': 'commax_18686176', 'success': True, 'data': 'off'}
2025-08-06 13:17:12.268 DEBUG (MainThread) [custom_components.commax.climate] Received state response: {'id': 'commax_18686176', 'success': True, 'data': 'off'}
2025-08-06 13:17:12.269 INFO (MainThread) [custom_components.commax.climate] Boiler 안방 보일러 state updated: hvac_mode=off, available=True
2025-08-06 13:17:12.271 DEBUG (MainThread) [homeassistant.core] Bus:Handling <Event state_changed[L]: entity_id=climate.anbang_boilreo, old_state=<state climate.anbang_boilreo=unavailable; hvac_modes=[<HVACMode.OFF: 'off'>, <HVACMode.HEAT: 'heat'>], min_temp=7, max_temp=35, target_temp_step=0.5, icon=mdi:water-boiler, friendly_name=안방 보일러, supported_features=1 @ 2025-08-06T13:16:12.243421+09:00>, new_state=<state climate.anbang_boilreo=off; hvac_modes=[<HVACMode.OFF: 'off'>, <HVACMode.HEAT: 'heat'>], min_temp=7, max_temp=35, target_temp_step=0.5, current_temperature=20.0, temperature=20.0, hvac_action=off, icon=mdi:water-boiler, friendly_name=안방 보일러, supported_features=1 @ 2025-08-06T13:17:12.270144+09:00>>
2025-08-06 13:17:12.271 DEBUG (MainThread) [custom_components.commax.climate] State written to Home Assistant for boiler 안방 보일러
2025-08-06 13:17:12.272 DEBUG (MainThread) [homeassistant.core] Bus:Handling <Event state_reported[L]: entity_id=climate.anbang_boilreo, old_last_reported=2025-08-06T13:17:12.270144+09:00, new_state=<state climate.anbang_boilreo=off; hvac_modes=[<HVACMode.OFF: 'off'>, <HVACMode.HEAT: 'heat'>], min_temp=7, max_temp=35, target_temp_step=0.5, current_temperature=20.0, temperature=20.0, hvac_action=off, icon=mdi:water-boiler, friendly_name=안방 보일러, supported_features=1 @ 2025-08-06T13:17:12.270144+09:00>>
2025-08-06 13:17:12.272 DEBUG (MainThread) [custom_components.commax.rs485_client] Received response: {'id': 'commax_18686176', 'success': True, 'data': 'off'}
2025-08-06 13:17:12.272 DEBUG (MainThread) [custom_components.commax.climate] Received state response: {'id': 'commax_18686176', 'success': True, 'data': 'off'}
2025-08-06 13:17:12.272 INFO (MainThread) [custom_components.commax.climate] Boiler 공부방 보일러 state updated: hvac_mode=off, available=True
2025-08-06 13:17:12.272 DEBUG (MainThread) [homeassistant.core] Bus:Handling <Event state_changed[L]: entity_id=climate.gongbubang_boilreo, old_state=<state climate.gongbubang_boilreo=unavailable; hvac_modes=[<HVACMode.OFF: 'off'>, <HVACMode.HEAT: 'heat'>], min_temp=7, max_temp=35, target_temp_step=0.5, icon=mdi:water-boiler, friendly_name=공부방 보일러, supported_features=1 @ 2025-08-06T13:16:12.244750+09:00>, new_state=<state climate.gongbubang_boilreo=off; hvac_modes=[<HVACMode.OFF: 'off'>, <HVACMode.HEAT: 'heat'>], min_temp=7, max_temp=35, target_temp_step=0.5, current_temperature=20.0, temperature=20.0, hvac_action=off, icon=mdi:water-boiler, friendly_name=공부방 보일러, supported_features=1 @ 2025-08-06T13:17:12.272697+09:00>>
2025-08-06 13:17:12.273 DEBUG (MainThread) [custom_components.commax.climate] State written to Home Assistant for boiler 공부방 보일러
2025-08-06 13:17:12.273 DEBUG (MainThread) [homeassistant.core] Bus:Handling <Event state_reported[L]: entity_id=climate.gongbubang_boilreo, old_last_reported=2025-08-06T13:17:12.272697+09:00, new_state=<state climate.gongbubang_boilreo=off; hvac_modes=[<HVACMode.OFF: 'off'>, <HVACMode.HEAT: 'heat'>], min_temp=7, max_temp=35, target_temp_step=0.5, current_temperature=20.0, temperature=20.0, hvac_action=off, icon=mdi:water-boiler, friendly_name=공부방 보일러, supported_features=1 @ 2025-08-06T13:17:12.272697+09:00>>
2025-08-06 13:17:12.276 DEBUG (MainThread) [custom_components.commax.rs485_client] Received response: {'id': 'commax_18686173', 'success': True, 'data': 'off'}
2025-08-06 13:17:12.276 DEBUG (MainThread) [custom_components.commax.climate] Received state response: {'id': 'commax_18686173', 'success': True, 'data': 'off'}
2025-08-06 13:17:12.276 INFO (MainThread) [custom_components.commax.climate] Boiler 거실 보일러 state updated: hvac_mode=off, available=True
2025-08-06 13:17:12.277 DEBUG (MainThread) [homeassistant.core] Bus:Handling <Event state_changed[L]: entity_id=climate.geosil_boilreo, old_state=<state climate.geosil_boilreo=unavailable; hvac_modes=[<HVACMode.OFF: 'off'>, <HVACMode.HEAT: 'heat'>], min_temp=7, max_temp=35, target_temp_step=0.5, icon=mdi:water-boiler, friendly_name=거실 보일러, supported_features=1 @ 2025-08-06T13:16:12.228747+09:00>, new_state=<state climate.geosil_boilreo=off; hvac_modes=[<HVACMode.OFF: 'off'>, <HVACMode.HEAT: 'heat'>], min_temp=7, max_temp=35, target_temp_step=0.5, current_temperature=20.0, temperature=20.0, hvac_action=off, icon=mdi:water-boiler, friendly_name=거실 보일러, supported_features=1 @ 2025-08-06T13:17:12.276961+09:00>>
2025-08-06 13:17:12.277 DEBUG (MainThread) [custom_components.commax.climate] State written to Home Assistant for boiler 거실 보일러
2025-08-06 13:17:12.277 DEBUG (MainThread) [homeassistant.core] Bus:Handling <Event state_reported[L]: entity_id=climate.geosil_boilreo, old_last_reported=2025-08-06T13:17:12.276961+09:00, new_state=<state climate.geosil_boilreo=off; hvac_modes=[<HVACMode.OFF: 'off'>, <HVACMode.HEAT: 'heat'>], min_temp=7, max_temp=35, target_temp_step=0.5, current_temperature=20.0, temperature=20.0, hvac_action=off, icon=mdi:water-boiler, friendly_name=거실 보일러, supported_features=1 @ 2025-08-06T13:17:12.276961+09:00>>
2025-08-06 13:17:12.277 DEBUG (MainThread) [custom_components.commax.rs485_client] Received response: {'id': 'commax_18686178', 'success': True, 'data': 'off'}
2025-08-06 13:17:12.278 DEBUG (MainThread) [custom_components.commax.climate] Received state response: {'id': 'commax_18686178', 'success': True, 'data': 'off'}
2025-08-06 13:17:12.278 INFO (MainThread) [custom_components.commax.climate] Boiler 침대방 보일러 state updated: hvac_mode=off, available=True
2025-08-06 13:17:12.278 DEBUG (MainThread) [homeassistant.core] Bus:Handling <Event state_changed[L]: entity_id=climate.cimdaebang_boilreo, old_state=<state climate.cimdaebang_boilreo=unavailable; hvac_modes=[<HVACMode.OFF: 'off'>, <HVACMode.HEAT: 'heat'>], min_temp=7, max_temp=35, target_temp_step=0.5, icon=mdi:water-boiler, friendly_name=침대방 보일러, supported_features=1 @ 2025-08-06T13:16:12.245403+09:00>, new_state=<state climate.cimdaebang_boilreo=off; hvac_modes=[<HVACMode.OFF: 'off'>, <HVACMode.HEAT: 'heat'>], min_temp=7, max_temp=35, target_temp_step=0.5, current_temperature=20.0, temperature=20.0, hvac_action=off, icon=mdi:water-boiler, friendly_name=침대방 보일러, supported_features=1 @ 2025-08-06T13:17:12.278808+09:00>>
2025-08-06 13:17:12.279 DEBUG (MainThread) [custom_components.commax.climate] State written to Home Assistant for boiler 침대방 보일러
2025-08-06 13:17:12.279 DEBUG (MainThread) [homeassistant.core] Bus:Handling <Event state_reported[L]: entity_id=climate.cimdaebang_boilreo, old_last_reported=2025-08-06T13:17:12.278808+09:00, new_state=<state climate.cimdaebang_boilreo=off; hvac_modes=[<HVACMode.OFF: 'off'>, <HVACMode.HEAT: 'heat'>], min_temp=7, max_temp=35, target_temp_step=0.5, current_temperature=20.0, temperature=20.0, hvac_action=off, icon=mdi:water-boiler, friendly_name=침대방 보일러, supported_features=1 @ 2025-08-06T13:17:12.278808+09:00>>
2025-08-06 13:17:12.285 DEBUG (MainThread) [custom_components.commax.rs485_client] Received response: {'id': 'commax_18686189', 'success': True, 'data': 'OFF'}
2025-08-06 13:17:12.286 DEBUG (MainThread) [custom_components.commax.switch] Received state response: {'id': 'commax_18686189', 'success': True, 'data': 'OFF'}
2025-08-06 13:17:12.286 INFO (MainThread) [custom_components.commax.switch] Master switch 일괄소등 state updated: is_on=False, available=True
2025-08-06 13:17:12.286 DEBUG (MainThread) [homeassistant.core] Bus:Handling <Event state_reported[L]: entity_id=switch.commax_master_switch_1, old_last_reported=2025-08-06T13:16:42.263563+09:00, new_state=<state switch.commax_master_switch_1=off; friendly_name=일괄소등 @ 2025-08-06T13:16:42.263077+09:00>>
2025-08-06 13:17:12.286 DEBUG (MainThread) [custom_components.commax.switch] State written to Home Assistant for master switch 일괄소등
2025-08-06 13:17:12.286 DEBUG (MainThread) [homeassistant.core] Bus:Handling <Event state_reported[L]: entity_id=switch.commax_master_switch_1, old_last_reported=2025-08-06T13:17:12.286389+09:00, new_state=<state switch.commax_master_switch_1=off; friendly_name=일괄소등 @ 2025-08-06T13:16:42.263077+09:00>>
2025-08-06 13:17:12.288 DEBUG (MainThread) [homeassistant.core] Bus:Handling <Event call_service[L]: domain=light, service=turn_on, service_data=entity_id=light.geosil_jomyeong4>
2025-08-06 13:17:12.288 DEBUG (MainThread) [custom_components.commax.light] Attempting to turn ON light: 거실 조명4
2025-08-06 13:17:12.288 DEBUG (MainThread) [custom_components.commax.light] Sending command: path=/lights/4/set, value=ON
2025-08-06 13:17:12.289 DEBUG (MainThread) [custom_components.commax.rs485_client] Sending command: {"type": "SET", "path": "/lights/4/set", "value": "ON", "id": "commax_18686211", "timeout": 5}
2025-08-06 13:17:12.296 DEBUG (MainThread) [custom_components.commax.rs485_client] Received response: {'id': 'commax_18686211', 'success': True, 'data': 'LIGHT_COMMAND_SENT'}
2025-08-06 13:17:12.296 DEBUG (MainThread) [custom_components.commax.light] Received successful response: {'id': 'commax_18686211', 'success': True, 'data': 'LIGHT_COMMAND_SENT'}
2025-08-06 13:17:12.296 DEBUG (MainThread) [homeassistant.core] Bus:Handling <Event state_changed[L]: entity_id=light.geosil_jomyeong4, old_state=<state light.geosil_jomyeong4=off; supported_color_modes=[<ColorMode.ONOFF: 'onoff'>], color_mode=None, friendly_name=거실 조명4, supported_features=0 @ 2025-08-06T13:17:12.138935+09:00>, new_state=<state light.geosil_jomyeong4=on; supported_color_modes=[<ColorMode.ONOFF: 'onoff'>], color_mode=onoff, friendly_name=거실 조명4, supported_features=0 @ 2025-08-06T13:17:12.296402+09:00>>
2025-08-06 13:17:12.296 INFO (MainThread) [custom_components.commax.light] Light 거실 조명4 turned ON
2025-08-06 13:17:12.300 DEBUG (MainThread) [custom_components.commax.light] Updating state for light: 거실 조명4
2025-08-06 13:17:12.300 DEBUG (MainThread) [custom_components.commax.light] Getting state: path=/lights/4/state
2025-08-06 13:17:12.300 DEBUG (MainThread) [custom_components.commax.rs485_client] Sending command: {"type": "GET", "path": "/lights/4/state", "value": null, "id": "commax_18686222", "timeout": 5}
2025-08-06 13:17:12.308 DEBUG (MainThread) [custom_components.commax.rs485_client] Received response: {'id': 'commax_18686222', 'success': True, 'data': 'OFF'}
2025-08-06 13:17:12.309 DEBUG (MainThread) [custom_components.commax.light] Received state response: {'id': 'commax_18686222', 'success': True, 'data': 'OFF'}
2025-08-06 13:17:12.309 INFO (MainThread) [custom_components.commax.light] Light 거실 조명4 state updated: is_on=False, available=True
2025-08-06 13:17:12.309 DEBUG (MainThread) [homeassistant.core] Bus:Handling <Event state_changed[L]: entity_id=light.geosil_jomyeong4, old_state=<state light.geosil_jomyeong4=on; supported_color_modes=[<ColorMode.ONOFF: 'onoff'>], color_mode=onoff, friendly_name=거실 조명4, supported_features=0 @ 2025-08-06T13:17:12.296402+09:00>, new_state=<state light.geosil_jomyeong4=off; supported_color_modes=[<ColorMode.ONOFF: 'onoff'>], color_mode=None, friendly_name=거실 조명4, supported_features=0 @ 2025-08-06T13:17:12.309360+09:00>>
2025-08-06 13:17:12.310 DEBUG (MainThread) [custom_components.commax.light] State written to Home Assistant for light 거실 조명4
2025-08-06 13:17:12.310 DEBUG (MainThread) [homeassistant.core] Bus:Handling <Event state_reported[L]: entity_id=light.geosil_jomyeong4, old_last_reported=2025-08-06T13:17:12.309360+09:00, new_state=<state light.geosil_jomyeong4=off; supported_color_modes=[<ColorMode.ONOFF: 'onoff'>], color_mode=None, friendly_name=거실 조명4, supported_features=0 @ 2025-08-06T13:17:12.309360+09:00>>
2025-08-06 13:17:12.437 DEBUG (MainThread) [custom_components.commax.light] Updating state for light: 거실 조명1
2025-08-06 13:17:12.437 DEBUG (MainThread) [custom_components.commax.light] Getting state: path=/lights/1/state
2025-08-06 13:17:12.437 DEBUG (MainThread) [custom_components.commax.rs485_client] Sending command: {"type": "GET", "path": "/lights/1/state", "value": null, "id": "commax_18686359", "timeout": 5}
2025-08-06 13:17:12.437 DEBUG (MainThread) [custom_components.commax.light] Updating state for light: 거실 조명2
2025-08-06 13:17:12.438 DEBUG (MainThread) [custom_components.commax.light] Getting state: path=/lights/2/state
2025-08-06 13:17:12.438 DEBUG (MainThread) [custom_components.commax.rs485_client] Sending command: {"type": "GET", "path": "/lights/2/state", "value": null, "id": "commax_18686360", "timeout": 5}
2025-08-06 13:17:12.438 DEBUG (MainThread) [custom_components.commax.light] Updating state for light: 거실 조명3
2025-08-06 13:17:12.438 DEBUG (MainThread) [custom_components.commax.light] Getting state: path=/lights/3/state
2025-08-06 13:17:12.438 DEBUG (MainThread) [custom_components.commax.rs485_client] Sending command: {"type": "GET", "path": "/lights/3/state", "value": null, "id": "commax_18686360", "timeout": 5}
2025-08-06 13:17:12.438 DEBUG (MainThread) [custom_components.commax.light] Updating state for light: 거실 조명4
2025-08-06 13:17:12.438 DEBUG (MainThread) [custom_components.commax.light] Getting state: path=/lights/4/state
2025-08-06 13:17:12.439 DEBUG (MainThread) [custom_components.commax.rs485_client] Sending command: {"type": "GET", "path": "/lights/4/state", "value": null, "id": "commax_18686360", "timeout": 5}
2025-08-06 13:17:12.439 DEBUG (MainThread) [custom_components.commax.light] Updating state for light: 복도 조명
2025-08-06 13:17:12.440 DEBUG (MainThread) [custom_components.commax.light] Getting state: path=/lights/5/state
2025-08-06 13:17:12.440 DEBUG (MainThread) [custom_components.commax.rs485_client] Sending command: {"type": "GET", "path": "/lights/5/state", "value": null, "id": "commax_18686362", "timeout": 5}
2025-08-06 13:17:12.441 DEBUG (MainThread) [homeassistant.core] Bus:Handling <Event call_service[L]: domain=light, service=turn_on, service_data=entity_id=light.geosil_jomyeong4>
2025-08-06 13:17:12.442 DEBUG (MainThread) [custom_components.commax.light] Attempting to turn ON light: 거실 조명4
2025-08-06 13:17:12.443 DEBUG (MainThread) [custom_components.commax.light] Sending command: path=/lights/4/set, value=ON
2025-08-06 13:17:12.443 DEBUG (MainThread) [custom_components.commax.rs485_client] Sending command: {"type": "SET", "path": "/lights/4/set", "value": "ON", "id": "commax_18686365", "timeout": 5}
2025-08-06 13:17:12.447 ERROR (MainThread) [custom_components.commax.rs485_client] Failed to send command: read() called while another coroutine is already waiting for incoming data
2025-08-06 13:17:12.447 ERROR (MainThread) [custom_components.commax.light] Failed to turn ON light 거실 조명4 - no response received
2025-08-06 13:17:12.448 DEBUG (MainThread) [homeassistant.core] Bus:Handling <Event state_changed[L]: entity_id=light.geosil_jomyeong4, old_state=<state light.geosil_jomyeong4=off; supported_color_modes=[<ColorMode.ONOFF: 'onoff'>], color_mode=None, friendly_name=거실 조명4, supported_features=0 @ 2025-08-06T13:17:12.309360+09:00>, new_state=<state light.geosil_jomyeong4=unavailable; supported_color_modes=[<ColorMode.ONOFF: 'onoff'>], friendly_name=거실 조명4, supported_features=0 @ 2025-08-06T13:17:12.447812+09:00>>
2025-08-06 13:17:12.448 DEBUG (MainThread) [homeassistant.core] Bus:Handling <Event state_reported[L]: entity_id=light.geosil_jomyeong4, old_last_reported=2025-08-06T13:17:12.447812+09:00, new_state=<state light.geosil_jomyeong4=unavailable; supported_color_modes=[<ColorMode.ONOFF: 'onoff'>], friendly_name=거실 조명4, supported_features=0 @ 2025-08-06T13:17:12.447812+09:00>>
2025-08-06 13:17:12.452 DEBUG (MainThread) [custom_components.commax.rs485_client] Received response: {'id': 'commax_18686360', 'success': True, 'data': 'OFF'}
2025-08-06 13:17:12.452 DEBUG (MainThread) [custom_components.commax.light] Received state response: {'id': 'commax_18686360', 'success': True, 'data': 'OFF'}
2025-08-06 13:17:12.454 INFO (MainThread) [custom_components.commax.light] Light 거실 조명3 state updated: is_on=False, available=True
2025-08-06 13:17:12.454 DEBUG (MainThread) [homeassistant.core] Bus:Handling <Event state_reported[L]: entity_id=light.geosil_jomyeong3, old_last_reported=2025-08-06T13:16:42.655505+09:00, new_state=<state light.geosil_jomyeong3=off; supported_color_modes=[<ColorMode.ONOFF: 'onoff'>], color_mode=None, friendly_name=거실 조명3, supported_features=0 @ 2025-08-06T13:16:22.735432+09:00>>
2025-08-06 13:17:12.454 DEBUG (MainThread) [custom_components.commax.light] State written to Home Assistant for light 거실 조명3
2025-08-06 13:17:12.455 DEBUG (MainThread) [homeassistant.core] Bus:Handling <Event state_reported[L]: entity_id=light.geosil_jomyeong3, old_last_reported=2025-08-06T13:17:12.454279+09:00, new_state=<state light.geosil_jomyeong3=off; supported_color_modes=[<ColorMode.ONOFF: 'onoff'>], color_mode=None, friendly_name=거실 조명3, supported_features=0 @ 2025-08-06T13:16:22.735432+09:00>>
2025-08-06 13:17:12.455 DEBUG (MainThread) [custom_components.commax.rs485_client] Received response: {'id': 'commax_18686360', 'success': True, 'data': 'OFF'}
2025-08-06 13:17:12.455 DEBUG (MainThread) [custom_components.commax.light] Received state response: {'id': 'commax_18686360', 'success': True, 'data': 'OFF'}
2025-08-06 13:17:12.455 INFO (MainThread) [custom_components.commax.light] Light 거실 조명2 state updated: is_on=False, available=True
2025-08-06 13:17:12.456 DEBUG (MainThread) [homeassistant.core] Bus:Handling <Event state_reported[L]: entity_id=light.geosil_jomyeong2, old_last_reported=2025-08-06T13:16:42.654703+09:00, new_state=<state light.geosil_jomyeong2=off; supported_color_modes=[<ColorMode.ONOFF: 'onoff'>], color_mode=None, friendly_name=거실 조명2, supported_features=0 @ 2025-08-06T13:16:12.302663+09:00>>
2025-08-06 13:17:12.456 DEBUG (MainThread) [custom_components.commax.light] State written to Home Assistant for light 거실 조명2
2025-08-06 13:17:12.456 DEBUG (MainThread) [homeassistant.core] Bus:Handling <Event state_reported[L]: entity_id=light.geosil_jomyeong2, old_last_reported=2025-08-06T13:17:12.455915+09:00, new_state=<state light.geosil_jomyeong2=off; supported_color_modes=[<ColorMode.ONOFF: 'onoff'>], color_mode=None, friendly_name=거실 조명2, supported_features=0 @ 2025-08-06T13:16:12.302663+09:00>>
2025-08-06 13:17:12.456 DEBUG (MainThread) [custom_components.commax.rs485_client] Received response: {'id': 'commax_18686359', 'success': True, 'data': 'OFF'}
2025-08-06 13:17:12.469 DEBUG (MainThread) [custom_components.commax.light] Received state response: {'id': 'commax_18686359', 'success': True, 'data': 'OFF'}
2025-08-06 13:17:12.469 INFO (MainThread) [custom_components.commax.light] Light 거실 조명1 state updated: is_on=False, available=True
2025-08-06 13:17:12.470 DEBUG (MainThread) [homeassistant.core] Bus:Handling <Event state_reported[L]: entity_id=light.geosil_jomyeong1, old_last_reported=2025-08-06T13:16:42.651418+09:00, new_state=<state light.geosil_jomyeong1=off; supported_color_modes=[<ColorMode.ONOFF: 'onoff'>], color_mode=None, friendly_name=거실 조명1, supported_features=0 @ 2025-08-06T13:16:12.269990+09:00>>
2025-08-06 13:17:12.470 DEBUG (MainThread) [custom_components.commax.light] State written to Home Assistant for light 거실 조명1
2025-08-06 13:17:12.470 DEBUG (MainThread) [homeassistant.core] Bus:Handling <Event state_reported[L]: entity_id=light.geosil_jomyeong1, old_last_reported=2025-08-06T13:17:12.469937+09:00, new_state=<state light.geosil_jomyeong1=off; supported_color_modes=[<ColorMode.ONOFF: 'onoff'>], color_mode=None, friendly_name=거실 조명1, supported_features=0 @ 2025-08-06T13:16:12.269990+09:00>>
2025-08-06 13:17:12.471 ERROR (MainThread) [custom_components.commax.rs485_client] Failed to parse JSON response: Extra data: line 1 column 53 (char 52)
2025-08-06 13:17:12.471 ERROR (MainThread) [custom_components.commax.rs485_client] Raw response: b'{"id":"commax_18686360","success":true,"data":"OFF"}{"id":"commax_18686365","success":true,"data":"LIGHT_COMMAND_SENT"}'
2025-08-06 13:17:12.471 DEBUG (MainThread) [custom_components.commax.light] No valid response received for light 거실 조명4
2025-08-06 13:17:12.471 DEBUG (MainThread) [homeassistant.core] Bus:Handling <Event state_reported[L]: entity_id=light.geosil_jomyeong4, old_last_reported=2025-08-06T13:17:12.448346+09:00, new_state=<state light.geosil_jomyeong4=unavailable; supported_color_modes=[<ColorMode.ONOFF: 'onoff'>], friendly_name=거실 조명4, supported_features=0 @ 2025-08-06T13:17:12.447812+09:00>>
2025-08-06 13:17:12.471 DEBUG (MainThread) [custom_components.commax.light] State written to Home Assistant for light 거실 조명4
2025-08-06 13:17:12.471 DEBUG (MainThread) [homeassistant.core] Bus:Handling <Event state_reported[L]: entity_id=light.geosil_jomyeong4, old_last_reported=2025-08-06T13:17:12.471371+09:00, new_state=<state light.geosil_jomyeong4=unavailable; supported_color_modes=[<ColorMode.ONOFF: 'onoff'>], friendly_name=거실 조명4, supported_features=0 @ 2025-08-06T13:17:12.447812+09:00>>
2025-08-06 13:17:12.471 DEBUG (MainThread) [custom_components.commax.rs485_client] Received response: {'id': 'commax_18686362', 'success': True, 'data': 'OFF'}
2025-08-06 13:17:12.472 DEBUG (MainThread) [custom_components.commax.light] Received state response: {'id': 'commax_18686362', 'success': True, 'data': 'OFF'}
2025-08-06 13:17:12.472 INFO (MainThread) [custom_components.commax.light] Light 복도 조명 state updated: is_on=False, available=True
2025-08-06 13:17:12.472 DEBUG (MainThread) [homeassistant.core] Bus:Handling <Event state_reported[L]: entity_id=light.bogdo_jomyeong, old_last_reported=2025-08-06T13:16:42.683550+09:00, new_state=<state light.bogdo_jomyeong=off; supported_color_modes=[<ColorMode.ONOFF: 'onoff'>], color_mode=None, friendly_name=복도 조명, supported_features=0 @ 2025-08-06T13:16:39.831584+09:00>>
2025-08-06 13:17:12.472 DEBUG (MainThread) [custom_components.commax.light] State written to Home Assistant for light 복도 조명
2025-08-06 13:17:12.472 DEBUG (MainThread) [homeassistant.core] Bus:Handling <Event state_reported[L]: entity_id=light.bogdo_jomyeong, old_last_reported=2025-08-06T13:17:12.472164+09:00, new_state=<state light.bogdo_jomyeong=off; supported_color_modes=[<ColorMode.ONOFF: 'onoff'>], color_mode=None, friendly_name=복도 조명, supported_features=0 @ 2025-08-06T13:16:39.831584+09:00>>
2025-08-06 13:17:14.094 DEBUG (MainThread) [homeassistant.core] Bus:Handling <Event state_reported[L]: entity_id=sun.sun, old_last_reported=2025-08-06T13:16:59.093481+09:00, new_state=<state sun.sun=above_horizon; next_dawn=2025-08-06T20:12:19.937481+00:00, next_dusk=2025-08-06T11:04:07.962815+00:00, next_midnight=2025-08-06T15:37:59+00:00, next_noon=2025-08-07T03:37:59+00:00, next_rising=2025-08-06T20:41:22.994271+00:00, next_setting=2025-08-06T10:35:05.744028+00:00, elevation=67.63, azimuth=203.62, rising=False, friendly_name=Sun @ 2025-08-06T13:14:44.035206+09:00>>
2025-08-06 13:17:17.363 DEBUG (MainThread) [homeassistant.core] Bus:Handling <Event call_service[L]: domain=light, service=turn_on, service_data=entity_id=light.geosil_jomyeong3>
2025-08-06 13:17:17.363 DEBUG (MainThread) [custom_components.commax.light] Attempting to turn ON light: 거실 조명3
2025-08-06 13:17:17.363 DEBUG (MainThread) [custom_components.commax.light] Sending command: path=/lights/3/set, value=ON
2025-08-06 13:17:17.363 DEBUG (MainThread) [custom_components.commax.rs485_client] Sending command: {"type": "SET", "path": "/lights/3/set", "value": "ON", "id": "commax_18691285", "timeout": 5}
2025-08-06 13:17:17.365 DEBUG (MainThread) [custom_components.commax.rs485_client] Received response: {'id': 'commax_18691285', 'success': True, 'data': 'LIGHT_COMMAND_SENT'}
2025-08-06 13:17:17.365 DEBUG (MainThread) [custom_components.commax.light] Received successful response: {'id': 'commax_18691285', 'success': True, 'data': 'LIGHT_COMMAND_SENT'}
2025-08-06 13:17:17.365 DEBUG (MainThread) [homeassistant.core] Bus:Handling <Event state_changed[L]: entity_id=light.geosil_jomyeong3, old_state=<state light.geosil_jomyeong3=off; supported_color_modes=[<ColorMode.ONOFF: 'onoff'>], color_mode=None, friendly_name=거실 조명3, supported_features=0 @ 2025-08-06T13:16:22.735432+09:00>, new_state=<state light.geosil_jomyeong3=on; supported_color_modes=[<ColorMode.ONOFF: 'onoff'>], color_mode=onoff, friendly_name=거실 조명3, supported_features=0 @ 2025-08-06T13:17:17.365568+09:00>>
2025-08-06 13:17:17.366 INFO (MainThread) [custom_components.commax.light] Light 거실 조명3 turned ON
2025-08-06 13:17:17.366 DEBUG (MainThread) [custom_components.commax.light] Updating state for light: 거실 조명3
2025-08-06 13:17:17.366 DEBUG (MainThread) [custom_components.commax.light] Getting state: path=/lights/3/state
2025-08-06 13:17:17.366 DEBUG (MainThread) [custom_components.commax.rs485_client] Sending command: {"type": "GET", "path": "/lights/3/state", "value": null, "id": "commax_18691288", "timeout": 5}
2025-08-06 13:17:17.369 DEBUG (MainThread) [custom_components.commax.rs485_client] Received response: {'id': 'commax_18691288', 'success': True, 'data': 'OFF'}
2025-08-06 13:17:17.370 DEBUG (MainThread) [custom_components.commax.light] Received state response: {'id': 'commax_18691288', 'success': True, 'data': 'OFF'}
2025-08-06 13:17:17.370 INFO (MainThread) [custom_components.commax.light] Light 거실 조명3 state updated: is_on=False, available=True
2025-08-06 13:17:17.370 DEBUG (MainThread) [homeassistant.core] Bus:Handling <Event state_changed[L]: entity_id=light.geosil_jomyeong3, old_state=<state light.geosil_jomyeong3=on; supported_color_modes=[<ColorMode.ONOFF: 'onoff'>], color_mode=onoff, friendly_name=거실 조명3, supported_features=0 @ 2025-08-06T13:17:17.365568+09:00>, new_state=<state light.geosil_jomyeong3=off; supported_color_modes=[<ColorMode.ONOFF: 'onoff'>], color_mode=None, friendly_name=거실 조명3, supported_features=0 @ 2025-08-06T13:17:17.370261+09:00>>
2025-08-06 13:17:17.370 DEBUG (MainThread) [custom_components.commax.light] State written to Home Assistant for light 거실 조명3
2025-08-06 13:17:17.372 DEBUG (MainThread) [homeassistant.core] Bus:Handling <Event state_reported[L]: entity_id=light.geosil_jomyeong3, old_last_reported=2025-08-06T13:17:17.370261+09:00, new_state=<state light.geosil_jomyeong3=off; supported_color_modes=[<ColorMode.ONOFF: 'onoff'>], color_mode=None, friendly_name=거실 조명3, supported_features=0 @ 2025-08-06T13:17:17.370261+09:00>>
2025-08-06 13:17:17.453 DEBUG (MainThread) [homeassistant.core] Bus:Handling <Event state_reported[L]: entity_id=binary_sensor.efm_networks_iptime_ax3000m_wan_status, old_last_reported=2025-08-06T13:16:47.457038+09:00, new_state=<state binary_sensor.efm_networks_iptime_ax3000m_wan_status=on; device_class=connectivity, friendly_name=EFM Networks ipTIME AX3000M WAN 상태 @ 2025-08-06T13:14:48.031083+09:00>>
2025-08-06 13:17:17.453 DEBUG (MainThread) [homeassistant.core] Bus:Handling <Event state_reported[L]: entity_id=sensor.efm_networks_iptime_ax3000m_external_ip, old_last_reported=2025-08-06T13:16:47.457485+09:00, new_state=<state sensor.efm_networks_iptime_ax3000m_external_ip=49.142.72.18; friendly_name=EFM Networks ipTIME AX3000M 외부 IP @ 2025-08-06T13:14:48.035416+09:00>>
2025-08-06 13:17:17.453 DEBUG (MainThread) [homeassistant.core] Bus:Handling <Event state_changed[L]: entity_id=sensor.efm_networks_iptime_ax3000m_download_speed, old_state=<state sensor.efm_networks_iptime_ax3000m_download_speed=7.47523654026069; state_class=measurement, unit_of_measurement=KiB/s, device_class=data_rate, friendly_name=EFM Networks ipTIME AX3000M 다운로드 속도 @ 2025-08-06T13:16:47.457691+09:00>, new_state=<state sensor.efm_networks_iptime_ax3000m_download_speed=3.47024170098841; state_class=measurement, unit_of_measurement=KiB/s, device_class=data_rate, friendly_name=EFM Networks ipTIME AX3000M 다운로드 속도 @ 2025-08-06T13:17:17.453515+09:00>>
2025-08-06 13:17:17.454 DEBUG (MainThread) [homeassistant.core] Bus:Handling <Event state_changed[L]: entity_id=sensor.efm_networks_iptime_ax3000m_upload_speed, old_state=<state sensor.efm_networks_iptime_ax3000m_upload_speed=4.18841035450865; state_class=measurement, unit_of_measurement=KiB/s, device_class=data_rate, friendly_name=EFM Networks ipTIME AX3000M 업로드 속도 @ 2025-08-06T13:16:47.458062+09:00>, new_state=<state sensor.efm_networks_iptime_ax3000m_upload_speed=1.26237069240668; state_class=measurement, unit_of_measurement=KiB/s, device_class=data_rate, friendly_name=EFM Networks ipTIME AX3000M 업로드 속도 @ 2025-08-06T13:17:17.453895+09:00>>
2025-08-06 13:17:17.547 DEBUG (MainThread) [homeassistant.core] Bus:Handling <Event state_reported[L]: entity_id=fan.zhimi_airpurifier_m1, old_last_reported=2025-08-06T13:17:02.575173+09:00, new_state=<state fan.zhimi_airpurifier_m1=off; preset_modes=['Auto', 'Silent', 'Favorite', 'Idle'], preset_mode=None, extra_features=0, turbo_mode_supported=False, button_pressed=None, sleep_time=None, sleep_mode_learn_count=None, use_time=148003558, sleep_mode=None, friendly_name=공기청정기, supported_features=56 @ 2025-08-06T13:14:47.916394+09:00>>
2025-08-06 13:17:17.549 DEBUG (MainThread) [homeassistant.core] Bus:Handling <Event state_reported[L]: entity_id=number.zhimi_airpurifier_m1_favorite_level, old_last_reported=2025-08-06T13:17:02.575634+09:00, new_state=<state number.zhimi_airpurifier_m1_favorite_level=10; min=0, max=17, step=1, mode=auto, icon=mdi:star-cog, friendly_name=공기청정기 Favorite level @ 2025-08-06T13:14:47.938869+09:00>>
2025-08-06 13:17:17.549 DEBUG (MainThread) [homeassistant.core] Bus:Handling <Event state_reported[L]: entity_id=select.zhimi_airpurifier_m1_led_brightness, old_last_reported=2025-08-06T13:17:02.575889+09:00, new_state=<state select.zhimi_airpurifier_m1_led_brightness=bright; options=['bright', 'dim', 'off'], icon=mdi:brightness-6, friendly_name=공기청정기 Led Brightness @ 2025-08-06T13:14:47.962032+09:00>>
2025-08-06 13:17:17.549 DEBUG (MainThread) [homeassistant.core] Bus:Handling <Event state_reported[L]: entity_id=sensor.zhimi_airpurifier_m1_temperature, old_last_reported=2025-08-06T13:17:02.576138+09:00, new_state=<state sensor.zhimi_airpurifier_m1_temperature=26.1; state_class=measurement, unit_of_measurement=°C, device_class=temperature, friendly_name=온도 @ 2025-08-06T13:16:32.551458+09:00>>
2025-08-06 13:17:17.550 DEBUG (MainThread) [homeassistant.core] Bus:Handling <Event state_reported[L]: entity_id=sensor.zhimi_airpurifier_m1_humidity, old_last_reported=2025-08-06T13:17:02.576334+09:00, new_state=<state sensor.zhimi_airpurifier_m1_humidity=57; state_class=measurement, unit_of_measurement=%, device_class=humidity, friendly_name=공기청정기 습도 @ 2025-08-06T13:15:17.561826+09:00>>
2025-08-06 13:17:17.550 DEBUG (MainThread) [homeassistant.core] Bus:Handling <Event state_reported[L]: entity_id=sensor.zhimi_airpurifier_m1_motor_speed, old_last_reported=2025-08-06T13:17:02.576519+09:00, new_state=<state sensor.zhimi_airpurifier_m1_motor_speed=0; state_class=measurement, unit_of_measurement=rpm, icon=mdi:fast-forward, friendly_name=공기청정기 Motor speed @ 2025-08-06T13:14:47.987427+09:00>>
2025-08-06 13:17:17.550 DEBUG (MainThread) [homeassistant.core] Bus:Handling <Event state_reported[L]: entity_id=sensor.zhimi_airpurifier_m1_pm2_5, old_last_reported=2025-08-06T13:17:02.576712+09:00, new_state=<state sensor.zhimi_airpurifier_m1_pm2_5=32; state_class=measurement, unit_of_measurement=µg/m³, device_class=pm25, friendly_name=공기청정기 PM2.5 @ 2025-08-06T13:17:02.576712+09:00>>
2025-08-06 13:17:17.550 DEBUG (MainThread) [homeassistant.core] Bus:Handling <Event state_reported[L]: entity_id=sensor.zhimi_airpurifier_m1_filter_life_remaining, old_last_reported=2025-08-06T13:17:02.577106+09:00, new_state=<state sensor.zhimi_airpurifier_m1_filter_life_remaining=0; state_class=measurement, unit_of_measurement=%, icon=mdi:air-filter, friendly_name=공기청정기 Filter life remaining @ 2025-08-06T13:14:47.988484+09:00>>
2025-08-06 13:17:17.551 DEBUG (MainThread) [homeassistant.core] Bus:Handling <Event state_reported[L]: entity_id=sensor.zhimi_airpurifier_m1_filter_use, old_last_reported=2025-08-06T13:17:02.577297+09:00, new_state=<state sensor.zhimi_airpurifier_m1_filter_use=3500; state_class=measurement, unit_of_measurement=h, device_class=duration, icon=mdi:clock-outline, friendly_name=공기청정기 Filter use @ 2025-08-06T13:14:47.989019+09:00>>
2025-08-06 13:17:17.552 DEBUG (MainThread) [homeassistant.core] Bus:Handling <Event state_reported[L]: entity_id=switch.zhimi_airpurifier_m1_buzzer, old_last_reported=2025-08-06T13:17:02.577483+09:00, new_state=<state switch.zhimi_airpurifier_m1_buzzer=off; icon=mdi:volume-high, friendly_name=공기청정기 Buzzer @ 2025-08-06T13:14:48.008732+09:00>>
2025-08-06 13:17:17.552 DEBUG (MainThread) [homeassistant.core] Bus:Handling <Event state_reported[L]: entity_id=switch.zhimi_airpurifier_m1_child_lock, old_last_reported=2025-08-06T13:17:02.577641+09:00, new_state=<state switch.zhimi_airpurifier_m1_child_lock=off; icon=mdi:lock, friendly_name=공기청정기 차일드 락 @ 2025-08-06T13:14:48.010084+09:00>>
2025-08-06 13:17:17.553 DEBUG (MainThread) [homeassistant.core] Bus:Handling <Event state_reported[L]: entity_id=switch.zhimi_airpurifier_m1_led, old_last_reported=2025-08-06T13:17:02.618627+09:00, new_state=<state switch.zhimi_airpurifier_m1_led=off; icon=mdi:led-outline, friendly_name=공기청정기 LED @ 2025-08-06T13:14:48.011089+09:00>>
2025-08-06 13:17:17.553 DEBUG (MainThread) [homeassistant.core] Bus:Handling <Event state_reported[L]: entity_id=switch.zhimi_airpurifier_m1_learn_mode, old_last_reported=2025-08-06T13:17:02.618983+09:00, new_state=<state switch.zhimi_airpurifier_m1_learn_mode=off; icon=mdi:school-outline, friendly_name=공기청정기 Learn mode @ 2025-08-06T13:14:48.015987+09:00>>
2025-08-06 13:17:17.869 DEBUG (MainThread) [homeassistant.core] Bus:Handling <Event call_service[L]: domain=light, service=turn_on, service_data=entity_id=light.geosil_jomyeong3>
2025-08-06 13:17:17.869 DEBUG (MainThread) [custom_components.commax.light] Attempting to turn ON light: 거실 조명3
2025-08-06 13:17:17.869 DEBUG (MainThread) [custom_components.commax.light] Sending command: path=/lights/3/set, value=ON
2025-08-06 13:17:17.870 DEBUG (MainThread) [custom_components.commax.rs485_client] Sending command: {"type": "SET", "path": "/lights/3/set", "value": "ON", "id": "commax_18691792", "timeout": 5}
2025-08-06 13:17:17.877 DEBUG (MainThread) [custom_components.commax.rs485_client] Received response: {'id': 'commax_18691792', 'success': True, 'data': 'LIGHT_COMMAND_SENT'}
2025-08-06 13:17:17.877 DEBUG (MainThread) [custom_components.commax.light] Received successful response: {'id': 'commax_18691792', 'success': True, 'data': 'LIGHT_COMMAND_SENT'}
2025-08-06 13:17:17.878 DEBUG (MainThread) [homeassistant.core] Bus:Handling <Event state_changed[L]: entity_id=light.geosil_jomyeong3, old_state=<state light.geosil_jomyeong3=off; supported_color_modes=[<ColorMode.ONOFF: 'onoff'>], color_mode=None, friendly_name=거실 조명3, supported_features=0 @ 2025-08-06T13:17:17.370261+09:00>, new_state=<state light.geosil_jomyeong3=on; supported_color_modes=[<ColorMode.ONOFF: 'onoff'>], color_mode=onoff, friendly_name=거실 조명3, supported_features=0 @ 2025-08-06T13:17:17.878062+09:00>>
2025-08-06 13:17:17.878 INFO (MainThread) [custom_components.commax.light] Light 거실 조명3 turned ON
2025-08-06 13:17:17.878 DEBUG (MainThread) [custom_components.commax.light] Updating state for light: 거실 조명3
2025-08-06 13:17:17.878 DEBUG (MainThread) [custom_components.commax.light] Getting state: path=/lights/3/state
2025-08-06 13:17:17.878 DEBUG (MainThread) [custom_components.commax.rs485_client] Sending command: {"type": "GET", "path": "/lights/3/state", "value": null, "id": "commax_18691801", "timeout": 5}
2025-08-06 13:17:17.884 DEBUG (MainThread) [custom_components.commax.rs485_client] Received response: {'id': 'commax_18691801', 'success': True, 'data': 'OFF'}
2025-08-06 13:17:17.884 DEBUG (MainThread) [custom_components.commax.light] Received state response: {'id': 'commax_18691801', 'success': True, 'data': 'OFF'}
2025-08-06 13:17:17.884 INFO (MainThread) [custom_components.commax.light] Light 거실 조명3 state updated: is_on=False, available=True
2025-08-06 13:17:17.884 DEBUG (MainThread) [homeassistant.core] Bus:Handling <Event state_changed[L]: entity_id=light.geosil_jomyeong3, old_state=<state light.geosil_jomyeong3=on; supported_color_modes=[<ColorMode.ONOFF: 'onoff'>], color_mode=onoff, friendly_name=거실 조명3, supported_features=0 @ 2025-08-06T13:17:17.878062+09:00>, new_state=<state light.geosil_jomyeong3=off; supported_color_modes=[<ColorMode.ONOFF: 'onoff'>], color_mode=None, friendly_name=거실 조명3, supported_features=0 @ 2025-08-06T13:17:17.884407+09:00>>
2025-08-06 13:17:17.884 DEBUG (MainThread) [custom_components.commax.light] State written to Home Assistant for light 거실 조명3
2025-08-06 13:17:17.885 DEBUG (MainThread) [homeassistant.core] Bus:Handling <Event state_reported[L]: entity_id=light.geosil_jomyeong3, old_last_reported=2025-08-06T13:17:17.884407+09:00, new_state=<state light.geosil_jomyeong3=off; supported_color_modes=[<ColorMode.ONOFF: 'onoff'>], color_mode=None, friendly_name=거실 조명3, supported_features=0 @ 2025-08-06T13:17:17.884407+09:00>>
2025-08-06 13:17:18.129 DEBUG (MainThread) [homeassistant.core] Bus:Handling <Event call_service[L]: domain=light, service=turn_on, service_data=entity_id=light.geosil_jomyeong3>
2025-08-06 13:17:18.136 DEBUG (MainThread) [custom_components.commax.light] Attempting to turn ON light: 거실 조명3
2025-08-06 13:17:18.136 DEBUG (MainThread) [custom_components.commax.light] Sending command: path=/lights/3/set, value=ON
2025-08-06 13:17:18.136 DEBUG (MainThread) [custom_components.commax.rs485_client] Sending command: {"type": "SET", "path": "/lights/3/set", "value": "ON", "id": "commax_18692058", "timeout": 5}
2025-08-06 13:17:18.145 DEBUG (MainThread) [custom_components.commax.rs485_client] Received response: {'id': 'commax_18692058', 'success': True, 'data': 'LIGHT_COMMAND_SENT'}
2025-08-06 13:17:18.145 DEBUG (MainThread) [custom_components.commax.light] Received successful response: {'id': 'commax_18692058', 'success': True, 'data': 'LIGHT_COMMAND_SENT'}
2025-08-06 13:17:18.146 DEBUG (MainThread) [homeassistant.core] Bus:Handling <Event state_changed[L]: entity_id=light.geosil_jomyeong3, old_state=<state light.geosil_jomyeong3=off; supported_color_modes=[<ColorMode.ONOFF: 'onoff'>], color_mode=None, friendly_name=거실 조명3, supported_features=0 @ 2025-08-06T13:17:17.884407+09:00>, new_state=<state light.geosil_jomyeong3=on; supported_color_modes=[<ColorMode.ONOFF: 'onoff'>], color_mode=onoff, friendly_name=거실 조명3, supported_features=0 @ 2025-08-06T13:17:18.146024+09:00>>
2025-08-06 13:17:18.151 INFO (MainThread) [custom_components.commax.light] Light 거실 조명3 turned ON
2025-08-06 13:17:18.158 DEBUG (MainThread) [custom_components.commax.light] Updating state for light: 거실 조명3
2025-08-06 13:17:18.161 DEBUG (MainThread) [custom_components.commax.light] Getting state: path=/lights/3/state
2025-08-06 13:17:18.161 DEBUG (MainThread) [custom_components.commax.rs485_client] Sending command: {"type": "GET", "path": "/lights/3/state", "value": null, "id": "commax_18692083", "timeout": 5}
2025-08-06 13:17:18.183 DEBUG (MainThread) [custom_components.commax.rs485_client] Received response: {'id': 'commax_18692083', 'success': True, 'data': 'OFF'}
2025-08-06 13:17:18.183 DEBUG (MainThread) [custom_components.commax.light] Received state response: {'id': 'commax_18692083', 'success': True, 'data': 'OFF'}
2025-08-06 13:17:18.184 INFO (MainThread) [custom_components.commax.light] Light 거실 조명3 state updated: is_on=False, available=True
2025-08-06 13:17:18.185 DEBUG (MainThread) [homeassistant.core] Bus:Handling <Event state_changed[L]: entity_id=light.geosil_jomyeong3, old_state=<state light.geosil_jomyeong3=on; supported_color_modes=[<ColorMode.ONOFF: 'onoff'>], color_mode=onoff, friendly_name=거실 조명3, supported_features=0 @ 2025-08-06T13:17:18.146024+09:00>, new_state=<state light.geosil_jomyeong3=off; supported_color_modes=[<ColorMode.ONOFF: 'onoff'>], color_mode=None, friendly_name=거실 조명3, supported_features=0 @ 2025-08-06T13:17:18.184326+09:00>>
2025-08-06 13:17:18.185 DEBUG (MainThread) [custom_components.commax.light] State written to Home Assistant for light 거실 조명3
2025-08-06 13:17:18.192 DEBUG (MainThread) [homeassistant.core] Bus:Handling <Event state_reported[L]: entity_id=light.geosil_jomyeong3, old_last_reported=2025-08-06T13:17:18.184326+09:00, new_state=<state light.geosil_jomyeong3=off; supported_color_modes=[<ColorMode.ONOFF: 'onoff'>], color_mode=None, friendly_name=거실 조명3, supported_features=0 @ 2025-08-06T13:17:18.184326+09:00>>
2025-08-06 13:17:19.090 DEBUG (MainThread) [homeassistant.core] Bus:Handling <Event call_service[L]: domain=light, service=turn_on, service_data=entity_id=light.geosil_jomyeong3>
2025-08-06 13:17:19.091 DEBUG (MainThread) [custom_components.commax.light] Attempting to turn ON light: 거실 조명3
2025-08-06 13:17:19.091 DEBUG (MainThread) [custom_components.commax.light] Sending command: path=/lights/3/set, value=ON
2025-08-06 13:17:19.091 DEBUG (MainThread) [custom_components.commax.rs485_client] Sending command: {"type": "SET", "path": "/lights/3/set", "value": "ON", "id": "commax_18693013", "timeout": 5}
2025-08-06 13:17:19.098 DEBUG (MainThread) [custom_components.commax.rs485_client] Received response: {'id': 'commax_18693013', 'success': True, 'data': 'LIGHT_COMMAND_SENT'}
2025-08-06 13:17:19.098 DEBUG (MainThread) [custom_components.commax.light] Received successful response: {'id': 'commax_18693013', 'success': True, 'data': 'LIGHT_COMMAND_SENT'}
2025-08-06 13:17:19.100 DEBUG (MainThread) [homeassistant.core] Bus:Handling <Event state_changed[L]: entity_id=light.geosil_jomyeong3, old_state=<state light.geosil_jomyeong3=off; supported_color_modes=[<ColorMode.ONOFF: 'onoff'>], color_mode=None, friendly_name=거실 조명3, supported_features=0 @ 2025-08-06T13:17:18.184326+09:00>, new_state=<state light.geosil_jomyeong3=on; supported_color_modes=[<ColorMode.ONOFF: 'onoff'>], color_mode=onoff, friendly_name=거실 조명3, supported_features=0 @ 2025-08-06T13:17:19.100024+09:00>>
2025-08-06 13:17:19.100 INFO (MainThread) [custom_components.commax.light] Light 거실 조명3 turned ON
2025-08-06 13:17:19.102 DEBUG (MainThread) [custom_components.commax.light] Updating state for light: 거실 조명3
2025-08-06 13:17:19.102 DEBUG (MainThread) [custom_components.commax.light] Getting state: path=/lights/3/state
2025-08-06 13:17:19.103 DEBUG (MainThread) [custom_components.commax.rs485_client] Sending command: {"type": "GET", "path": "/lights/3/state", "value": null, "id": "commax_18693025", "timeout": 5}
2025-08-06 13:17:19.109 DEBUG (MainThread) [custom_components.commax.rs485_client] Received response: {'id': 'commax_18693025', 'success': True, 'data': 'OFF'}
2025-08-06 13:17:19.109 DEBUG (MainThread) [custom_components.commax.light] Received state response: {'id': 'commax_18693025', 'success': True, 'data': 'OFF'}
2025-08-06 13:17:19.109 INFO (MainThread) [custom_components.commax.light] Light 거실 조명3 state updated: is_on=False, available=True
2025-08-06 13:17:19.110 DEBUG (MainThread) [homeassistant.core] Bus:Handling <Event state_changed[L]: entity_id=light.geosil_jomyeong3, old_state=<state light.geosil_jomyeong3=on; supported_color_modes=[<ColorMode.ONOFF: 'onoff'>], color_mode=onoff, friendly_name=거실 조명3, supported_features=0 @ 2025-08-06T13:17:19.100024+09:00>, new_state=<state light.geosil_jomyeong3=off; supported_color_modes=[<ColorMode.ONOFF: 'onoff'>], color_mode=None, friendly_name=거실 조명3, supported_features=0 @ 2025-08-06T13:17:19.109611+09:00>>
2025-08-06 13:17:19.111 DEBUG (MainThread) [custom_components.commax.light] State written to Home Assistant for light 거실 조명3
2025-08-06 13:17:19.111 DEBUG (MainThread) [homeassistant.core] Bus:Handling <Event state_reported[L]: entity_id=light.geosil_jomyeong3, old_last_reported=2025-08-06T13:17:19.109611+09:00, new_state=<state light.geosil_jomyeong3=off; supported_color_modes=[<ColorMode.ONOFF: 'onoff'>], color_mode=None, friendly_name=거실 조명3, supported_features=0 @ 2025-08-06T13:17:19.109611+09:00>>
2025-08-06 13:17:19.393 DEBUG (MainThread) [homeassistant.core] Bus:Handling <Event call_service[L]: domain=light, service=turn_on, service_data=entity_id=light.geosil_jomyeong3>
2025-08-06 13:17:19.393 DEBUG (MainThread) [custom_components.commax.light] Attempting to turn ON light: 거실 조명3
2025-08-06 13:17:19.393 DEBUG (MainThread) [custom_components.commax.light] Sending command: path=/lights/3/set, value=ON
2025-08-06 13:17:19.393 DEBUG (MainThread) [custom_components.commax.rs485_client] Sending command: {"type": "SET", "path": "/lights/3/set", "value": "ON", "id": "commax_18693315", "timeout": 5}
2025-08-06 13:17:19.396 DEBUG (MainThread) [custom_components.commax.rs485_client] Received response: {'id': 'commax_18693315', 'success': True, 'data': 'LIGHT_COMMAND_SENT'}
2025-08-06 13:17:19.397 DEBUG (MainThread) [custom_components.commax.light] Received successful response: {'id': 'commax_18693315', 'success': True, 'data': 'LIGHT_COMMAND_SENT'}
2025-08-06 13:17:19.398 DEBUG (MainThread) [homeassistant.core] Bus:Handling <Event state_changed[L]: entity_id=light.geosil_jomyeong3, old_state=<state light.geosil_jomyeong3=off; supported_color_modes=[<ColorMode.ONOFF: 'onoff'>], color_mode=None, friendly_name=거실 조명3, supported_features=0 @ 2025-08-06T13:17:19.109611+09:00>, new_state=<state light.geosil_jomyeong3=on; supported_color_modes=[<ColorMode.ONOFF: 'onoff'>], color_mode=onoff, friendly_name=거실 조명3, supported_features=0 @ 2025-08-06T13:17:19.397593+09:00>>
2025-08-06 13:17:19.398 INFO (MainThread) [custom_components.commax.light] Light 거실 조명3 turned ON
2025-08-06 13:17:19.400 DEBUG (MainThread) [custom_components.commax.light] Updating state for light: 거실 조명3
2025-08-06 13:17:19.400 DEBUG (MainThread) [custom_components.commax.light] Getting state: path=/lights/3/state
2025-08-06 13:17:19.400 DEBUG (MainThread) [custom_components.commax.rs485_client] Sending command: {"type": "GET", "path": "/lights/3/state", "value": null, "id": "commax_18693322", "timeout": 5}
2025-08-06 13:17:19.405 DEBUG (MainThread) [custom_components.commax.rs485_client] Received response: {'id': 'commax_18693322', 'success': True, 'data': 'OFF'}
2025-08-06 13:17:19.405 DEBUG (MainThread) [custom_components.commax.light] Received state response: {'id': 'commax_18693322', 'success': True, 'data': 'OFF'}
2025-08-06 13:17:19.405 INFO (MainThread) [custom_components.commax.light] Light 거실 조명3 state updated: is_on=False, available=True
2025-08-06 13:17:19.406 DEBUG (MainThread) [homeassistant.core] Bus:Handling <Event state_changed[L]: entity_id=light.geosil_jomyeong3, old_state=<state light.geosil_jomyeong3=on; supported_color_modes=[<ColorMode.ONOFF: 'onoff'>], color_mode=onoff, friendly_name=거실 조명3, supported_features=0 @ 2025-08-06T13:17:19.397593+09:00>, new_state=<state light.geosil_jomyeong3=off; supported_color_modes=[<ColorMode.ONOFF: 'onoff'>], color_mode=None, friendly_name=거실 조명3, supported_features=0 @ 2025-08-06T13:17:19.406061+09:00>>
2025-08-06 13:17:19.406 DEBUG (MainThread) [custom_components.commax.light] State written to Home Assistant for light 거실 조명3
2025-08-06 13:17:19.406 DEBUG (MainThread) [homeassistant.core] Bus:Handling <Event state_reported[L]: entity_id=light.geosil_jomyeong3, old_last_reported=2025-08-06T13:17:19.406061+09:00, new_state=<state light.geosil_jomyeong3=off; supported_color_modes=[<ColorMode.ONOFF: 'onoff'>], color_mode=None, friendly_name=거실 조명3, supported_features=0 @ 2025-08-06T13:17:19.406061+09:00>>
2025-08-06 13:17:19.754 DEBUG (MainThread) [homeassistant.core] Bus:Handling <Event call_service[L]: domain=light, service=turn_on, service_data=entity_id=light.geosil_jomyeong3>
2025-08-06 13:17:19.754 DEBUG (MainThread) [custom_components.commax.light] Attempting to turn ON light: 거실 조명3
2025-08-06 13:17:19.754 DEBUG (MainThread) [custom_components.commax.light] Sending command: path=/lights/3/set, value=ON
2025-08-06 13:17:19.754 DEBUG (MainThread) [custom_components.commax.rs485_client] Sending command: {"type": "SET", "path": "/lights/3/set", "value": "ON", "id": "commax_18693676", "timeout": 5}
2025-08-06 13:17:19.755 DEBUG (MainThread) [custom_components.commax.rs485_client] Received response: {'id': 'commax_18693676', 'success': True, 'data': 'LIGHT_COMMAND_SENT'}
2025-08-06 13:17:19.755 DEBUG (MainThread) [custom_components.commax.light] Received successful response: {'id': 'commax_18693676', 'success': True, 'data': 'LIGHT_COMMAND_SENT'}
2025-08-06 13:17:19.755 DEBUG (MainThread) [homeassistant.core] Bus:Handling <Event state_changed[L]: entity_id=light.geosil_jomyeong3, old_state=<state light.geosil_jomyeong3=off; supported_color_modes=[<ColorMode.ONOFF: 'onoff'>], color_mode=None, friendly_name=거실 조명3, supported_features=0 @ 2025-08-06T13:17:19.406061+09:00>, new_state=<state light.geosil_jomyeong3=on; supported_color_modes=[<ColorMode.ONOFF: 'onoff'>], color_mode=onoff, friendly_name=거실 조명3, supported_features=0 @ 2025-08-06T13:17:19.755489+09:00>>
2025-08-06 13:17:19.755 INFO (MainThread) [custom_components.commax.light] Light 거실 조명3 turned ON
2025-08-06 13:17:19.756 DEBUG (MainThread) [custom_components.commax.light] Updating state for light: 거실 조명3
2025-08-06 13:17:19.756 DEBUG (MainThread) [custom_components.commax.light] Getting state: path=/lights/3/state
2025-08-06 13:17:19.756 DEBUG (MainThread) [custom_components.commax.rs485_client] Sending command: {"type": "GET", "path": "/lights/3/state", "value": null, "id": "commax_18693678", "timeout": 5}
2025-08-06 13:17:19.758 DEBUG (MainThread) [custom_components.commax.rs485_client] Received response: {'id': 'commax_18693678', 'success': True, 'data': 'OFF'}
2025-08-06 13:17:19.758 DEBUG (MainThread) [custom_components.commax.light] Received state response: {'id': 'commax_18693678', 'success': True, 'data': 'OFF'}
2025-08-06 13:17:19.758 INFO (MainThread) [custom_components.commax.light] Light 거실 조명3 state updated: is_on=False, available=True
2025-08-06 13:17:19.759 DEBUG (MainThread) [homeassistant.core] Bus:Handling <Event state_changed[L]: entity_id=light.geosil_jomyeong3, old_state=<state light.geosil_jomyeong3=on; supported_color_modes=[<ColorMode.ONOFF: 'onoff'>], color_mode=onoff, friendly_name=거실 조명3, supported_features=0 @ 2025-08-06T13:17:19.755489+09:00>, new_state=<state light.geosil_jomyeong3=off; supported_color_modes=[<ColorMode.ONOFF: 'onoff'>], color_mode=None, friendly_name=거실 조명3, supported_features=0 @ 2025-08-06T13:17:19.759069+09:00>>
2025-08-06 13:17:19.759 DEBUG (MainThread) [custom_components.commax.light] State written to Home Assistant for light 거실 조명3
2025-08-06 13:17:19.759 DEBUG (MainThread) [homeassistant.core] Bus:Handling <Event state_reported[L]: entity_id=light.geosil_jomyeong3, old_last_reported=2025-08-06T13:17:19.759069+09:00, new_state=<state light.geosil_jomyeong3=off; supported_color_modes=[<ColorMode.ONOFF: 'onoff'>], color_mode=None, friendly_name=거실 조명3, supported_features=0 @ 2025-08-06T13:17:19.759069+09:00>>
2025-08-06 13:17:20.014 DEBUG (MainThread) [homeassistant.core] Bus:Handling <Event call_service[L]: domain=light, service=turn_on, service_data=entity_id=light.geosil_jomyeong3>
2025-08-06 13:17:20.014 DEBUG (MainThread) [custom_components.commax.light] Attempting to turn ON light: 거실 조명3
2025-08-06 13:17:20.014 DEBUG (MainThread) [custom_components.commax.light] Sending command: path=/lights/3/set, value=ON
2025-08-06 13:17:20.018 DEBUG (MainThread) [custom_components.commax.rs485_client] Sending command: {"type": "SET", "path": "/lights/3/set", "value": "ON", "id": "commax_18693936", "timeout": 5}
2025-08-06 13:17:20.023 DEBUG (MainThread) [custom_components.commax.rs485_client] Received response: {'id': 'commax_18693936', 'success': True, 'data': 'LIGHT_COMMAND_SENT'}
2025-08-06 13:17:20.023 DEBUG (MainThread) [custom_components.commax.light] Received successful response: {'id': 'commax_18693936', 'success': True, 'data': 'LIGHT_COMMAND_SENT'}
2025-08-06 13:17:20.023 DEBUG (MainThread) [homeassistant.core] Bus:Handling <Event state_changed[L]: entity_id=light.geosil_jomyeong3, old_state=<state light.geosil_jomyeong3=off; supported_color_modes=[<ColorMode.ONOFF: 'onoff'>], color_mode=None, friendly_name=거실 조명3, supported_features=0 @ 2025-08-06T13:17:19.759069+09:00>, new_state=<state light.geosil_jomyeong3=on; supported_color_modes=[<ColorMode.ONOFF: 'onoff'>], color_mode=onoff, friendly_name=거실 조명3, supported_features=0 @ 2025-08-06T13:17:20.023555+09:00>>
2025-08-06 13:17:20.024 INFO (MainThread) [custom_components.commax.light] Light 거실 조명3 turned ON
2025-08-06 13:17:20.024 DEBUG (MainThread) [custom_components.commax.light] Updating state for light: 거실 조명3
2025-08-06 13:17:20.024 DEBUG (MainThread) [custom_components.commax.light] Getting state: path=/lights/3/state
2025-08-06 13:17:20.024 DEBUG (MainThread) [custom_components.commax.rs485_client] Sending command: {"type": "GET", "path": "/lights/3/state", "value": null, "id": "commax_18693946", "timeout": 5}
2025-08-06 13:17:20.035 DEBUG (MainThread) [custom_components.commax.rs485_client] Received response: {'id': 'commax_18693946', 'success': True, 'data': 'OFF'}
2025-08-06 13:17:20.035 DEBUG (MainThread) [custom_components.commax.light] Received state response: {'id': 'commax_18693946', 'success': True, 'data': 'OFF'}
2025-08-06 13:17:20.035 INFO (MainThread) [custom_components.commax.light] Light 거실 조명3 state updated: is_on=False, available=True
2025-08-06 13:17:20.036 DEBUG (MainThread) [homeassistant.core] Bus:Handling <Event state_changed[L]: entity_id=light.geosil_jomyeong3, old_state=<state light.geosil_jomyeong3=on; supported_color_modes=[<ColorMode.ONOFF: 'onoff'>], color_mode=onoff, friendly_name=거실 조명3, supported_features=0 @ 2025-08-06T13:17:20.023555+09:00>, new_state=<state light.geosil_jomyeong3=off; supported_color_modes=[<ColorMode.ONOFF: 'onoff'>], color_mode=None, friendly_name=거실 조명3, supported_features=0 @ 2025-08-06T13:17:20.035703+09:00>>
2025-08-06 13:17:20.036 DEBUG (MainThread) [custom_components.commax.light] State written to Home Assistant for light 거실 조명3
2025-08-06 13:17:20.036 DEBUG (MainThread) [homeassistant.core] Bus:Handling <Event state_reported[L]: entity_id=light.geosil_jomyeong3, old_last_reported=2025-08-06T13:17:20.035703+09:00, new_state=<state light.geosil_jomyeong3=off; supported_color_modes=[<ColorMode.ONOFF: 'onoff'>], color_mode=None, friendly_name=거실 조명3, supported_features=0 @ 2025-08-06T13:17:20.035703+09:00>>
2025-08-06 13:17:20.184 DEBUG (MainThread) [homeassistant.core] Bus:Handling <Event call_service[L]: domain=light, service=turn_on, service_data=entity_id=light.geosil_jomyeong3>
2025-08-06 13:17:20.184 DEBUG (MainThread) [custom_components.commax.light] Attempting to turn ON light: 거실 조명3
2025-08-06 13:17:20.184 DEBUG (MainThread) [custom_components.commax.light] Sending command: path=/lights/3/set, value=ON
2025-08-06 13:17:20.184 DEBUG (MainThread) [custom_components.commax.rs485_client] Sending command: {"type": "SET", "path": "/lights/3/set", "value": "ON", "id": "commax_18694107", "timeout": 5}
2025-08-06 13:17:20.189 DEBUG (MainThread) [custom_components.commax.rs485_client] Received response: {'id': 'commax_18694107', 'success': True, 'data': 'LIGHT_COMMAND_SENT'}
2025-08-06 13:17:20.189 DEBUG (MainThread) [custom_components.commax.light] Received successful response: {'id': 'commax_18694107', 'success': True, 'data': 'LIGHT_COMMAND_SENT'}
2025-08-06 13:17:20.191 DEBUG (MainThread) [homeassistant.core] Bus:Handling <Event state_changed[L]: entity_id=light.geosil_jomyeong3, old_state=<state light.geosil_jomyeong3=off; supported_color_modes=[<ColorMode.ONOFF: 'onoff'>], color_mode=None, friendly_name=거실 조명3, supported_features=0 @ 2025-08-06T13:17:20.035703+09:00>, new_state=<state light.geosil_jomyeong3=on; supported_color_modes=[<ColorMode.ONOFF: 'onoff'>], color_mode=onoff, friendly_name=거실 조명3, supported_features=0 @ 2025-08-06T13:17:20.189689+09:00>>
2025-08-06 13:17:20.191 INFO (MainThread) [custom_components.commax.light] Light 거실 조명3 turned ON
2025-08-06 13:17:20.192 DEBUG (MainThread) [custom_components.commax.light] Updating state for light: 거실 조명3
2025-08-06 13:17:20.192 DEBUG (MainThread) [custom_components.commax.light] Getting state: path=/lights/3/state
2025-08-06 13:17:20.192 DEBUG (MainThread) [custom_components.commax.rs485_client] Sending command: {"type": "GET", "path": "/lights/3/state", "value": null, "id": "commax_18694114", "timeout": 5}
2025-08-06 13:17:20.198 DEBUG (MainThread) [custom_components.commax.rs485_client] Received response: {'id': 'commax_18694114', 'success': True, 'data': 'OFF'}
2025-08-06 13:17:20.199 DEBUG (MainThread) [custom_components.commax.light] Received state response: {'id': 'commax_18694114', 'success': True, 'data': 'OFF'}
2025-08-06 13:17:20.200 INFO (MainThread) [custom_components.commax.light] Light 거실 조명3 state updated: is_on=False, available=True
2025-08-06 13:17:20.200 DEBUG (MainThread) [homeassistant.core] Bus:Handling <Event state_changed[L]: entity_id=light.geosil_jomyeong3, old_state=<state light.geosil_jomyeong3=on; supported_color_modes=[<ColorMode.ONOFF: 'onoff'>], color_mode=onoff, friendly_name=거실 조명3, supported_features=0 @ 2025-08-06T13:17:20.189689+09:00>, new_state=<state light.geosil_jomyeong3=off; supported_color_modes=[<ColorMode.ONOFF: 'onoff'>], color_mode=None, friendly_name=거실 조명3, supported_features=0 @ 2025-08-06T13:17:20.200206+09:00>>
2025-08-06 13:17:20.200 DEBUG (MainThread) [custom_components.commax.light] State written to Home Assistant for light 거실 조명3
2025-08-06 13:17:20.201 DEBUG (MainThread) [homeassistant.core] Bus:Handling <Event state_reported[L]: entity_id=light.geosil_jomyeong3, old_last_reported=2025-08-06T13:17:20.200206+09:00, new_state=<state light.geosil_jomyeong3=off; supported_color_modes=[<ColorMode.ONOFF: 'onoff'>], color_mode=None, friendly_name=거실 조명3, supported_features=0 @ 2025-08-06T13:17:20.200206+09:00>>
2025-08-06 13:17:20.308 DEBUG (MainThread) [homeassistant.core] Bus:Handling <Event state_changed[L]: entity_id=sensor.naengjanggo_energy, old_state=<state sensor.naengjanggo_energy=2997.922; state_class=total_increasing, unit_of_measurement=kWh, device_class=energy, friendly_name=냉장고 에너지 @ 2025-08-06T13:14:49.734882+09:00>, new_state=<state sensor.naengjanggo_energy=2997.969; state_class=total_increasing, unit_of_measurement=kWh, device_class=energy, friendly_name=냉장고 에너지 @ 2025-08-06T13:17:20.308363+09:00>>
2025-08-06 13:17:20.309 DEBUG (MainThread) [homeassistant.core] Bus:Handling <Event state_changed[L]: entity_id=sensor.naengjanggo_power, old_state=<state sensor.naengjanggo_power=2935; state_class=measurement, power_consumption_start=2025-08-06T03:48:25Z, power_consumption_end=2025-08-06T04:03:24Z, unit_of_measurement=W, device_class=power, friendly_name=냉장고 전원 @ 2025-08-06T13:14:49.735852+09:00>, new_state=<state sensor.naengjanggo_power=2830; state_class=measurement, power_consumption_start=2025-08-06T04:03:24Z, power_consumption_end=2025-08-06T04:17:20Z, unit_of_measurement=W, device_class=power, friendly_name=냉장고 전원 @ 2025-08-06T13:17:20.309127+09:00>>
2025-08-06 13:17:20.309 DEBUG (MainThread) [homeassistant.core] Bus:Handling <Event state_changed[L]: entity_id=sensor.naengjanggo_energy_difference, old_state=<state sensor.naengjanggo_energy_difference=0.05; state_class=total, unit_of_measurement=kWh, device_class=energy, friendly_name=냉장고 Energy difference @ 2025-08-06T13:14:49.736881+09:00>, new_state=<state sensor.naengjanggo_energy_difference=0.047; state_class=total, unit_of_measurement=kWh, device_class=energy, friendly_name=냉장고 Energy difference @ 2025-08-06T13:17:20.309464+09:00>>
2025-08-06 13:17:20.309 DEBUG (MainThread) [homeassistant.core] Bus:Handling <Event state_changed[L]: entity_id=sensor.naengjanggo_power_energy, old_state=<state sensor.naengjanggo_power_energy=0.165841562228203; state_class=total, unit_of_measurement=kWh, device_class=energy, friendly_name=냉장고 전력 에너지 @ 2025-08-06T13:14:49.737973+09:00>, new_state=<state sensor.naengjanggo_power_energy=0.681768704115351; state_class=total, unit_of_measurement=kWh, device_class=energy, friendly_name=냉장고 전력 에너지 @ 2025-08-06T13:17:20.309752+09:00>>
2025-08-06 13:17:20.310 DEBUG (MainThread) [homeassistant.core] Bus:Handling <Event state_reported[L]: entity_id=sensor.naengjanggo_energy_saved, old_last_reported=2025-08-06T13:14:49.739146+09:00, new_state=<state sensor.naengjanggo_energy_saved=0.0; state_class=total_increasing, unit_of_measurement=kWh, device_class=energy, friendly_name=냉장고 Energy saved @ 2025-08-06T13:14:49.739146+09:00>>
2025-08-06 13:17:20.367 DEBUG (MainThread) [homeassistant.core] Bus:Handling <Event call_service[L]: domain=light, service=turn_on, service_data=entity_id=light.geosil_jomyeong3>
2025-08-06 13:17:20.368 DEBUG (MainThread) [custom_components.commax.light] Attempting to turn ON light: 거실 조명3
2025-08-06 13:17:20.368 DEBUG (MainThread) [custom_components.commax.light] Sending command: path=/lights/3/set, value=ON
2025-08-06 13:17:20.368 DEBUG (MainThread) [custom_components.commax.rs485_client] Sending command: {"type": "SET", "path": "/lights/3/set", "value": "ON", "id": "commax_18694290", "timeout": 5}
2025-08-06 13:17:20.374 DEBUG (MainThread) [custom_components.commax.rs485_client] Received response: {'id': 'commax_18694290', 'success': True, 'data': 'LIGHT_COMMAND_SENT'}
2025-08-06 13:17:20.374 DEBUG (MainThread) [custom_components.commax.light] Received successful response: {'id': 'commax_18694290', 'success': True, 'data': 'LIGHT_COMMAND_SENT'}
2025-08-06 13:17:20.375 DEBUG (MainThread) [homeassistant.core] Bus:Handling <Event state_changed[L]: entity_id=light.geosil_jomyeong3, old_state=<state light.geosil_jomyeong3=off; supported_color_modes=[<ColorMode.ONOFF: 'onoff'>], color_mode=None, friendly_name=거실 조명3, supported_features=0 @ 2025-08-06T13:17:20.200206+09:00>, new_state=<state light.geosil_jomyeong3=on; supported_color_modes=[<ColorMode.ONOFF: 'onoff'>], color_mode=onoff, friendly_name=거실 조명3, supported_features=0 @ 2025-08-06T13:17:20.375027+09:00>>
2025-08-06 13:17:20.375 INFO (MainThread) [custom_components.commax.light] Light 거실 조명3 turned ON
2025-08-06 13:17:20.375 DEBUG (MainThread) [custom_components.commax.light] Updating state for light: 거실 조명3
2025-08-06 13:17:20.375 DEBUG (MainThread) [custom_components.commax.light] Getting state: path=/lights/3/state
2025-08-06 13:17:20.375 DEBUG (MainThread) [custom_components.commax.rs485_client] Sending command: {"type": "GET", "path": "/lights/3/state", "value": null, "id": "commax_18694298", "timeout": 5}
2025-08-06 13:17:20.384 DEBUG (MainThread) [custom_components.commax.rs485_client] Received response: {'id': 'commax_18694298', 'success': True, 'data': 'OFF'}
2025-08-06 13:17:20.384 DEBUG (MainThread) [custom_components.commax.light] Received state response: {'id': 'commax_18694298', 'success': True, 'data': 'OFF'}
2025-08-06 13:17:20.384 INFO (MainThread) [custom_components.commax.light] Light 거실 조명3 state updated: is_on=False, available=True
2025-08-06 13:17:20.385 DEBUG (MainThread) [homeassistant.core] Bus:Handling <Event state_changed[L]: entity_id=light.geosil_jomyeong3, old_state=<state light.geosil_jomyeong3=on; supported_color_modes=[<ColorMode.ONOFF: 'onoff'>], color_mode=onoff, friendly_name=거실 조명3, supported_features=0 @ 2025-08-06T13:17:20.375027+09:00>, new_state=<state light.geosil_jomyeong3=off; supported_color_modes=[<ColorMode.ONOFF: 'onoff'>], color_mode=None, friendly_name=거실 조명3, supported_features=0 @ 2025-08-06T13:17:20.385137+09:00>>
2025-08-06 13:17:20.385 DEBUG (MainThread) [custom_components.commax.light] State written to Home Assistant for light 거실 조명3
2025-08-06 13:17:20.385 DEBUG (MainThread) [homeassistant.core] Bus:Handling <Event state_reported[L]: entity_id=light.geosil_jomyeong3, old_last_reported=2025-08-06T13:17:20.385137+09:00, new_state=<state light.geosil_jomyeong3=off; supported_color_modes=[<ColorMode.ONOFF: 'onoff'>], color_mode=None, friendly_name=거실 조명3, supported_features=0 @ 2025-08-06T13:17:20.385137+09:00>>
2025-08-06 13:17:20.515 DEBUG (MainThread) [homeassistant.core] Bus:Handling <Event call_service[L]: domain=light, service=turn_on, service_data=entity_id=light.geosil_jomyeong3>
2025-08-06 13:17:20.515 DEBUG (MainThread) [custom_components.commax.light] Attempting to turn ON light: 거실 조명3
2025-08-06 13:17:20.515 DEBUG (MainThread) [custom_components.commax.light] Sending command: path=/lights/3/set, value=ON
2025-08-06 13:17:20.516 DEBUG (MainThread) [custom_components.commax.rs485_client] Sending command: {"type": "SET", "path": "/lights/3/set", "value": "ON", "id": "commax_18694438", "timeout": 5}
2025-08-06 13:17:20.522 DEBUG (MainThread) [custom_components.commax.rs485_client] Received response: {'id': 'commax_18694438', 'success': True, 'data': 'LIGHT_COMMAND_SENT'}
2025-08-06 13:17:20.522 DEBUG (MainThread) [custom_components.commax.light] Received successful response: {'id': 'commax_18694438', 'success': True, 'data': 'LIGHT_COMMAND_SENT'}
2025-08-06 13:17:20.523 DEBUG (MainThread) [homeassistant.core] Bus:Handling <Event state_changed[L]: entity_id=light.geosil_jomyeong3, old_state=<state light.geosil_jomyeong3=off; supported_color_modes=[<ColorMode.ONOFF: 'onoff'>], color_mode=None, friendly_name=거실 조명3, supported_features=0 @ 2025-08-06T13:17:20.385137+09:00>, new_state=<state light.geosil_jomyeong3=on; supported_color_modes=[<ColorMode.ONOFF: 'onoff'>], color_mode=onoff, friendly_name=거실 조명3, supported_features=0 @ 2025-08-06T13:17:20.522840+09:00>>
2025-08-06 13:17:20.523 INFO (MainThread) [custom_components.commax.light] Light 거실 조명3 turned ON
2025-08-06 13:17:20.523 DEBUG (MainThread) [custom_components.commax.light] Updating state for light: 거실 조명3
2025-08-06 13:17:20.523 DEBUG (MainThread) [custom_components.commax.light] Getting state: path=/lights/3/state
2025-08-06 13:17:20.523 DEBUG (MainThread) [custom_components.commax.rs485_client] Sending command: {"type": "GET", "path": "/lights/3/state", "value": null, "id": "commax_18694445", "timeout": 5}
2025-08-06 13:17:20.528 DEBUG (MainThread) [custom_components.commax.rs485_client] Received response: {'id': 'commax_18694445', 'success': True, 'data': 'OFF'}
2025-08-06 13:17:20.528 DEBUG (MainThread) [custom_components.commax.light] Received state response: {'id': 'commax_18694445', 'success': True, 'data': 'OFF'}
2025-08-06 13:17:20.528 INFO (MainThread) [custom_components.commax.light] Light 거실 조명3 state updated: is_on=False, available=True
2025-08-06 13:17:20.537 DEBUG (MainThread) [homeassistant.core] Bus:Handling <Event state_changed[L]: entity_id=light.geosil_jomyeong3, old_state=<state light.geosil_jomyeong3=on; supported_color_modes=[<ColorMode.ONOFF: 'onoff'>], color_mode=onoff, friendly_name=거실 조명3, supported_features=0 @ 2025-08-06T13:17:20.522840+09:00>, new_state=<state light.geosil_jomyeong3=off; supported_color_modes=[<ColorMode.ONOFF: 'onoff'>], color_mode=None, friendly_name=거실 조명3, supported_features=0 @ 2025-08-06T13:17:20.537312+09:00>>
2025-08-06 13:17:20.538 DEBUG (MainThread) [custom_components.commax.light] State written to Home Assistant for light 거실 조명3
2025-08-06 13:17:20.538 DEBUG (MainThread) [homeassistant.core] Bus:Handling <Event state_reported[L]: entity_id=light.geosil_jomyeong3, old_last_reported=2025-08-06T13:17:20.537312+09:00, new_state=<state light.geosil_jomyeong3=off; supported_color_modes=[<ColorMode.ONOFF: 'onoff'>], color_mode=None, friendly_name=거실 조명3, supported_features=0 @ 2025-08-06T13:17:20.537312+09:00>>
2025-08-06 13:17:20.695 DEBUG (MainThread) [homeassistant.core] Bus:Handling <Event call_service[L]: domain=light, service=turn_on, service_data=entity_id=light.geosil_jomyeong3>
2025-08-06 13:17:20.695 DEBUG (MainThread) [custom_components.commax.light] Attempting to turn ON light: 거실 조명3
2025-08-06 13:17:20.695 DEBUG (MainThread) [custom_components.commax.light] Sending command: path=/lights/3/set, value=ON
2025-08-06 13:17:20.696 DEBUG (MainThread) [custom_components.commax.rs485_client] Sending command: {"type": "SET", "path": "/lights/3/set", "value": "ON", "id": "commax_18694618", "timeout": 5}
2025-08-06 13:17:20.699 DEBUG (MainThread) [custom_components.commax.rs485_client] Received response: {'id': 'commax_18694618', 'success': True, 'data': 'LIGHT_COMMAND_SENT'}
2025-08-06 13:17:20.699 DEBUG (MainThread) [custom_components.commax.light] Received successful response: {'id': 'commax_18694618', 'success': True, 'data': 'LIGHT_COMMAND_SENT'}
2025-08-06 13:17:20.700 DEBUG (MainThread) [homeassistant.core] Bus:Handling <Event state_changed[L]: entity_id=light.geosil_jomyeong3, old_state=<state light.geosil_jomyeong3=off; supported_color_modes=[<ColorMode.ONOFF: 'onoff'>], color_mode=None, friendly_name=거실 조명3, supported_features=0 @ 2025-08-06T13:17:20.537312+09:00>, new_state=<state light.geosil_jomyeong3=on; supported_color_modes=[<ColorMode.ONOFF: 'onoff'>], color_mode=onoff, friendly_name=거실 조명3, supported_features=0 @ 2025-08-06T13:17:20.700044+09:00>>
2025-08-06 13:17:20.700 INFO (MainThread) [custom_components.commax.light] Light 거실 조명3 turned ON
2025-08-06 13:17:20.701 DEBUG (MainThread) [custom_components.commax.light] Updating state for light: 거실 조명3
2025-08-06 13:17:20.701 DEBUG (MainThread) [custom_components.commax.light] Getting state: path=/lights/3/state
2025-08-06 13:17:20.701 DEBUG (MainThread) [custom_components.commax.rs485_client] Sending command: {"type": "GET", "path": "/lights/3/state", "value": null, "id": "commax_18694623", "timeout": 5}
2025-08-06 13:17:20.705 DEBUG (MainThread) [custom_components.commax.rs485_client] Received response: {'id': 'commax_18694623', 'success': True, 'data': 'OFF'}
2025-08-06 13:17:20.706 DEBUG (MainThread) [custom_components.commax.light] Received state response: {'id': 'commax_18694623', 'success': True, 'data': 'OFF'}
2025-08-06 13:17:20.706 INFO (MainThread) [custom_components.commax.light] Light 거실 조명3 state updated: is_on=False, available=True
2025-08-06 13:17:20.706 DEBUG (MainThread) [homeassistant.core] Bus:Handling <Event state_changed[L]: entity_id=light.geosil_jomyeong3, old_state=<state light.geosil_jomyeong3=on; supported_color_modes=[<ColorMode.ONOFF: 'onoff'>], color_mode=onoff, friendly_name=거실 조명3, supported_features=0 @ 2025-08-06T13:17:20.700044+09:00>, new_state=<state light.geosil_jomyeong3=off; supported_color_modes=[<ColorMode.ONOFF: 'onoff'>], color_mode=None, friendly_name=거실 조명3, supported_features=0 @ 2025-08-06T13:17:20.706305+09:00>>
2025-08-06 13:17:20.706 DEBUG (MainThread) [custom_components.commax.light] State written to Home Assistant for light 거실 조명3
2025-08-06 13:17:20.706 DEBUG (MainThread) [homeassistant.core] Bus:Handling <Event state_reported[L]: entity_id=light.geosil_jomyeong3, old_last_reported=2025-08-06T13:17:20.706305+09:00, new_state=<state light.geosil_jomyeong3=off; supported_color_modes=[<ColorMode.ONOFF: 'onoff'>], color_mode=None, friendly_name=거실 조명3, supported_features=0 @ 2025-08-06T13:17:20.706305+09:00>>
2025-08-06 13:17:20.948 DEBUG (MainThread) [homeassistant.core] Bus:Handling <Event call_service[L]: domain=light, service=turn_on, service_data=entity_id=light.geosil_jomyeong3>
2025-08-06 13:17:20.948 DEBUG (MainThread) [custom_components.commax.light] Attempting to turn ON light: 거실 조명3
2025-08-06 13:17:20.949 DEBUG (MainThread) [custom_components.commax.light] Sending command: path=/lights/3/set, value=ON
2025-08-06 13:17:20.949 DEBUG (MainThread) [custom_components.commax.rs485_client] Sending command: {"type": "SET", "path": "/lights/3/set", "value": "ON", "id": "commax_18694871", "timeout": 5}
2025-08-06 13:17:20.995 DEBUG (MainThread) [custom_components.commax.rs485_client] Received response: {'id': 'commax_18694871', 'success': True, 'data': 'LIGHT_COMMAND_SENT'}
2025-08-06 13:17:20.996 DEBUG (MainThread) [custom_components.commax.light] Received successful response: {'id': 'commax_18694871', 'success': True, 'data': 'LIGHT_COMMAND_SENT'}
2025-08-06 13:17:20.998 DEBUG (MainThread) [homeassistant.core] Bus:Handling <Event state_changed[L]: entity_id=light.geosil_jomyeong3, old_state=<state light.geosil_jomyeong3=off; supported_color_modes=[<ColorMode.ONOFF: 'onoff'>], color_mode=None, friendly_name=거실 조명3, supported_features=0 @ 2025-08-06T13:17:20.706305+09:00>, new_state=<state light.geosil_jomyeong3=on; supported_color_modes=[<ColorMode.ONOFF: 'onoff'>], color_mode=onoff, friendly_name=거실 조명3, supported_features=0 @ 2025-08-06T13:17:20.996286+09:00>>
2025-08-06 13:17:21.001 INFO (MainThread) [custom_components.commax.light] Light 거실 조명3 turned ON
2025-08-06 13:17:21.071 DEBUG (MainThread) [custom_components.commax.light] Updating state for light: 거실 조명3
2025-08-06 13:17:21.071 DEBUG (MainThread) [custom_components.commax.light] Getting state: path=/lights/3/state
2025-08-06 13:17:21.073 DEBUG (MainThread) [custom_components.commax.rs485_client] Sending command: {"type": "GET", "path": "/lights/3/state", "value": null, "id": "commax_18694993", "timeout": 5}
2025-08-06 13:17:21.158 DEBUG (MainThread) [homeassistant.core] Bus:Handling <Event call_service[L]: domain=light, service=turn_off, service_data=entity_id=light.geosil_jomyeong3>
2025-08-06 13:17:21.158 DEBUG (MainThread) [custom_components.commax.light] Attempting to turn OFF light: 거실 조명3
2025-08-06 13:17:21.158 DEBUG (MainThread) [custom_components.commax.light] Sending command: path=/lights/3/set, value=OFF
2025-08-06 13:17:21.158 DEBUG (MainThread) [custom_components.commax.rs485_client] Sending command: {"type": "SET", "path": "/lights/3/set", "value": "OFF", "id": "commax_18695080", "timeout": 5}
2025-08-06 13:17:21.201 DEBUG (MainThread) [custom_components.commax.rs485_client] Received response: {'id': 'commax_18694993', 'success': True, 'data': 'OFF'}
2025-08-06 13:17:21.201 DEBUG (MainThread) [custom_components.commax.light] Received successful response: {'id': 'commax_18694993', 'success': True, 'data': 'OFF'}
2025-08-06 13:17:21.202 DEBUG (MainThread) [homeassistant.core] Bus:Handling <Event state_changed[L]: entity_id=light.geosil_jomyeong3, old_state=<state light.geosil_jomyeong3=on; supported_color_modes=[<ColorMode.ONOFF: 'onoff'>], color_mode=onoff, friendly_name=거실 조명3, supported_features=0 @ 2025-08-06T13:17:20.996286+09:00>, new_state=<state light.geosil_jomyeong3=off; supported_color_modes=[<ColorMode.ONOFF: 'onoff'>], color_mode=None, friendly_name=거실 조명3, supported_features=0 @ 2025-08-06T13:17:21.201584+09:00>>
2025-08-06 13:17:21.202 INFO (MainThread) [custom_components.commax.light] Light 거실 조명3 turned OFF
2025-08-06 13:17:21.202 DEBUG (MainThread) [homeassistant.core] Bus:Handling <Event state_reported[L]: entity_id=light.geosil_jomyeong3, old_last_reported=2025-08-06T13:17:21.201584+09:00, new_state=<state light.geosil_jomyeong3=off; supported_color_modes=[<ColorMode.ONOFF: 'onoff'>], color_mode=None, friendly_name=거실 조명3, supported_features=0 @ 2025-08-06T13:17:21.201584+09:00>>
2025-08-06 13:17:21.203 WARNING (MainThread) [custom_components.commax.rs485_client] No response received from socket
2025-08-06 13:17:21.203 DEBUG (MainThread) [custom_components.commax.light] No valid response received for light 거실 조명3
2025-08-06 13:17:21.209 DEBUG (MainThread) [homeassistant.core] Bus:Handling <Event state_changed[L]: entity_id=light.geosil_jomyeong3, old_state=<state light.geosil_jomyeong3=off; supported_color_modes=[<ColorMode.ONOFF: 'onoff'>], color_mode=None, friendly_name=거실 조명3, supported_features=0 @ 2025-08-06T13:17:21.201584+09:00>, new_state=<state light.geosil_jomyeong3=unavailable; supported_color_modes=[<ColorMode.ONOFF: 'onoff'>], friendly_name=거실 조명3, supported_features=0 @ 2025-08-06T13:17:21.203637+09:00>>
2025-08-06 13:17:21.210 DEBUG (MainThread) [custom_components.commax.light] State written to Home Assistant for light 거실 조명3
2025-08-06 13:17:21.210 DEBUG (MainThread) [homeassistant.core] Bus:Handling <Event state_reported[L]: entity_id=light.geosil_jomyeong3, old_last_reported=2025-08-06T13:17:21.203637+09:00, new_state=<state light.geosil_jomyeong3=unavailable; supported_color_modes=[<ColorMode.ONOFF: 'onoff'>], friendly_name=거실 조명3, supported_features=0 @ 2025-08-06T13:17:21.203637+09:00>>
2025-08-06 13:17:25.826 DEBUG (MainThread) [homeassistant.core] Bus:Handling <Event call_service[L]: domain=light, service=turn_on, service_data=entity_id=light.geosil_jomyeong1>
2025-08-06 13:17:25.826 DEBUG (MainThread) [custom_components.commax.light] Attempting to turn ON light: 거실 조명1
2025-08-06 13:17:25.826 DEBUG (MainThread) [custom_components.commax.light] Sending command: path=/lights/1/set, value=ON
2025-08-06 13:17:25.826 DEBUG (MainThread) [custom_components.commax.rs485_client] Sending command: {"type": "SET", "path": "/lights/1/set", "value": "ON", "id": "commax_18699749", "timeout": 5}
2025-08-06 13:17:25.833 DEBUG (MainThread) [custom_components.commax.rs485_client] Received response: {'id': 'commax_18699749', 'success': True, 'data': 'LIGHT_COMMAND_SENT'}
2025-08-06 13:17:25.833 DEBUG (MainThread) [custom_components.commax.light] Received successful response: {'id': 'commax_18699749', 'success': True, 'data': 'LIGHT_COMMAND_SENT'}
2025-08-06 13:17:25.833 DEBUG (MainThread) [homeassistant.core] Bus:Handling <Event state_changed[L]: entity_id=light.geosil_jomyeong1, old_state=<state light.geosil_jomyeong1=off; supported_color_modes=[<ColorMode.ONOFF: 'onoff'>], color_mode=None, friendly_name=거실 조명1, supported_features=0 @ 2025-08-06T13:16:12.269990+09:00>, new_state=<state light.geosil_jomyeong1=on; supported_color_modes=[<ColorMode.ONOFF: 'onoff'>], color_mode=onoff, friendly_name=거실 조명1, supported_features=0 @ 2025-08-06T13:17:25.833583+09:00>>
2025-08-06 13:17:25.834 INFO (MainThread) [custom_components.commax.light] Light 거실 조명1 turned ON
2025-08-06 13:17:25.835 DEBUG (MainThread) [custom_components.commax.light] Updating state for light: 거실 조명1
2025-08-06 13:17:25.835 DEBUG (MainThread) [custom_components.commax.light] Getting state: path=/lights/1/state
2025-08-06 13:17:25.835 DEBUG (MainThread) [custom_components.commax.rs485_client] Sending command: {"type": "GET", "path": "/lights/1/state", "value": null, "id": "commax_18699757", "timeout": 5}
2025-08-06 13:17:25.839 DEBUG (MainThread) [custom_components.commax.rs485_client] Received response: {'id': 'commax_18699757', 'success': True, 'data': 'OFF'}
2025-08-06 13:17:25.839 DEBUG (MainThread) [custom_components.commax.light] Received state response: {'id': 'commax_18699757', 'success': True, 'data': 'OFF'}
2025-08-06 13:17:25.839 INFO (MainThread) [custom_components.commax.light] Light 거실 조명1 state updated: is_on=False, available=True
2025-08-06 13:17:25.840 DEBUG (MainThread) [homeassistant.core] Bus:Handling <Event state_changed[L]: entity_id=light.geosil_jomyeong1, old_state=<state light.geosil_jomyeong1=on; supported_color_modes=[<ColorMode.ONOFF: 'onoff'>], color_mode=onoff, friendly_name=거실 조명1, supported_features=0 @ 2025-08-06T13:17:25.833583+09:00>, new_state=<state light.geosil_jomyeong1=off; supported_color_modes=[<ColorMode.ONOFF: 'onoff'>], color_mode=None, friendly_name=거실 조명1, supported_features=0 @ 2025-08-06T13:17:25.840166+09:00>>
2025-08-06 13:17:25.840 DEBUG (MainThread) [custom_components.commax.light] State written to Home Assistant for light 거실 조명1
2025-08-06 13:17:25.841 DEBUG (MainThread) [homeassistant.core] Bus:Handling <Event state_reported[L]: entity_id=light.geosil_jomyeong1, old_last_reported=2025-08-06T13:17:25.840166+09:00, new_state=<state light.geosil_jomyeong1=off; supported_color_modes=[<ColorMode.ONOFF: 'onoff'>], color_mode=None, friendly_name=거실 조명1, supported_features=0 @ 2025-08-06T13:17:25.840166+09:00>>
2025-08-06 13:17:27.711 DEBUG (MainThread) [homeassistant.core] Bus:Handling <Event call_service[L]: domain=light, service=turn_on, service_data=entity_id=light.geosil_jomyeong1>
2025-08-06 13:17:27.712 DEBUG (MainThread) [custom_components.commax.light] Attempting to turn ON light: 거실 조명1
2025-08-06 13:17:27.712 DEBUG (MainThread) [custom_components.commax.light] Sending command: path=/lights/1/set, value=ON
2025-08-06 13:17:27.712 DEBUG (MainThread) [custom_components.commax.rs485_client] Sending command: {"type": "SET", "path": "/lights/1/set", "value": "ON", "id": "commax_18701634", "timeout": 5}
2025-08-06 13:17:27.718 DEBUG (MainThread) [custom_components.commax.rs485_client] Received response: {'id': 'commax_18701634', 'success': True, 'data': 'LIGHT_COMMAND_SENT'}
2025-08-06 13:17:27.719 DEBUG (MainThread) [custom_components.commax.light] Received successful response: {'id': 'commax_18701634', 'success': True, 'data': 'LIGHT_COMMAND_SENT'}
2025-08-06 13:17:27.719 DEBUG (MainThread) [homeassistant.core] Bus:Handling <Event state_changed[L]: entity_id=light.geosil_jomyeong1, old_state=<state light.geosil_jomyeong1=off; supported_color_modes=[<ColorMode.ONOFF: 'onoff'>], color_mode=None, friendly_name=거실 조명1, supported_features=0 @ 2025-08-06T13:17:25.840166+09:00>, new_state=<state light.geosil_jomyeong1=on; supported_color_modes=[<ColorMode.ONOFF: 'onoff'>], color_mode=onoff, friendly_name=거실 조명1, supported_features=0 @ 2025-08-06T13:17:27.719296+09:00>>
2025-08-06 13:17:27.720 INFO (MainThread) [custom_components.commax.light] Light 거실 조명1 turned ON
2025-08-06 13:17:27.721 DEBUG (MainThread) [custom_components.commax.light] Updating state for light: 거실 조명1
2025-08-06 13:17:27.721 DEBUG (MainThread) [custom_components.commax.light] Getting state: path=/lights/1/state
2025-08-06 13:17:27.721 DEBUG (MainThread) [custom_components.commax.rs485_client] Sending command: {"type": "GET", "path": "/lights/1/state", "value": null, "id": "commax_18701643", "timeout": 5}
2025-08-06 13:17:27.725 DEBUG (MainThread) [custom_components.commax.rs485_client] Received response: {'id': 'commax_18701643', 'success': True, 'data': 'OFF'}
2025-08-06 13:17:27.725 DEBUG (MainThread) [custom_components.commax.light] Received state response: {'id': 'commax_18701643', 'success': True, 'data': 'OFF'}
2025-08-06 13:17:27.725 INFO (MainThread) [custom_components.commax.light] Light 거실 조명1 state updated: is_on=False, available=True
2025-08-06 13:17:27.725 DEBUG (MainThread) [homeassistant.core] Bus:Handling <Event state_changed[L]: entity_id=light.geosil_jomyeong1, old_state=<state light.geosil_jomyeong1=on; supported_color_modes=[<ColorMode.ONOFF: 'onoff'>], color_mode=onoff, friendly_name=거실 조명1, supported_features=0 @ 2025-08-06T13:17:27.719296+09:00>, new_state=<state light.geosil_jomyeong1=off; supported_color_modes=[<ColorMode.ONOFF: 'onoff'>], color_mode=None, friendly_name=거실 조명1, supported_features=0 @ 2025-08-06T13:17:27.725688+09:00>>
2025-08-06 13:17:27.726 DEBUG (MainThread) [custom_components.commax.light] State written to Home Assistant for light 거실 조명1
2025-08-06 13:17:27.726 DEBUG (MainThread) [homeassistant.core] Bus:Handling <Event state_reported[L]: entity_id=light.geosil_jomyeong1, old_last_reported=2025-08-06T13:17:27.725688+09:00, new_state=<state light.geosil_jomyeong1=off; supported_color_modes=[<ColorMode.ONOFF: 'onoff'>], color_mode=None, friendly_name=거실 조명1, supported_features=0 @ 2025-08-06T13:17:27.725688+09:00>>
2025-08-06 13:17:28.407 DEBUG (MainThread) [homeassistant.core] Bus:Handling <Event call_service[L]: domain=light, service=turn_on, service_data=entity_id=light.geosil_jomyeong1>
2025-08-06 13:17:28.553 DEBUG (MainThread) [custom_components.commax.light] Attempting to turn ON light: 거실 조명1
2025-08-06 13:17:28.553 DEBUG (MainThread) [custom_components.commax.light] Sending command: path=/lights/1/set, value=ON
2025-08-06 13:17:28.554 DEBUG (MainThread) [custom_components.commax.rs485_client] Sending command: {"type": "SET", "path": "/lights/1/set", "value": "ON", "id": "commax_18702476", "timeout": 5}
2025-08-06 13:17:28.559 DEBUG (MainThread) [custom_components.commax.rs485_client] Received response: {'id': 'commax_18702476', 'success': True, 'data': 'LIGHT_COMMAND_SENT'}
2025-08-06 13:17:28.567 DEBUG (MainThread) [custom_components.commax.light] Received successful response: {'id': 'commax_18702476', 'success': True, 'data': 'LIGHT_COMMAND_SENT'}
2025-08-06 13:17:28.569 DEBUG (MainThread) [homeassistant.core] Bus:Handling <Event state_changed[L]: entity_id=light.geosil_jomyeong1, old_state=<state light.geosil_jomyeong1=off; supported_color_modes=[<ColorMode.ONOFF: 'onoff'>], color_mode=None, friendly_name=거실 조명1, supported_features=0 @ 2025-08-06T13:17:27.725688+09:00>, new_state=<state light.geosil_jomyeong1=on; supported_color_modes=[<ColorMode.ONOFF: 'onoff'>], color_mode=onoff, friendly_name=거실 조명1, supported_features=0 @ 2025-08-06T13:17:28.568126+09:00>>
2025-08-06 13:17:28.571 INFO (MainThread) [custom_components.commax.light] Light 거실 조명1 turned ON
2025-08-06 13:17:28.582 DEBUG (MainThread) [custom_components.commax.light] Updating state for light: 거실 조명1
2025-08-06 13:17:28.582 DEBUG (MainThread) [custom_components.commax.light] Getting state: path=/lights/1/state
2025-08-06 13:17:28.582 DEBUG (MainThread) [custom_components.commax.rs485_client] Sending command: {"type": "GET", "path": "/lights/1/state", "value": null, "id": "commax_18702505", "timeout": 5}
2025-08-06 13:17:28.599 DEBUG (MainThread) [custom_components.commax.rs485_client] Received response: {'id': 'commax_18702505', 'success': True, 'data': 'OFF'}
2025-08-06 13:17:28.599 DEBUG (MainThread) [custom_components.commax.light] Received state response: {'id': 'commax_18702505', 'success': True, 'data': 'OFF'}
2025-08-06 13:17:28.599 INFO (MainThread) [custom_components.commax.light] Light 거실 조명1 state updated: is_on=False, available=True
2025-08-06 13:17:28.622 DEBUG (MainThread) [homeassistant.core] Bus:Handling <Event state_changed[L]: entity_id=light.geosil_jomyeong1, old_state=<state light.geosil_jomyeong1=on; supported_color_modes=[<ColorMode.ONOFF: 'onoff'>], color_mode=onoff, friendly_name=거실 조명1, supported_features=0 @ 2025-08-06T13:17:28.568126+09:00>, new_state=<state light.geosil_jomyeong1=off; supported_color_modes=[<ColorMode.ONOFF: 'onoff'>], color_mode=None, friendly_name=거실 조명1, supported_features=0 @ 2025-08-06T13:17:28.622084+09:00>>
2025-08-06 13:17:28.669 DEBUG (MainThread) [custom_components.commax.light] State written to Home Assistant for light 거실 조명1
2025-08-06 13:17:28.687 DEBUG (MainThread) [homeassistant.core] Bus:Handling <Event state_reported[L]: entity_id=light.geosil_jomyeong1, old_last_reported=2025-08-06T13:17:28.622084+09:00, new_state=<state light.geosil_jomyeong1=off; supported_color_modes=[<ColorMode.ONOFF: 'onoff'>], color_mode=None, friendly_name=거실 조명1, supported_features=0 @ 2025-08-06T13:17:28.622084+09:00>>
2025-08-06 13:17:29.095 DEBUG (MainThread) [homeassistant.core] Bus:Handling <Event state_reported[L]: entity_id=sun.sun, old_last_reported=2025-08-06T13:17:14.094006+09:00, new_state=<state sun.sun=above_horizon; next_dawn=2025-08-06T20:12:19.937481+00:00, next_dusk=2025-08-06T11:04:07.962815+00:00, next_midnight=2025-08-06T15:37:59+00:00, next_noon=2025-08-07T03:37:59+00:00, next_rising=2025-08-06T20:41:22.994271+00:00, next_setting=2025-08-06T10:35:05.744028+00:00, elevation=67.63, azimuth=203.62, rising=False, friendly_name=Sun @ 2025-08-06T13:14:44.035206+09:00>>
2025-08-06 13:17:32.546 DEBUG (MainThread) [homeassistant.core] Bus:Handling <Event state_reported[L]: entity_id=fan.zhimi_airpurifier_m1, old_last_reported=2025-08-06T13:17:17.547215+09:00, new_state=<state fan.zhimi_airpurifier_m1=off; preset_modes=['Auto', 'Silent', 'Favorite', 'Idle'], preset_mode=None, extra_features=0, turbo_mode_supported=False, button_pressed=None, sleep_time=None, sleep_mode_learn_count=None, use_time=148003558, sleep_mode=None, friendly_name=공기청정기, supported_features=56 @ 2025-08-06T13:14:47.916394+09:00>>
2025-08-06 13:17:32.546 DEBUG (MainThread) [homeassistant.core] Bus:Handling <Event state_reported[L]: entity_id=number.zhimi_airpurifier_m1_favorite_level, old_last_reported=2025-08-06T13:17:17.547718+09:00, new_state=<state number.zhimi_airpurifier_m1_favorite_level=10; min=0, max=17, step=1, mode=auto, icon=mdi:star-cog, friendly_name=공기청정기 Favorite level @ 2025-08-06T13:14:47.938869+09:00>>
2025-08-06 13:17:32.547 DEBUG (MainThread) [homeassistant.core] Bus:Handling <Event state_reported[L]: entity_id=select.zhimi_airpurifier_m1_led_brightness, old_last_reported=2025-08-06T13:17:17.549332+09:00, new_state=<state select.zhimi_airpurifier_m1_led_brightness=bright; options=['bright', 'dim', 'off'], icon=mdi:brightness-6, friendly_name=공기청정기 Led Brightness @ 2025-08-06T13:14:47.962032+09:00>>
2025-08-06 13:17:32.547 DEBUG (MainThread) [homeassistant.core] Bus:Handling <Event state_changed[L]: entity_id=sensor.zhimi_airpurifier_m1_temperature, old_state=<state sensor.zhimi_airpurifier_m1_temperature=26.1; state_class=measurement, unit_of_measurement=°C, device_class=temperature, friendly_name=온도 @ 2025-08-06T13:16:32.551458+09:00>, new_state=<state sensor.zhimi_airpurifier_m1_temperature=26.2; state_class=measurement, unit_of_measurement=°C, device_class=temperature, friendly_name=온도 @ 2025-08-06T13:17:32.547268+09:00>>
2025-08-06 13:17:32.547 DEBUG (MainThread) [homeassistant.core] Bus:Handling <Event state_reported[L]: entity_id=sensor.zhimi_airpurifier_m1_humidity, old_last_reported=2025-08-06T13:17:17.549890+09:00, new_state=<state sensor.zhimi_airpurifier_m1_humidity=57; state_class=measurement, unit_of_measurement=%, device_class=humidity, friendly_name=공기청정기 습도 @ 2025-08-06T13:15:17.561826+09:00>>
2025-08-06 13:17:32.548 DEBUG (MainThread) [homeassistant.core] Bus:Handling <Event state_reported[L]: entity_id=sensor.zhimi_airpurifier_m1_motor_speed, old_last_reported=2025-08-06T13:17:17.550196+09:00, new_state=<state sensor.zhimi_airpurifier_m1_motor_speed=0; state_class=measurement, unit_of_measurement=rpm, icon=mdi:fast-forward, friendly_name=공기청정기 Motor speed @ 2025-08-06T13:14:47.987427+09:00>>
2025-08-06 13:17:32.548 DEBUG (MainThread) [homeassistant.core] Bus:Handling <Event state_changed[L]: entity_id=sensor.zhimi_airpurifier_m1_pm2_5, old_state=<state sensor.zhimi_airpurifier_m1_pm2_5=32; state_class=measurement, unit_of_measurement=µg/m³, device_class=pm25, friendly_name=공기청정기 PM2.5 @ 2025-08-06T13:17:02.576712+09:00>, new_state=<state sensor.zhimi_airpurifier_m1_pm2_5=31; state_class=measurement, unit_of_measurement=µg/m³, device_class=pm25, friendly_name=공기청정기 PM2.5 @ 2025-08-06T13:17:32.548158+09:00>>
2025-08-06 13:17:32.548 DEBUG (MainThread) [homeassistant.core] Bus:Handling <Event state_reported[L]: entity_id=sensor.zhimi_airpurifier_m1_filter_life_remaining, old_last_reported=2025-08-06T13:17:17.550611+09:00, new_state=<state sensor.zhimi_airpurifier_m1_filter_life_remaining=0; state_class=measurement, unit_of_measurement=%, icon=mdi:air-filter, friendly_name=공기청정기 Filter life remaining @ 2025-08-06T13:14:47.988484+09:00>>
2025-08-06 13:17:32.548 DEBUG (MainThread) [homeassistant.core] Bus:Handling <Event state_reported[L]: entity_id=sensor.zhimi_airpurifier_m1_filter_use, old_last_reported=2025-08-06T13:17:17.550913+09:00, new_state=<state sensor.zhimi_airpurifier_m1_filter_use=3500; state_class=measurement, unit_of_measurement=h, device_class=duration, icon=mdi:clock-outline, friendly_name=공기청정기 Filter use @ 2025-08-06T13:14:47.989019+09:00>>
2025-08-06 13:17:32.548 DEBUG (MainThread) [homeassistant.core] Bus:Handling <Event state_reported[L]: entity_id=switch.zhimi_airpurifier_m1_buzzer, old_last_reported=2025-08-06T13:17:17.551851+09:00, new_state=<state switch.zhimi_airpurifier_m1_buzzer=off; icon=mdi:volume-high, friendly_name=공기청정기 Buzzer @ 2025-08-06T13:14:48.008732+09:00>>
2025-08-06 13:17:32.549 DEBUG (MainThread) [homeassistant.core] Bus:Handling <Event state_reported[L]: entity_id=switch.zhimi_airpurifier_m1_child_lock, old_last_reported=2025-08-06T13:17:17.552902+09:00, new_state=<state switch.zhimi_airpurifier_m1_child_lock=off; icon=mdi:lock, friendly_name=공기청정기 차일드 락 @ 2025-08-06T13:14:48.010084+09:00>>
2025-08-06 13:17:32.549 DEBUG (MainThread) [homeassistant.core] Bus:Handling <Event state_reported[L]: entity_id=switch.zhimi_airpurifier_m1_led, old_last_reported=2025-08-06T13:17:17.553063+09:00, new_state=<state switch.zhimi_airpurifier_m1_led=off; icon=mdi:led-outline, friendly_name=공기청정기 LED @ 2025-08-06T13:14:48.011089+09:00>>
2025-08-06 13:17:32.549 DEBUG (MainThread) [homeassistant.core] Bus:Handling <Event state_reported[L]: entity_id=switch.zhimi_airpurifier_m1_learn_mode, old_last_reported=2025-08-06T13:17:17.553236+09:00, new_state=<state switch.zhimi_airpurifier_m1_learn_mode=off; icon=mdi:school-outline, friendly_name=공기청정기 Learn mode @ 2025-08-06T13:14:48.015987+09:00>>
2025-08-06 13:17:42.251 DEBUG (MainThread) [custom_components.commax.binary_sensor] Updating state for doorbell sensor: 현관 도어벨
2025-08-06 13:17:42.251 DEBUG (MainThread) [custom_components.commax.binary_sensor] Getting state: path=/doorbell/state
2025-08-06 13:17:42.251 DEBUG (MainThread) [custom_components.commax.rs485_client] Sending command: {"type": "GET", "path": "/doorbell/state", "value": null, "id": "commax_18716173", "timeout": 5}
2025-08-06 13:17:42.252 ERROR (MainThread) [custom_components.commax.rs485_client] Failed to send command: Connection lost
2025-08-06 13:17:42.253 DEBUG (MainThread) [custom_components.commax.binary_sensor] No valid response received for doorbell sensor 현관 도어벨
2025-08-06 13:17:42.254 DEBUG (MainThread) [homeassistant.core] Bus:Handling <Event state_changed[L]: entity_id=binary_sensor.commax_doorbell_1, old_state=<state binary_sensor.commax_doorbell_1=off; device_class=occupancy, icon=mdi:bell-ring, friendly_name=현관 도어벨 @ 2025-08-06T13:16:42.344806+09:00>, new_state=<state binary_sensor.commax_doorbell_1=unavailable; device_class=occupancy, icon=mdi:bell-ring, friendly_name=현관 도어벨 @ 2025-08-06T13:17:42.253913+09:00>>
2025-08-06 13:17:42.254 DEBUG (MainThread) [custom_components.commax.binary_sensor] State written to Home Assistant for doorbell sensor 현관 도어벨
2025-08-06 13:17:42.254 DEBUG (MainThread) [homeassistant.core] Bus:Handling <Event state_reported[L]: entity_id=binary_sensor.commax_doorbell_1, old_last_reported=2025-08-06T13:17:42.253913+09:00, new_state=<state binary_sensor.commax_doorbell_1=unavailable; device_class=occupancy, icon=mdi:bell-ring, friendly_name=현관 도어벨 @ 2025-08-06T13:17:42.253913+09:00>>
2025-08-06 13:17:42.268 DEBUG (MainThread) [custom_components.commax.switch] Updating state for master switch: 일괄소등
2025-08-06 13:17:42.268 DEBUG (MainThread) [custom_components.commax.switch] Getting state: path=/alloff/state
2025-08-06 13:17:42.269 DEBUG (MainThread) [custom_components.commax.rs485_client] Sending command: {"type": "GET", "path": "/alloff/state", "value": null, "id": "commax_18716191", "timeout": 5}
2025-08-06 13:17:42.269 ERROR (MainThread) [custom_components.commax.rs485_client] Failed to send command: Connection lost
2025-08-06 13:17:42.269 DEBUG (MainThread) [custom_components.commax.switch] No valid response received for master switch 일괄소등
2025-08-06 13:17:42.269 DEBUG (MainThread) [homeassistant.core] Bus:Handling <Event state_changed[L]: entity_id=switch.commax_master_switch_1, old_state=<state switch.commax_master_switch_1=off; friendly_name=일괄소등 @ 2025-08-06T13:16:42.263077+09:00>, new_state=<state switch.commax_master_switch_1=unavailable; friendly_name=일괄소등 @ 2025-08-06T13:17:42.269575+09:00>>
2025-08-06 13:17:42.270 DEBUG (MainThread) [custom_components.commax.switch] State written to Home Assistant for master switch 일괄소등
2025-08-06 13:17:42.270 DEBUG (MainThread) [homeassistant.core] Bus:Handling <Event state_reported[L]: entity_id=switch.commax_master_switch_1, old_last_reported=2025-08-06T13:17:42.269575+09:00, new_state=<state switch.commax_master_switch_1=unavailable; friendly_name=일괄소등 @ 2025-08-06T13:17:42.269575+09:00>>
2025-08-06 13:17:42.438 DEBUG (MainThread) [custom_components.commax.light] Updating state for light: 거실 조명1
2025-08-06 13:17:42.438 DEBUG (MainThread) [custom_components.commax.light] Getting state: path=/lights/1/state
2025-08-06 13:17:42.439 DEBUG (MainThread) [custom_components.commax.rs485_client] Sending command: {"type": "GET", "path": "/lights/1/state", "value": null, "id": "commax_18716361", "timeout": 5}
2025-08-06 13:17:42.439 DEBUG (MainThread) [custom_components.commax.light] Updating state for light: 거실 조명2
2025-08-06 13:17:42.439 DEBUG (MainThread) [custom_components.commax.light] Getting state: path=/lights/2/state
2025-08-06 13:17:42.439 DEBUG (MainThread) [custom_components.commax.rs485_client] Sending command: {"type": "GET", "path": "/lights/2/state", "value": null, "id": "commax_18716361", "timeout": 5}
2025-08-06 13:17:42.439 DEBUG (MainThread) [custom_components.commax.light] Updating state for light: 거실 조명3
2025-08-06 13:17:42.439 DEBUG (MainThread) [custom_components.commax.light] Getting state: path=/lights/3/state
2025-08-06 13:17:42.439 DEBUG (MainThread) [custom_components.commax.rs485_client] Sending command: {"type": "GET", "path": "/lights/3/state", "value": null, "id": "commax_18716361", "timeout": 5}
2025-08-06 13:17:42.439 DEBUG (MainThread) [custom_components.commax.light] Updating state for light: 거실 조명4
2025-08-06 13:17:42.439 DEBUG (MainThread) [custom_components.commax.light] Getting state: path=/lights/4/state
2025-08-06 13:17:42.440 DEBUG (MainThread) [custom_components.commax.rs485_client] Sending command: {"type": "GET", "path": "/lights/4/state", "value": null, "id": "commax_18716362", "timeout": 5}
2025-08-06 13:17:42.440 DEBUG (MainThread) [custom_components.commax.light] Updating state for light: 복도 조명
2025-08-06 13:17:42.440 DEBUG (MainThread) [custom_components.commax.light] Getting state: path=/lights/5/state
2025-08-06 13:17:42.440 DEBUG (MainThread) [custom_components.commax.rs485_client] Sending command: {"type": "GET", "path": "/lights/5/state", "value": null, "id": "commax_18716362", "timeout": 5}
2025-08-06 13:17:42.440 ERROR (MainThread) [custom_components.commax.rs485_client] Failed to send command: Connection lost
2025-08-06 13:17:42.440 DEBUG (MainThread) [custom_components.commax.light] No valid response received for light 거실 조명1
2025-08-06 13:17:42.441 DEBUG (MainThread) [homeassistant.core] Bus:Handling <Event state_changed[L]: entity_id=light.geosil_jomyeong1, old_state=<state light.geosil_jomyeong1=off; supported_color_modes=[<ColorMode.ONOFF: 'onoff'>], color_mode=None, friendly_name=거실 조명1, supported_features=0 @ 2025-08-06T13:17:28.622084+09:00>, new_state=<state light.geosil_jomyeong1=unavailable; supported_color_modes=[<ColorMode.ONOFF: 'onoff'>], friendly_name=거실 조명1, supported_features=0 @ 2025-08-06T13:17:42.440998+09:00>>
2025-08-06 13:17:42.441 DEBUG (MainThread) [custom_components.commax.light] State written to Home Assistant for light 거실 조명1
2025-08-06 13:17:42.441 DEBUG (MainThread) [homeassistant.core] Bus:Handling <Event state_reported[L]: entity_id=light.geosil_jomyeong1, old_last_reported=2025-08-06T13:17:42.440998+09:00, new_state=<state light.geosil_jomyeong1=unavailable; supported_color_modes=[<ColorMode.ONOFF: 'onoff'>], friendly_name=거실 조명1, supported_features=0 @ 2025-08-06T13:17:42.440998+09:00>>
2025-08-06 13:17:42.441 ERROR (MainThread) [custom_components.commax.rs485_client] Failed to send command: Connection lost
2025-08-06 13:17:42.441 DEBUG (MainThread) [custom_components.commax.light] No valid response received for light 거실 조명2
2025-08-06 13:17:42.442 DEBUG (MainThread) [homeassistant.core] Bus:Handling <Event state_changed[L]: entity_id=light.geosil_jomyeong2, old_state=<state light.geosil_jomyeong2=off; supported_color_modes=[<ColorMode.ONOFF: 'onoff'>], color_mode=None, friendly_name=거실 조명2, supported_features=0 @ 2025-08-06T13:16:12.302663+09:00>, new_state=<state light.geosil_jomyeong2=unavailable; supported_color_modes=[<ColorMode.ONOFF: 'onoff'>], friendly_name=거실 조명2, supported_features=0 @ 2025-08-06T13:17:42.442000+09:00>>
2025-08-06 13:17:42.442 DEBUG (MainThread) [custom_components.commax.light] State written to Home Assistant for light 거실 조명2
2025-08-06 13:17:42.442 DEBUG (MainThread) [homeassistant.core] Bus:Handling <Event state_reported[L]: entity_id=light.geosil_jomyeong2, old_last_reported=2025-08-06T13:17:42.442000+09:00, new_state=<state light.geosil_jomyeong2=unavailable; supported_color_modes=[<ColorMode.ONOFF: 'onoff'>], friendly_name=거실 조명2, supported_features=0 @ 2025-08-06T13:17:42.442000+09:00>>
2025-08-06 13:17:42.442 ERROR (MainThread) [custom_components.commax.rs485_client] Failed to send command: Connection lost
2025-08-06 13:17:42.442 DEBUG (MainThread) [custom_components.commax.light] No valid response received for light 거실 조명3
2025-08-06 13:17:42.442 DEBUG (MainThread) [homeassistant.core] Bus:Handling <Event state_reported[L]: entity_id=light.geosil_jomyeong3, old_last_reported=2025-08-06T13:17:21.210232+09:00, new_state=<state light.geosil_jomyeong3=unavailable; supported_color_modes=[<ColorMode.ONOFF: 'onoff'>], friendly_name=거실 조명3, supported_features=0 @ 2025-08-06T13:17:21.203637+09:00>>
2025-08-06 13:17:42.442 DEBUG (MainThread) [custom_components.commax.light] State written to Home Assistant for light 거실 조명3
2025-08-06 13:17:42.443 DEBUG (MainThread) [homeassistant.core] Bus:Handling <Event state_reported[L]: entity_id=light.geosil_jomyeong3, old_last_reported=2025-08-06T13:17:42.442691+09:00, new_state=<state light.geosil_jomyeong3=unavailable; supported_color_modes=[<ColorMode.ONOFF: 'onoff'>], friendly_name=거실 조명3, supported_features=0 @ 2025-08-06T13:17:21.203637+09:00>>
2025-08-06 13:17:42.443 ERROR (MainThread) [custom_components.commax.rs485_client] Failed to send command: Connection lost
2025-08-06 13:17:42.443 DEBUG (MainThread) [custom_components.commax.light] No valid response received for light 거실 조명4
2025-08-06 13:17:42.443 DEBUG (MainThread) [homeassistant.core] Bus:Handling <Event state_reported[L]: entity_id=light.geosil_jomyeong4, old_last_reported=2025-08-06T13:17:12.471652+09:00, new_state=<state light.geosil_jomyeong4=unavailable; supported_color_modes=[<ColorMode.ONOFF: 'onoff'>], friendly_name=거실 조명4, supported_features=0 @ 2025-08-06T13:17:12.447812+09:00>>
2025-08-06 13:17:42.443 DEBUG (MainThread) [custom_components.commax.light] State written to Home Assistant for light 거실 조명4
2025-08-06 13:17:42.443 DEBUG (MainThread) [homeassistant.core] Bus:Handling <Event state_reported[L]: entity_id=light.geosil_jomyeong4, old_last_reported=2025-08-06T13:17:42.443373+09:00, new_state=<state light.geosil_jomyeong4=unavailable; supported_color_modes=[<ColorMode.ONOFF: 'onoff'>], friendly_name=거실 조명4, supported_features=0 @ 2025-08-06T13:17:12.447812+09:00>>
2025-08-06 13:17:42.443 ERROR (MainThread) [custom_components.commax.rs485_client] Failed to send command: Connection lost
2025-08-06 13:17:42.443 DEBUG (MainThread) [custom_components.commax.light] No valid response received for light 복도 조명
2025-08-06 13:17:42.444 DEBUG (MainThread) [homeassistant.core] Bus:Handling <Event state_changed[L]: entity_id=light.bogdo_jomyeong, old_state=<state light.bogdo_jomyeong=off; supported_color_modes=[<ColorMode.ONOFF: 'onoff'>], color_mode=None, friendly_name=복도 조명, supported_features=0 @ 2025-08-06T13:16:39.831584+09:00>, new_state=<state light.bogdo_jomyeong=unavailable; supported_color_modes=[<ColorMode.ONOFF: 'onoff'>], friendly_name=복도 조명, supported_features=0 @ 2025-08-06T13:17:42.444052+09:00>>
2025-08-06 13:17:42.444 DEBUG (MainThread) [custom_components.commax.light] State written to Home Assistant for light 복도 조명
2025-08-06 13:17:42.444 DEBUG (MainThread) [homeassistant.core] Bus:Handling <Event state_reported[L]: entity_id=light.bogdo_jomyeong, old_last_reported=2025-08-06T13:17:42.444052+09:00, new_state=<state light.bogdo_jomyeong=unavailable; supported_color_modes=[<ColorMode.ONOFF: 'onoff'>], friendly_name=복도 조명, supported_features=0 @ 2025-08-06T13:17:42.444052+09:00>>
2025-08-06 13:17:44.096 DEBUG (MainThread) [homeassistant.core] Bus:Handling <Event state_reported[L]: entity_id=sun.sun, old_last_reported=2025-08-06T13:17:29.094712+09:00, new_state=<state sun.sun=above_horizon; next_dawn=2025-08-06T20:12:19.937481+00:00, next_dusk=2025-08-06T11:04:07.962815+00:00, next_midnight=2025-08-06T15:37:59+00:00, next_noon=2025-08-07T03:37:59+00:00, next_rising=2025-08-06T20:41:22.994271+00:00, next_setting=2025-08-06T10:35:05.744028+00:00, elevation=67.63, azimuth=203.62, rising=False, friendly_name=Sun @ 2025-08-06T13:14:44.035206+09:00>>
2025-08-06 13:17:47.783 DEBUG (MainThread) [homeassistant.core] Bus:Handling <Event state_reported[L]: entity_id=binary_sensor.efm_networks_iptime_ax3000m_wan_status, old_last_reported=2025-08-06T13:17:17.452845+09:00, new_state=<state binary_sensor.efm_networks_iptime_ax3000m_wan_status=on; device_class=connectivity, friendly_name=EFM Networks ipTIME AX3000M WAN 상태 @ 2025-08-06T13:14:48.031083+09:00>>
2025-08-06 13:17:47.783 DEBUG (MainThread) [homeassistant.core] Bus:Handling <Event state_reported[L]: entity_id=sensor.efm_networks_iptime_ax3000m_external_ip, old_last_reported=2025-08-06T13:17:17.453304+09:00, new_state=<state sensor.efm_networks_iptime_ax3000m_external_ip=49.142.72.18; friendly_name=EFM Networks ipTIME AX3000M 외부 IP @ 2025-08-06T13:14:48.035416+09:00>>
2025-08-06 13:17:47.783 DEBUG (MainThread) [homeassistant.core] Bus:Handling <Event state_changed[L]: entity_id=sensor.efm_networks_iptime_ax3000m_download_speed, old_state=<state sensor.efm_networks_iptime_ax3000m_download_speed=3.47024170098841; state_class=measurement, unit_of_measurement=KiB/s, device_class=data_rate, friendly_name=EFM Networks ipTIME AX3000M 다운로드 속도 @ 2025-08-06T13:17:17.453515+09:00>, new_state=<state sensor.efm_networks_iptime_ax3000m_download_speed=6.34835703018968; state_class=measurement, unit_of_measurement=KiB/s, device_class=data_rate, friendly_name=EFM Networks ipTIME AX3000M 다운로드 속도 @ 2025-08-06T13:17:47.783604+09:00>>
2025-08-06 13:17:47.784 DEBUG (MainThread) [homeassistant.core] Bus:Handling <Event state_changed[L]: entity_id=sensor.efm_networks_iptime_ax3000m_upload_speed, old_state=<state sensor.efm_networks_iptime_ax3000m_upload_speed=1.26237069240668; state_class=measurement, unit_of_measurement=KiB/s, device_class=data_rate, friendly_name=EFM Networks ipTIME AX3000M 업로드 속도 @ 2025-08-06T13:17:17.453895+09:00>, new_state=<state sensor.efm_networks_iptime_ax3000m_upload_speed=2.2027821493379; state_class=measurement, unit_of_measurement=KiB/s, device_class=data_rate, friendly_name=EFM Networks ipTIME AX3000M 업로드 속도 @ 2025-08-06T13:17:47.784635+09:00>>
2025-08-06 13:17:47.808 DEBUG (MainThread) [homeassistant.core] Bus:Handling <Event state_reported[L]: entity_id=fan.zhimi_airpurifier_m1, old_last_reported=2025-08-06T13:17:32.546184+09:00, new_state=<state fan.zhimi_airpurifier_m1=off; preset_modes=['Auto', 'Silent', 'Favorite', 'Idle'], preset_mode=None, extra_features=0, turbo_mode_supported=False, button_pressed=None, sleep_time=None, sleep_mode_learn_count=None, use_time=148003558, sleep_mode=None, friendly_name=공기청정기, supported_features=56 @ 2025-08-06T13:14:47.916394+09:00>>
2025-08-06 13:17:47.809 DEBUG (MainThread) [homeassistant.core] Bus:Handling <Event state_reported[L]: entity_id=number.zhimi_airpurifier_m1_favorite_level, old_last_reported=2025-08-06T13:17:32.546690+09:00, new_state=<state number.zhimi_airpurifier_m1_favorite_level=10; min=0, max=17, step=1, mode=auto, icon=mdi:star-cog, friendly_name=공기청정기 Favorite level @ 2025-08-06T13:14:47.938869+09:00>>
2025-08-06 13:17:47.809 DEBUG (MainThread) [homeassistant.core] Bus:Handling <Event state_reported[L]: entity_id=select.zhimi_airpurifier_m1_led_brightness, old_last_reported=2025-08-06T13:17:32.546945+09:00, new_state=<state select.zhimi_airpurifier_m1_led_brightness=bright; options=['bright', 'dim', 'off'], icon=mdi:brightness-6, friendly_name=공기청정기 Led Brightness @ 2025-08-06T13:14:47.962032+09:00>>
2025-08-06 13:17:47.810 DEBUG (MainThread) [homeassistant.core] Bus:Handling <Event state_reported[L]: entity_id=sensor.zhimi_airpurifier_m1_temperature, old_last_reported=2025-08-06T13:17:32.547268+09:00, new_state=<state sensor.zhimi_airpurifier_m1_temperature=26.2; state_class=measurement, unit_of_measurement=°C, device_class=temperature, friendly_name=온도 @ 2025-08-06T13:17:32.547268+09:00>>
2025-08-06 13:17:47.810 DEBUG (MainThread) [homeassistant.core] Bus:Handling <Event state_reported[L]: entity_id=sensor.zhimi_airpurifier_m1_humidity, old_last_reported=2025-08-06T13:17:32.547633+09:00, new_state=<state sensor.zhimi_airpurifier_m1_humidity=57; state_class=measurement, unit_of_measurement=%, device_class=humidity, friendly_name=공기청정기 습도 @ 2025-08-06T13:15:17.561826+09:00>>
2025-08-06 13:17:47.810 DEBUG (MainThread) [homeassistant.core] Bus:Handling <Event state_reported[L]: entity_id=sensor.zhimi_airpurifier_m1_motor_speed, old_last_reported=2025-08-06T13:17:32.547954+09:00, new_state=<state sensor.zhimi_airpurifier_m1_motor_speed=0; state_class=measurement, unit_of_measurement=rpm, icon=mdi:fast-forward, friendly_name=공기청정기 Motor speed @ 2025-08-06T13:14:47.987427+09:00>>
2025-08-06 13:17:47.830 DEBUG (MainThread) [homeassistant.core] Bus:Handling <Event state_changed[L]: entity_id=sensor.zhimi_airpurifier_m1_pm2_5, old_state=<state sensor.zhimi_airpurifier_m1_pm2_5=31; state_class=measurement, unit_of_measurement=µg/m³, device_class=pm25, friendly_name=공기청정기 PM2.5 @ 2025-08-06T13:17:32.548158+09:00>, new_state=<state sensor.zhimi_airpurifier_m1_pm2_5=30; state_class=measurement, unit_of_measurement=µg/m³, device_class=pm25, friendly_name=공기청정기 PM2.5 @ 2025-08-06T13:17:47.830383+09:00>>
2025-08-06 13:17:47.831 DEBUG (MainThread) [homeassistant.core] Bus:Handling <Event state_reported[L]: entity_id=sensor.zhimi_airpurifier_m1_filter_life_remaining, old_last_reported=2025-08-06T13:17:32.548428+09:00, new_state=<state sensor.zhimi_airpurifier_m1_filter_life_remaining=0; state_class=measurement, unit_of_measurement=%, icon=mdi:air-filter, friendly_name=공기청정기 Filter life remaining @ 2025-08-06T13:14:47.988484+09:00>>
2025-08-06 13:17:47.833 DEBUG (MainThread) [homeassistant.core] Bus:Handling <Event state_reported[L]: entity_id=sensor.zhimi_airpurifier_m1_filter_use, old_last_reported=2025-08-06T13:17:32.548602+09:00, new_state=<state sensor.zhimi_airpurifier_m1_filter_use=3500; state_class=measurement, unit_of_measurement=h, device_class=duration, icon=mdi:clock-outline, friendly_name=공기청정기 Filter use @ 2025-08-06T13:14:47.989019+09:00>>
2025-08-06 13:17:47.833 DEBUG (MainThread) [homeassistant.core] Bus:Handling <Event state_reported[L]: entity_id=switch.zhimi_airpurifier_m1_buzzer, old_last_reported=2025-08-06T13:17:32.548823+09:00, new_state=<state switch.zhimi_airpurifier_m1_buzzer=off; icon=mdi:volume-high, friendly_name=공기청정기 Buzzer @ 2025-08-06T13:14:48.008732+09:00>>
2025-08-06 13:17:47.856 DEBUG (MainThread) [homeassistant.core] Bus:Handling <Event state_reported[L]: entity_id=switch.zhimi_airpurifier_m1_child_lock, old_last_reported=2025-08-06T13:17:32.548998+09:00, new_state=<state switch.zhimi_airpurifier_m1_child_lock=off; icon=mdi:lock, friendly_name=공기청정기 차일드 락 @ 2025-08-06T13:14:48.010084+09:00>>
2025-08-06 13:17:47.856 DEBUG (MainThread) [homeassistant.core] Bus:Handling <Event state_reported[L]: entity_id=switch.zhimi_airpurifier_m1_led, old_last_reported=2025-08-06T13:17:32.549165+09:00, new_state=<state switch.zhimi_airpurifier_m1_led=off; icon=mdi:led-outline, friendly_name=공기청정기 LED @ 2025-08-06T13:14:48.011089+09:00>>
2025-08-06 13:17:47.856 DEBUG (MainThread) [homeassistant.core] Bus:Handling <Event state_reported[L]: entity_id=switch.zhimi_airpurifier_m1_learn_mode, old_last_reported=2025-08-06T13:17:32.549327+09:00, new_state=<state switch.zhimi_airpurifier_m1_learn_mode=off; icon=mdi:school-outline, friendly_name=공기청정기 Learn mode @ 2025-08-06T13:14:48.015987+09:00>>
2025-08-06 13:17:59.097 DEBUG (MainThread) [homeassistant.core] Bus:Handling <Event state_reported[L]: entity_id=sun.sun, old_last_reported=2025-08-06T13:17:44.096083+09:00, new_state=<state sun.sun=above_horizon; next_dawn=2025-08-06T20:12:19.937481+00:00, next_dusk=2025-08-06T11:04:07.962815+00:00, next_midnight=2025-08-06T15:37:59+00:00, next_noon=2025-08-07T03:37:59+00:00, next_rising=2025-08-06T20:41:22.994271+00:00, next_setting=2025-08-06T10:35:05.744028+00:00, elevation=67.63, azimuth=203.62, rising=False, friendly_name=Sun @ 2025-08-06T13:14:44.035206+09:00>>
2025-08-06 13:18:02.551 DEBUG (MainThread) [homeassistant.core] Bus:Handling <Event state_reported[L]: entity_id=fan.zhimi_airpurifier_m1, old_last_reported=2025-08-06T13:17:47.808367+09:00, new_state=<state fan.zhimi_airpurifier_m1=off; preset_modes=['Auto', 'Silent', 'Favorite', 'Idle'], preset_mode=None, extra_features=0, turbo_mode_supported=False, button_pressed=None, sleep_time=None, sleep_mode_learn_count=None, use_time=148003558, sleep_mode=None, friendly_name=공기청정기, supported_features=56 @ 2025-08-06T13:14:47.916394+09:00>>
2025-08-06 13:18:02.551 DEBUG (MainThread) [homeassistant.core] Bus:Handling <Event state_reported[L]: entity_id=number.zhimi_airpurifier_m1_favorite_level, old_last_reported=2025-08-06T13:17:47.809181+09:00, new_state=<state number.zhimi_airpurifier_m1_favorite_level=10; min=0, max=17, step=1, mode=auto, icon=mdi:star-cog, friendly_name=공기청정기 Favorite level @ 2025-08-06T13:14:47.938869+09:00>>
2025-08-06 13:18:02.552 DEBUG (MainThread) [homeassistant.core] Bus:Handling <Event state_reported[L]: entity_id=select.zhimi_airpurifier_m1_led_brightness, old_last_reported=2025-08-06T13:17:47.809538+09:00, new_state=<state select.zhimi_airpurifier_m1_led_brightness=bright; options=['bright', 'dim', 'off'], icon=mdi:brightness-6, friendly_name=공기청정기 Led Brightness @ 2025-08-06T13:14:47.962032+09:00>>
2025-08-06 13:18:02.552 DEBUG (MainThread) [homeassistant.core] Bus:Handling <Event state_changed[L]: entity_id=sensor.zhimi_airpurifier_m1_temperature, old_state=<state sensor.zhimi_airpurifier_m1_temperature=26.2; state_class=measurement, unit_of_measurement=°C, device_class=temperature, friendly_name=온도 @ 2025-08-06T13:17:32.547268+09:00>, new_state=<state sensor.zhimi_airpurifier_m1_temperature=26.1; state_class=measurement, unit_of_measurement=°C, device_class=temperature, friendly_name=온도 @ 2025-08-06T13:18:02.552461+09:00>>
2025-08-06 13:18:02.553 DEBUG (MainThread) [homeassistant.core] Bus:Handling <Event state_reported[L]: entity_id=sensor.zhimi_airpurifier_m1_humidity, old_last_reported=2025-08-06T13:17:47.810264+09:00, new_state=<state sensor.zhimi_airpurifier_m1_humidity=57; state_class=measurement, unit_of_measurement=%, device_class=humidity, friendly_name=공기청정기 습도 @ 2025-08-06T13:15:17.561826+09:00>>
2025-08-06 13:18:02.553 DEBUG (MainThread) [homeassistant.core] Bus:Handling <Event state_reported[L]: entity_id=sensor.zhimi_airpurifier_m1_motor_speed, old_last_reported=2025-08-06T13:17:47.810583+09:00, new_state=<state sensor.zhimi_airpurifier_m1_motor_speed=0; state_class=measurement, unit_of_measurement=rpm, icon=mdi:fast-forward, friendly_name=공기청정기 Motor speed @ 2025-08-06T13:14:47.987427+09:00>>
2025-08-06 13:18:02.553 DEBUG (MainThread) [homeassistant.core] Bus:Handling <Event state_changed[L]: entity_id=sensor.zhimi_airpurifier_m1_pm2_5, old_state=<state sensor.zhimi_airpurifier_m1_pm2_5=30; state_class=measurement, unit_of_measurement=µg/m³, device_class=pm25, friendly_name=공기청정기 PM2.5 @ 2025-08-06T13:17:47.830383+09:00>, new_state=<state sensor.zhimi_airpurifier_m1_pm2_5=32; state_class=measurement, unit_of_measurement=µg/m³, device_class=pm25, friendly_name=공기청정기 PM2.5 @ 2025-08-06T13:18:02.553325+09:00>>
2025-08-06 13:18:02.553 DEBUG (MainThread) [homeassistant.core] Bus:Handling <Event state_reported[L]: entity_id=sensor.zhimi_airpurifier_m1_filter_life_remaining, old_last_reported=2025-08-06T13:17:47.831099+09:00, new_state=<state sensor.zhimi_airpurifier_m1_filter_life_remaining=0; state_class=measurement, unit_of_measurement=%, icon=mdi:air-filter, friendly_name=공기청정기 Filter life remaining @ 2025-08-06T13:14:47.988484+09:00>>
2025-08-06 13:18:02.553 DEBUG (MainThread) [homeassistant.core] Bus:Handling <Event state_reported[L]: entity_id=sensor.zhimi_airpurifier_m1_filter_use, old_last_reported=2025-08-06T13:17:47.832884+09:00, new_state=<state sensor.zhimi_airpurifier_m1_filter_use=3500; state_class=measurement, unit_of_measurement=h, device_class=duration, icon=mdi:clock-outline, friendly_name=공기청정기 Filter use @ 2025-08-06T13:14:47.989019+09:00>>
2025-08-06 13:18:02.554 DEBUG (MainThread) [homeassistant.core] Bus:Handling <Event state_reported[L]: entity_id=switch.zhimi_airpurifier_m1_buzzer, old_last_reported=2025-08-06T13:17:47.833346+09:00, new_state=<state switch.zhimi_airpurifier_m1_buzzer=off; icon=mdi:volume-high, friendly_name=공기청정기 Buzzer @ 2025-08-06T13:14:48.008732+09:00>>
2025-08-06 13:18:02.554 DEBUG (MainThread) [homeassistant.core] Bus:Handling <Event state_reported[L]: entity_id=switch.zhimi_airpurifier_m1_child_lock, old_last_reported=2025-08-06T13:17:47.855858+09:00, new_state=<state switch.zhimi_airpurifier_m1_child_lock=off; icon=mdi:lock, friendly_name=공기청정기 차일드 락 @ 2025-08-06T13:14:48.010084+09:00>>
2025-08-06 13:18:02.554 DEBUG (MainThread) [homeassistant.core] Bus:Handling <Event state_reported[L]: entity_id=switch.zhimi_airpurifier_m1_led, old_last_reported=2025-08-06T13:17:47.856263+09:00, new_state=<state switch.zhimi_airpurifier_m1_led=off; icon=mdi:led-outline, friendly_name=공기청정기 LED @ 2025-08-06T13:14:48.011089+09:00>>
2025-08-06 13:18:02.554 DEBUG (MainThread) [homeassistant.core] Bus:Handling <Event state_reported[L]: entity_id=switch.zhimi_airpurifier_m1_learn_mode, old_last_reported=2025-08-06T13:17:47.856438+09:00, new_state=<state switch.zhimi_airpurifier_m1_learn_mode=off; icon=mdi:school-outline, friendly_name=공기청정기 Learn mode @ 2025-08-06T13:14:48.015987+09:00>>
2025-08-06 13:18:06.568 DEBUG (MainThread) [homeassistant.core] Bus:Handling <Event call_service[L]: domain=climate, service=set_temperature, service_data=entity_id=climate.gongbubang_boilreo, temperature=21.5>
2025-08-06 13:18:06.569 DEBUG (MainThread) [homeassistant.components.climate] Check valid temperature 21 °C (21 °C) in range 7 °C - 35 °C
2025-08-06 13:18:06.569 DEBUG (MainThread) [custom_components.commax.rs485_client] Sending command: {"type": "SET", "path": "/boilers/3/temperature/set", "value": "21.5", "id": "commax_18740491", "timeout": 5}
2025-08-06 13:18:06.569 ERROR (MainThread) [custom_components.commax.rs485_client] Failed to send command: Connection lost
2025-08-06 13:18:06.569 ERROR (MainThread) [custom_components.commax.climate] Failed to set temperature for boiler 공부방 보일러
2025-08-06 13:18:06.570 DEBUG (MainThread) [homeassistant.core] Bus:Handling <Event state_changed[L]: entity_id=climate.gongbubang_boilreo, old_state=<state climate.gongbubang_boilreo=off; hvac_modes=[<HVACMode.OFF: 'off'>, <HVACMode.HEAT: 'heat'>], min_temp=7, max_temp=35, target_temp_step=0.5, current_temperature=20.0, temperature=20.0, hvac_action=off, icon=mdi:water-boiler, friendly_name=공부방 보일러, supported_features=1 @ 2025-08-06T13:17:12.272697+09:00>, new_state=<state climate.gongbubang_boilreo=unavailable; hvac_modes=[<HVACMode.OFF: 'off'>, <HVACMode.HEAT: 'heat'>], min_temp=7, max_temp=35, target_temp_step=0.5, icon=mdi:water-boiler, friendly_name=공부방 보일러, supported_features=1 @ 2025-08-06T13:18:06.570149+09:00>>
2025-08-06 13:18:06.570 DEBUG (MainThread) [custom_components.commax.climate] Updating state for boiler: 공부방 보일러
2025-08-06 13:18:06.570 DEBUG (MainThread) [custom_components.commax.climate] Getting state: path=/boilers/3/state
2025-08-06 13:18:06.570 DEBUG (MainThread) [custom_components.commax.rs485_client] Sending command: {"type": "GET", "path": "/boilers/3/state", "value": null, "id": "commax_18740493", "timeout": 5}
2025-08-06 13:18:06.570 ERROR (MainThread) [custom_components.commax.rs485_client] Failed to send command: [Errno 32] Broken pipe
2025-08-06 13:18:06.572 DEBUG (MainThread) [custom_components.commax.climate] No valid response received for boiler 공부방 보일러
2025-08-06 13:18:06.572 DEBUG (MainThread) [homeassistant.core] Bus:Handling <Event state_reported[L]: entity_id=climate.gongbubang_boilreo, old_last_reported=2025-08-06T13:18:06.570149+09:00, new_state=<state climate.gongbubang_boilreo=unavailable; hvac_modes=[<HVACMode.OFF: 'off'>, <HVACMode.HEAT: 'heat'>], min_temp=7, max_temp=35, target_temp_step=0.5, icon=mdi:water-boiler, friendly_name=공부방 보일러, supported_features=1 @ 2025-08-06T13:18:06.570149+09:00>>
2025-08-06 13:18:06.572 DEBUG (MainThread) [custom_components.commax.climate] State written to Home Assistant for boiler 공부방 보일러
2025-08-06 13:18:06.572 DEBUG (MainThread) [homeassistant.core] Bus:Handling <Event state_reported[L]: entity_id=climate.gongbubang_boilreo, old_last_reported=2025-08-06T13:18:06.572277+09:00, new_state=<state climate.gongbubang_boilreo=unavailable; hvac_modes=[<HVACMode.OFF: 'off'>, <HVACMode.HEAT: 'heat'>], min_temp=7, max_temp=35, target_temp_step=0.5, icon=mdi:water-boiler, friendly_name=공부방 보일러, supported_features=1 @ 2025-08-06T13:18:06.570149+09:00>>
2025-08-06 13:18:06.580 DEBUG (MainThread) [homeassistant.core] Invalid data for service call climate.set_hvac_mode: {'hvac_mode': '', 'entity_id': 'climate.gongbubang_boilreo'}
2025-08-06 13:18:06.609 DEBUG (MainThread) [homeassistant.core] Bus:Handling <Event call_service[L]: domain=system_log, service=write, service_data=logger=frontend.js.modern.202507023, message=Unhandled promise rejection from Chrome 138.0.0.0 on Windows 10
{
  "code": "invalid_format",
  "message": "expected HVACMode or one of 'off', 'heat', 'cool', 'heat_cool', 'auto', 'dry', 'fan_only' for dictionary value @ data['hvac_mode']"
}, level=debug>
2025-08-06 13:18:11.349 DEBUG (MainThread) [homeassistant.core] Bus:Handling <Event logging_changed[L]>
