2025-08-06 14:56:08.357 WARNING (SyncWorker_0) [homeassistant.loader] We found a custom integration commax which has not been tested by Home Assistant. This component might cause stability problems, be sure to disable it if you experience issues with Home Assistant
2025-08-06 14:56:08.358 WARNING (SyncWorker_0) [homeassistant.loader] We found a custom integration hacs which has not been tested by Home Assistant. This component might cause stability problems, be sure to disable it if you experience issues with Home Assistant
2025-08-06 14:56:08.359 WARNING (SyncWorker_0) [homeassistant.loader] We found a custom integration smartthinq_sensors which has not been tested by Home Assistant. This component might cause stability problems, be sure to disable it if you experience issues with Home Assistant
2025-08-06 14:56:09.889 DEBUG (MainThread) [homeassistant.core] Bus:Handling <Event service_registered[L]: domain=logger, service=set_default_level>
2025-08-06 14:56:09.889 DEBUG (MainThread) [homeassistant.core] Bus:Handling <Event service_registered[L]: domain=logger, service=set_level>
2025-08-06 14:56:10.031 INFO (MainThread) [homeassistant.setup] Setup of domain http took 0.15 seconds
2025-08-06 14:56:10.031 DEBUG (MainThread) [homeassistant.core] Bus:Handling <Event component_loaded[L]: component=http>
2025-08-06 14:56:10.031 INFO (MainThread) [homeassistant.setup] Setup of domain logger took 0.15 seconds
2025-08-06 14:56:10.031 DEBUG (MainThread) [homeassistant.core] Bus:Handling <Event component_loaded[L]: component=logger>
2025-08-06 14:56:10.031 INFO (MainThread) [homeassistant.setup] Setting up websocket_api
2025-08-06 14:56:10.032 INFO (MainThread) [homeassistant.setup] Setup of domain websocket_api took 0.00 seconds
2025-08-06 14:56:10.032 DEBUG (MainThread) [homeassistant.core] Bus:Handling <Event component_loaded[L]: component=websocket_api>
2025-08-06 14:56:10.032 INFO (MainThread) [homeassistant.setup] Setup of domain system_log took 0.15 seconds
2025-08-06 14:56:10.032 DEBUG (MainThread) [homeassistant.core] Bus:Handling <Event component_loaded[L]: component=system_log>
2025-08-06 14:56:10.033 INFO (MainThread) [homeassistant.setup] Setting up network
2025-08-06 14:56:10.037 INFO (MainThread) [homeassistant.setup] Setup of domain network took 0.00 seconds
2025-08-06 14:56:10.037 DEBUG (MainThread) [homeassistant.core] Bus:Handling <Event component_loaded[L]: component=network>
2025-08-06 14:56:10.038 INFO (MainThread) [homeassistant.bootstrap] Setting up stage frontend: {'frontend'} | set()
Dependencies: {'config', 'lovelace', 'file_upload', 'diagnostics', 'device_automation', 'auth', 'repairs', 'search', 'onboarding', 'api'} | {'websocket_api', 'http', 'system_log'}
2025-08-06 14:56:10.038 INFO (MainThread) [homeassistant.setup] Setting up auth
2025-08-06 14:56:10.040 INFO (MainThread) [homeassistant.setup] Setup of domain auth took 0.00 seconds
2025-08-06 14:56:10.040 DEBUG (MainThread) [homeassistant.core] Bus:Handling <Event component_loaded[L]: component=auth>
2025-08-06 14:56:10.040 INFO (MainThread) [homeassistant.setup] Setting up onboarding
2025-08-06 14:56:10.040 INFO (MainThread) [homeassistant.setup] Setup of domain onboarding took 0.00 seconds
2025-08-06 14:56:10.041 DEBUG (MainThread) [homeassistant.core] Bus:Handling <Event component_loaded[L]: component=onboarding>
2025-08-06 14:56:10.041 INFO (MainThread) [homeassistant.setup] Setting up lovelace
2025-08-06 14:56:10.041 DEBUG (MainThread) [homeassistant.core] Bus:Handling <Event panels_updated[L]>
2025-08-06 14:56:10.042 INFO (MainThread) [homeassistant.setup] Setting up file_upload
2025-08-06 14:56:10.042 INFO (MainThread) [homeassistant.setup] Setup of domain file_upload took 0.00 seconds
2025-08-06 14:56:10.043 DEBUG (MainThread) [homeassistant.core] Bus:Handling <Event component_loaded[L]: component=file_upload>
2025-08-06 14:56:10.043 INFO (MainThread) [homeassistant.setup] Setting up diagnostics
2025-08-06 14:56:10.044 INFO (MainThread) [homeassistant.setup] Setup of domain diagnostics took 0.00 seconds
2025-08-06 14:56:10.044 DEBUG (MainThread) [homeassistant.core] Bus:Handling <Event component_loaded[L]: component=diagnostics>
2025-08-06 14:56:10.044 INFO (MainThread) [homeassistant.setup] Setting up device_automation
2025-08-06 14:56:10.044 INFO (MainThread) [homeassistant.setup] Setup of domain device_automation took 0.00 seconds
2025-08-06 14:56:10.044 DEBUG (MainThread) [homeassistant.core] Bus:Handling <Event component_loaded[L]: component=device_automation>
2025-08-06 14:56:10.045 INFO (MainThread) [homeassistant.setup] Setting up repairs
2025-08-06 14:56:10.045 INFO (MainThread) [homeassistant.setup] Setup of domain repairs took 0.00 seconds
2025-08-06 14:56:10.045 DEBUG (MainThread) [homeassistant.core] Bus:Handling <Event component_loaded[L]: component=repairs>
2025-08-06 14:56:10.046 INFO (MainThread) [homeassistant.setup] Setting up api
2025-08-06 14:56:10.047 INFO (MainThread) [homeassistant.setup] Setup of domain api took 0.00 seconds
2025-08-06 14:56:10.048 DEBUG (MainThread) [homeassistant.core] Bus:Handling <Event component_loaded[L]: component=api>
2025-08-06 14:56:10.048 INFO (MainThread) [homeassistant.setup] Setting up search
2025-08-06 14:56:10.048 INFO (MainThread) [homeassistant.setup] Setup of domain search took 0.00 seconds
2025-08-06 14:56:10.048 DEBUG (MainThread) [homeassistant.core] Bus:Handling <Event component_loaded[L]: component=search>
2025-08-06 14:56:10.048 INFO (MainThread) [homeassistant.setup] Setting up config
2025-08-06 14:56:10.048 DEBUG (MainThread) [homeassistant.core] Bus:Handling <Event panels_updated[L]>
2025-08-06 14:56:10.048 DEBUG (MainThread) [homeassistant.core] Bus:Handling <Event component_loaded[L]: component=config.area_registry>
2025-08-06 14:56:10.049 DEBUG (MainThread) [homeassistant.core] Bus:Handling <Event component_loaded[L]: component=config.auth>
2025-08-06 14:56:10.049 DEBUG (MainThread) [homeassistant.core] Bus:Handling <Event component_loaded[L]: component=config.auth_provider_homeassistant>
2025-08-06 14:56:10.050 DEBUG (MainThread) [homeassistant.core] Bus:Handling <Event component_loaded[L]: component=config.automation>
2025-08-06 14:56:10.050 DEBUG (MainThread) [homeassistant.core] Bus:Handling <Event component_loaded[L]: component=config.category_registry>
2025-08-06 14:56:10.052 DEBUG (MainThread) [homeassistant.core] Bus:Handling <Event component_loaded[L]: component=config.config_entries>
2025-08-06 14:56:10.052 DEBUG (MainThread) [homeassistant.core] Bus:Handling <Event component_loaded[L]: component=config.core>
2025-08-06 14:56:10.053 DEBUG (MainThread) [homeassistant.core] Bus:Handling <Event component_loaded[L]: component=config.device_registry>
2025-08-06 14:56:10.053 DEBUG (MainThread) [homeassistant.core] Bus:Handling <Event component_loaded[L]: component=config.entity_registry>
2025-08-06 14:56:10.053 DEBUG (MainThread) [homeassistant.core] Bus:Handling <Event component_loaded[L]: component=config.floor_registry>
2025-08-06 14:56:10.053 DEBUG (MainThread) [homeassistant.core] Bus:Handling <Event component_loaded[L]: component=config.label_registry>
2025-08-06 14:56:10.053 DEBUG (MainThread) [homeassistant.core] Bus:Handling <Event component_loaded[L]: component=config.script>
2025-08-06 14:56:10.054 DEBUG (MainThread) [homeassistant.core] Bus:Handling <Event component_loaded[L]: component=config.scene>
2025-08-06 14:56:10.054 INFO (MainThread) [homeassistant.setup] Setup of domain config took 0.01 seconds
2025-08-06 14:56:10.054 DEBUG (MainThread) [homeassistant.core] Bus:Handling <Event component_loaded[L]: component=config>
2025-08-06 14:56:10.054 DEBUG (MainThread) [homeassistant.core] Bus:Handling <Event panels_updated[L]>
2025-08-06 14:56:10.056 INFO (MainThread) [homeassistant.setup] Setup of domain lovelace took 0.02 seconds
2025-08-06 14:56:10.056 DEBUG (MainThread) [homeassistant.core] Bus:Handling <Event component_loaded[L]: component=lovelace>
2025-08-06 14:56:10.057 INFO (MainThread) [homeassistant.setup] Setting up frontend
2025-08-06 14:56:10.066 DEBUG (MainThread) [homeassistant.core] Bus:Handling <Event panels_updated[L]>
2025-08-06 14:56:10.066 DEBUG (MainThread) [homeassistant.core] Bus:Handling <Event panels_updated[L]>
2025-08-06 14:56:10.067 DEBUG (MainThread) [homeassistant.core] Bus:Handling <Event service_registered[L]: domain=frontend, service=set_theme>
2025-08-06 14:56:10.067 DEBUG (MainThread) [homeassistant.core] Bus:Handling <Event service_registered[L]: domain=frontend, service=reload_themes>
2025-08-06 14:56:10.067 INFO (MainThread) [homeassistant.setup] Setup of domain frontend took 0.01 seconds
2025-08-06 14:56:10.067 DEBUG (MainThread) [homeassistant.core] Bus:Handling <Event component_loaded[L]: component=frontend>
2025-08-06 14:56:10.067 INFO (MainThread) [homeassistant.bootstrap] Setting up stage recorder: {'recorder'} | set()
Dependencies: set() | set()
2025-08-06 14:56:10.068 INFO (MainThread) [homeassistant.setup] Setting up recorder
2025-08-06 14:56:10.069 DEBUG (MainThread) [homeassistant.core] Bus:Handling <Event service_registered[L]: domain=recorder, service=purge>
2025-08-06 14:56:10.069 DEBUG (MainThread) [homeassistant.core] Bus:Handling <Event service_registered[L]: domain=recorder, service=purge_entities>
2025-08-06 14:56:10.069 DEBUG (MainThread) [homeassistant.core] Bus:Handling <Event service_registered[L]: domain=recorder, service=enable>
2025-08-06 14:56:10.070 DEBUG (MainThread) [homeassistant.core] Bus:Handling <Event service_registered[L]: domain=recorder, service=disable>
2025-08-06 14:56:10.070 DEBUG (MainThread) [homeassistant.core] Bus:Handling <Event service_registered[L]: domain=recorder, service=get_statistics>
2025-08-06 14:56:10.079 INFO (MainThread) [homeassistant.components.http] Now listening on port 8123
2025-08-06 14:56:10.080 INFO (MainThread) [homeassistant.setup] Setup of domain http took 0.01 seconds
2025-08-06 14:56:10.510 DEBUG (MainThread) [homeassistant.core] Bus:Handling <Event call_service[L]: domain=system_log, service=write, service_data=logger=frontend.js.modern.202507023, message=Unhandled promise rejection from Chrome 138.0.0.0 on Windows 10
{
  "code": "not_found",
  "message": "Subscription not found."
}, level=debug>
2025-08-06 14:56:10.668 INFO (MainThread) [homeassistant.setup] Setup of domain recorder took 0.60 seconds
2025-08-06 14:56:10.668 DEBUG (MainThread) [homeassistant.core] Bus:Handling <Event component_loaded[L]: component=recorder>
2025-08-06 14:56:10.671 INFO (MainThread) [homeassistant.bootstrap] Nothing to set up in stage debugger: {'debugpy'}
2025-08-06 14:56:10.671 INFO (MainThread) [homeassistant.bootstrap] Setting up stage zeroconf: {'zeroconf'} | set()
Dependencies: set() | {'websocket_api', 'http', 'api', 'network'}
2025-08-06 14:56:10.671 INFO (MainThread) [homeassistant.setup] Setting up zeroconf
2025-08-06 14:56:10.682 INFO (MainThread) [homeassistant.components.zeroconf] Starting Zeroconf broadcast
2025-08-06 14:56:10.683 INFO (MainThread) [homeassistant.setup] Setup of domain zeroconf took 0.01 seconds
2025-08-06 14:56:10.683 DEBUG (MainThread) [homeassistant.core] Bus:Handling <Event component_loaded[L]: component=zeroconf>
2025-08-06 14:56:10.683 INFO (MainThread) [homeassistant.bootstrap] Setting up stage 1: {'hassio', 'dhcp', 'bluetooth', 'ssdp', 'cloud', 'usb'} | set()
Dependencies: {'webhook', 'ffmpeg', 'assist_pipeline', 'backup', 'intent', 'tts', 'stt', 'wake_word', 'conversation'} | {'websocket_api', 'auth', 'repairs', 'http', 'network'}
2025-08-06 14:56:10.684 INFO (MainThread) [homeassistant.setup] Setting up webhook
2025-08-06 14:56:10.685 INFO (MainThread) [homeassistant.setup] Setup of domain webhook took 0.00 seconds
2025-08-06 14:56:10.685 DEBUG (MainThread) [homeassistant.core] Bus:Handling <Event component_loaded[L]: component=webhook>
2025-08-06 14:56:10.686 INFO (MainThread) [homeassistant.setup] Setting up hassio
2025-08-06 14:56:10.720 INFO (MainThread) [homeassistant.setup] Setting up ffmpeg
2025-08-06 14:56:10.720 DEBUG (MainThread) [homeassistant.core] Bus:Handling <Event service_registered[L]: domain=ffmpeg, service=start>
2025-08-06 14:56:10.720 DEBUG (MainThread) [homeassistant.core] Bus:Handling <Event service_registered[L]: domain=ffmpeg, service=stop>
2025-08-06 14:56:10.721 DEBUG (MainThread) [homeassistant.core] Bus:Handling <Event service_registered[L]: domain=ffmpeg, service=restart>
2025-08-06 14:56:10.721 INFO (MainThread) [homeassistant.setup] Setup of domain ffmpeg took 0.00 seconds
2025-08-06 14:56:10.721 DEBUG (MainThread) [homeassistant.core] Bus:Handling <Event component_loaded[L]: component=ffmpeg>
2025-08-06 14:56:10.730 INFO (MainThread) [homeassistant.setup] Setting up stt
2025-08-06 14:56:10.731 INFO (MainThread) [homeassistant.setup] Setup of domain stt took 0.00 seconds
2025-08-06 14:56:10.732 DEBUG (MainThread) [homeassistant.core] Bus:Handling <Event component_loaded[L]: component=stt>
2025-08-06 14:56:10.733 DEBUG (MainThread) [homeassistant.core] Bus:Handling <Event panels_updated[L]>
2025-08-06 14:56:10.740 DEBUG (MainThread) [homeassistant.core] Bus:Handling <Event service_registered[L]: domain=hassio, service=addon_start>
2025-08-06 14:56:10.740 DEBUG (MainThread) [homeassistant.core] Bus:Handling <Event service_registered[L]: domain=hassio, service=addon_stop>
2025-08-06 14:56:10.740 DEBUG (MainThread) [homeassistant.core] Bus:Handling <Event service_registered[L]: domain=hassio, service=addon_restart>
2025-08-06 14:56:10.740 DEBUG (MainThread) [homeassistant.core] Bus:Handling <Event service_registered[L]: domain=hassio, service=addon_stdin>
2025-08-06 14:56:10.740 DEBUG (MainThread) [homeassistant.core] Bus:Handling <Event service_registered[L]: domain=hassio, service=host_shutdown>
2025-08-06 14:56:10.740 DEBUG (MainThread) [homeassistant.core] Bus:Handling <Event service_registered[L]: domain=hassio, service=host_reboot>
2025-08-06 14:56:10.740 DEBUG (MainThread) [homeassistant.core] Bus:Handling <Event service_registered[L]: domain=hassio, service=backup_full>
2025-08-06 14:56:10.740 DEBUG (MainThread) [homeassistant.core] Bus:Handling <Event service_registered[L]: domain=hassio, service=backup_partial>
2025-08-06 14:56:10.741 DEBUG (MainThread) [homeassistant.core] Bus:Handling <Event service_registered[L]: domain=hassio, service=restore_full>
2025-08-06 14:56:10.741 DEBUG (MainThread) [homeassistant.core] Bus:Handling <Event service_registered[L]: domain=hassio, service=restore_partial>
2025-08-06 14:56:10.790 INFO (MainThread) [homeassistant.setup] Setting up wake_word
2025-08-06 14:56:10.790 INFO (MainThread) [homeassistant.setup] Setup of domain wake_word took 0.00 seconds
2025-08-06 14:56:10.790 DEBUG (MainThread) [homeassistant.core] Bus:Handling <Event component_loaded[L]: component=wake_word>
2025-08-06 14:56:10.797 INFO (MainThread) [homeassistant.setup] Setting up intent
2025-08-06 14:56:10.798 INFO (MainThread) [homeassistant.setup] Setup of domain intent took 0.00 seconds
2025-08-06 14:56:10.798 DEBUG (MainThread) [homeassistant.core] Bus:Handling <Event component_loaded[L]: component=intent>
2025-08-06 14:56:10.904 INFO (MainThread) [homeassistant.setup] Setting up usb
2025-08-06 14:56:10.906 INFO (MainThread) [homeassistant.setup] Setup of domain usb took 0.00 seconds
2025-08-06 14:56:10.906 DEBUG (MainThread) [homeassistant.core] Bus:Handling <Event component_loaded[L]: component=usb>
2025-08-06 14:56:10.940 DEBUG (MainThread) [homeassistant.core] Bus:Handling <Event panels_updated[L]>
2025-08-06 14:56:10.940 DEBUG (MainThread) [homeassistant.core] Bus:Handling <Event panels_updated[L]>
2025-08-06 14:56:11.887 INFO (MainThread) [homeassistant.setup] Setting up dhcp
2025-08-06 14:56:11.888 INFO (MainThread) [homeassistant.setup] Setup of domain dhcp took 0.00 seconds
2025-08-06 14:56:11.888 DEBUG (MainThread) [homeassistant.core] Bus:Handling <Event component_loaded[L]: component=dhcp>
2025-08-06 14:56:11.963 INFO (MainThread) [homeassistant.setup] Setting up ssdp
2025-08-06 14:56:11.986 INFO (MainThread) [homeassistant.setup] Setup of domain ssdp took 0.02 seconds
2025-08-06 14:56:11.987 DEBUG (MainThread) [homeassistant.core] Bus:Handling <Event component_loaded[L]: component=ssdp>
2025-08-06 14:56:12.033 INFO (MainThread) [homeassistant.setup] Setting up tts
2025-08-06 14:56:12.035 INFO (MainThread) [homeassistant.setup] Setup of domain hassio took 1.35 seconds
2025-08-06 14:56:12.092 DEBUG (MainThread) [homeassistant.core] Bus:Handling <Event service_registered[L]: domain=tts, service=speak>
2025-08-06 14:56:12.093 DEBUG (MainThread) [homeassistant.core] Bus:Handling <Event service_registered[L]: domain=tts, service=clear_cache>
2025-08-06 14:56:12.093 INFO (MainThread) [homeassistant.setup] Setup of domain tts took 0.06 seconds
2025-08-06 14:56:12.093 DEBUG (MainThread) [homeassistant.core] Bus:Handling <Event component_loaded[L]: component=tts>
2025-08-06 14:56:12.098 INFO (MainThread) [homeassistant.setup] Setting up binary_sensor
2025-08-06 14:56:12.099 INFO (MainThread) [homeassistant.setup] Setup of domain binary_sensor took 0.00 seconds
2025-08-06 14:56:12.099 DEBUG (MainThread) [homeassistant.core] Bus:Handling <Event component_loaded[L]: component=binary_sensor>
2025-08-06 14:56:12.100 INFO (MainThread) [homeassistant.setup] Setting up sensor
2025-08-06 14:56:12.100 INFO (MainThread) [homeassistant.setup] Setup of domain sensor took 0.00 seconds
2025-08-06 14:56:12.102 DEBUG (MainThread) [homeassistant.core] Bus:Handling <Event component_loaded[L]: component=sensor>
2025-08-06 14:56:12.103 INFO (MainThread) [homeassistant.setup] Setting up update
2025-08-06 14:56:12.103 DEBUG (MainThread) [homeassistant.core] Bus:Handling <Event service_registered[L]: domain=update, service=install>
2025-08-06 14:56:12.103 DEBUG (MainThread) [homeassistant.core] Bus:Handling <Event service_registered[L]: domain=update, service=skip>
2025-08-06 14:56:12.104 DEBUG (MainThread) [homeassistant.core] Bus:Handling <Event service_registered[L]: domain=update, service=clear_skipped>
2025-08-06 14:56:12.104 INFO (MainThread) [homeassistant.setup] Setup of domain update took 0.00 seconds
2025-08-06 14:56:12.104 DEBUG (MainThread) [homeassistant.core] Bus:Handling <Event component_loaded[L]: component=update>
2025-08-06 14:56:12.129 INFO (MainThread) [homeassistant.components.binary_sensor] Setting up hassio.binary_sensor
2025-08-06 14:56:12.130 DEBUG (MainThread) [homeassistant.components.binary_sensor] Not adding entity 작동 중 because it's disabled
2025-08-06 14:56:12.130 DEBUG (MainThread) [homeassistant.components.binary_sensor] Not adding entity 작동 중 because it's disabled
2025-08-06 14:56:12.130 DEBUG (MainThread) [homeassistant.components.binary_sensor] Not adding entity 작동 중 because it's disabled
2025-08-06 14:56:12.131 DEBUG (MainThread) [homeassistant.components.binary_sensor] Not adding entity 작동 중 because it's disabled
2025-08-06 14:56:12.131 DEBUG (MainThread) [homeassistant.components.binary_sensor] Not adding entity 작동 중 because it's disabled
2025-08-06 14:56:12.131 INFO (MainThread) [homeassistant.components.sensor] Setting up hassio.sensor
2025-08-06 14:56:12.136 INFO (MainThread) [homeassistant.components.update] Setting up hassio.update
2025-08-06 14:56:12.140 DEBUG (MainThread) [homeassistant.core] Bus:Handling <Event state_changed[L]: entity_id=update.home_assistant_supervisor_update, old_state=None, new_state=<state update.home_assistant_supervisor_update=off; auto_update=True, display_precision=0, installed_version=2025.07.3, in_progress=False, latest_version=2025.07.3, release_summary=None, release_url=https://github.com/home-assistant/supervisor/releases/tag/2025.07.3, skipped_version=None, title=Home Assistant Supervisor, update_percentage=None, entity_picture=https://brands.home-assistant.io/hassio/icon.png, friendly_name=Home Assistant Supervisor Update, supported_features=1 @ 2025-08-06T14:56:12.137259+09:00>>
2025-08-06 14:56:12.142 DEBUG (MainThread) [homeassistant.core] Bus:Handling <Event state_changed[L]: entity_id=update.home_assistant_core_update, old_state=None, new_state=<state update.home_assistant_core_update=off; auto_update=False, display_precision=0, installed_version=2025.7.4, in_progress=False, latest_version=2025.7.4, release_summary=None, release_url=https://www.home-assistant.io/latest-release-notes/, skipped_version=None, title=Home Assistant Core, update_percentage=None, entity_picture=https://brands.home-assistant.io/homeassistant/icon.png, friendly_name=Home Assistant Core Update, supported_features=11 @ 2025-08-06T14:56:12.141334+09:00>>
2025-08-06 14:56:12.142 DEBUG (MainThread) [homeassistant.core] Bus:Handling <Event state_changed[L]: entity_id=update.zigbee2mqtt_update, old_state=None, new_state=<state update.zigbee2mqtt_update=off; auto_update=False, display_precision=0, installed_version=2.6.0-1, in_progress=False, latest_version=2.6.0-1, release_summary=None, release_url=None, skipped_version=None, title=Zigbee2MQTT, update_percentage=None, entity_picture=/api/hassio/addons/45df7312_zigbee2mqtt/icon, friendly_name=Zigbee2MQTT Update, supported_features=25 @ 2025-08-06T14:56:12.142598+09:00>>
2025-08-06 14:56:12.143 DEBUG (MainThread) [homeassistant.core] Bus:Handling <Event state_changed[L]: entity_id=update.studio_code_server_update, old_state=None, new_state=<state update.studio_code_server_update=off; auto_update=False, display_precision=0, installed_version=5.19.3, in_progress=False, latest_version=5.19.3, release_summary=None, release_url=None, skipped_version=None, title=Studio Code Server, update_percentage=None, entity_picture=/api/hassio/addons/a0d7b954_vscode/icon, friendly_name=Studio Code Server Update, supported_features=25 @ 2025-08-06T14:56:12.143064+09:00>>
2025-08-06 14:56:12.143 DEBUG (MainThread) [homeassistant.core] Bus:Handling <Event state_changed[L]: entity_id=update.get_hacs_update, old_state=None, new_state=<state update.get_hacs_update=off; auto_update=False, display_precision=0, installed_version=1.3.1, in_progress=False, latest_version=1.3.1, release_summary=None, release_url=None, skipped_version=None, title=Get HACS, update_percentage=None, entity_picture=/api/hassio/addons/cb646a50_get/icon, friendly_name=Get HACS Update, supported_features=25 @ 2025-08-06T14:56:12.143474+09:00>>
2025-08-06 14:56:12.144 DEBUG (MainThread) [homeassistant.core] Bus:Handling <Event state_changed[L]: entity_id=update.samba_share_update, old_state=None, new_state=<state update.samba_share_update=off; auto_update=False, display_precision=0, installed_version=12.5.2, in_progress=False, latest_version=12.5.2, release_summary=None, release_url=None, skipped_version=None, title=Samba share, update_percentage=None, entity_picture=/api/hassio/addons/core_samba/icon, friendly_name=Samba share Update, supported_features=25 @ 2025-08-06T14:56:12.143928+09:00>>
2025-08-06 14:56:12.144 DEBUG (MainThread) [homeassistant.core] Bus:Handling <Event state_changed[L]: entity_id=update.advanced_ssh_web_terminal_update, old_state=None, new_state=<state update.advanced_ssh_web_terminal_update=off; auto_update=False, display_precision=0, installed_version=21.0.2, in_progress=False, latest_version=21.0.2, release_summary=None, release_url=None, skipped_version=None, title=Advanced SSH & Web Terminal, update_percentage=None, entity_picture=/api/hassio/addons/a0d7b954_ssh/icon, friendly_name=Advanced SSH & Web Terminal Update, supported_features=25 @ 2025-08-06T14:56:12.144295+09:00>>
2025-08-06 14:56:12.144 DEBUG (MainThread) [homeassistant.core] Bus:Handling <Event state_changed[L]: entity_id=update.home_assistant_operating_system_update, old_state=None, new_state=<state update.home_assistant_operating_system_update=off; auto_update=False, display_precision=0, installed_version=16.0, in_progress=False, latest_version=16.0, release_summary=None, release_url=https://github.com/home-assistant/operating-system/releases/tag/16.0, skipped_version=None, title=Home Assistant Operating System, update_percentage=None, entity_picture=https://brands.home-assistant.io/homeassistant/icon.png, friendly_name=Home Assistant Operating System Update, supported_features=11 @ 2025-08-06T14:56:12.144812+09:00>>
2025-08-06 14:56:12.153 DEBUG (MainThread) [homeassistant.core] Bus:Handling <Event component_loaded[L]: component=hassio>
2025-08-06 14:56:12.154 INFO (MainThread) [homeassistant.setup] Setting up backup
2025-08-06 14:56:12.159 DEBUG (MainThread) [homeassistant.core] Bus:Handling <Event service_registered[L]: domain=backup, service=create_automatic>
2025-08-06 14:56:12.161 INFO (MainThread) [homeassistant.setup] Setup of domain backup took 0.01 seconds
2025-08-06 14:56:12.228 INFO (MainThread) [homeassistant.setup] Setting up conversation
2025-08-06 14:56:12.230 DEBUG (MainThread) [homeassistant.core] Bus:Handling <Event state_changed[L]: entity_id=conversation.home_assistant, old_state=None, new_state=<state conversation.home_assistant=unknown; friendly_name=Home Assistant, supported_features=1 @ 2025-08-06T14:56:12.229138+09:00>>
2025-08-06 14:56:12.286 DEBUG (MainThread) [homeassistant.core] Bus:Handling <Event service_registered[L]: domain=conversation, service=process>
2025-08-06 14:56:12.286 DEBUG (MainThread) [homeassistant.core] Bus:Handling <Event service_registered[L]: domain=conversation, service=reload>
2025-08-06 14:56:12.287 INFO (MainThread) [homeassistant.setup] Setup of domain conversation took 0.06 seconds
2025-08-06 14:56:12.287 DEBUG (MainThread) [homeassistant.core] Bus:Handling <Event component_loaded[L]: component=conversation>
2025-08-06 14:56:12.288 INFO (MainThread) [homeassistant.setup] Setting up bluetooth
2025-08-06 14:56:12.293 INFO (MainThread) [homeassistant.setup] Setting up assist_pipeline
2025-08-06 14:56:12.295 INFO (MainThread) [homeassistant.setup] Setup of domain assist_pipeline took 0.00 seconds
2025-08-06 14:56:12.295 DEBUG (MainThread) [homeassistant.core] Bus:Handling <Event component_loaded[L]: component=assist_pipeline>
2025-08-06 14:56:12.350 INFO (MainThread) [homeassistant.setup] Setting up event
2025-08-06 14:56:12.350 INFO (MainThread) [homeassistant.setup] Setup of domain event took 0.00 seconds
2025-08-06 14:56:12.351 DEBUG (MainThread) [homeassistant.core] Bus:Handling <Event component_loaded[L]: component=event>
2025-08-06 14:56:12.358 INFO (MainThread) [homeassistant.setup] Setup of domain bluetooth took 0.07 seconds
2025-08-06 14:56:12.358 DEBUG (MainThread) [homeassistant.core] Bus:Handling <Event component_loaded[L]: component=bluetooth>
2025-08-06 14:56:12.360 INFO (MainThread) [homeassistant.components.sensor] Setting up backup.sensor
2025-08-06 14:56:12.361 DEBUG (MainThread) [homeassistant.core] Bus:Handling <Event state_changed[L]: entity_id=sensor.backup_backup_manager_state, old_state=None, new_state=<state sensor.backup_backup_manager_state=blocked; options=['idle', 'create_backup', 'blocked', 'receive_backup', 'restore_backup'], device_class=enum, friendly_name=Backup Backup Manager state @ 2025-08-06T14:56:12.361432+09:00>>
2025-08-06 14:56:12.362 DEBUG (MainThread) [homeassistant.core] Bus:Handling <Event state_changed[L]: entity_id=sensor.backup_next_scheduled_automatic_backup, old_state=None, new_state=<state sensor.backup_next_scheduled_automatic_backup=unknown; device_class=timestamp, friendly_name=Backup Next scheduled automatic backup @ 2025-08-06T14:56:12.362056+09:00>>
2025-08-06 14:56:12.362 DEBUG (MainThread) [homeassistant.core] Bus:Handling <Event state_changed[L]: entity_id=sensor.backup_last_successful_automatic_backup, old_state=None, new_state=<state sensor.backup_last_successful_automatic_backup=unknown; device_class=timestamp, friendly_name=Backup Last successful automatic backup @ 2025-08-06T14:56:12.362448+09:00>>
2025-08-06 14:56:12.362 DEBUG (MainThread) [homeassistant.core] Bus:Handling <Event state_changed[L]: entity_id=sensor.backup_last_attempted_automatic_backup, old_state=None, new_state=<state sensor.backup_last_attempted_automatic_backup=unknown; device_class=timestamp, friendly_name=Backup Last attempted automatic backup @ 2025-08-06T14:56:12.362840+09:00>>
2025-08-06 14:56:12.363 INFO (MainThread) [homeassistant.components.event] Setting up backup.event
2025-08-06 14:56:12.363 DEBUG (MainThread) [homeassistant.core] Bus:Handling <Event state_changed[L]: entity_id=event.backup_automatic_backup, old_state=None, new_state=<state event.backup_automatic_backup=unknown; event_types=['completed', 'failed', 'in_progress'], event_type=None, friendly_name=Backup Automatic backup @ 2025-08-06T14:56:12.363767+09:00>>
2025-08-06 14:56:12.364 DEBUG (MainThread) [homeassistant.core] Bus:Handling <Event component_loaded[L]: component=backup>
2025-08-06 14:56:12.368 DEBUG (MainThread) [homeassistant.core] Bus:Handling <Event state_reported[L]: entity_id=sensor.backup_backup_manager_state, old_last_reported=2025-08-06T14:56:12.361432+09:00, new_state=<state sensor.backup_backup_manager_state=blocked; options=['idle', 'create_backup', 'blocked', 'receive_backup', 'restore_backup'], device_class=enum, friendly_name=Backup Backup Manager state @ 2025-08-06T14:56:12.361432+09:00>>
2025-08-06 14:56:12.368 DEBUG (MainThread) [homeassistant.core] Bus:Handling <Event state_reported[L]: entity_id=sensor.backup_next_scheduled_automatic_backup, old_last_reported=2025-08-06T14:56:12.362056+09:00, new_state=<state sensor.backup_next_scheduled_automatic_backup=unknown; device_class=timestamp, friendly_name=Backup Next scheduled automatic backup @ 2025-08-06T14:56:12.362056+09:00>>
2025-08-06 14:56:12.368 DEBUG (MainThread) [homeassistant.core] Bus:Handling <Event state_reported[L]: entity_id=sensor.backup_last_successful_automatic_backup, old_last_reported=2025-08-06T14:56:12.362448+09:00, new_state=<state sensor.backup_last_successful_automatic_backup=unknown; device_class=timestamp, friendly_name=Backup Last successful automatic backup @ 2025-08-06T14:56:12.362448+09:00>>
2025-08-06 14:56:12.369 DEBUG (MainThread) [homeassistant.core] Bus:Handling <Event state_reported[L]: entity_id=sensor.backup_last_attempted_automatic_backup, old_last_reported=2025-08-06T14:56:12.362840+09:00, new_state=<state sensor.backup_last_attempted_automatic_backup=unknown; device_class=timestamp, friendly_name=Backup Last attempted automatic backup @ 2025-08-06T14:56:12.362840+09:00>>
2025-08-06 14:56:12.617 INFO (MainThread) [homeassistant.setup] Setting up cloud
2025-08-06 14:56:12.618 DEBUG (MainThread) [homeassistant.core] Bus:Handling <Event service_registered[L]: domain=cloud, service=remote_connect>
2025-08-06 14:56:12.618 DEBUG (MainThread) [homeassistant.core] Bus:Handling <Event service_registered[L]: domain=cloud, service=remote_disconnect>
2025-08-06 14:56:12.621 INFO (MainThread) [homeassistant.setup] Setup of domain cloud took 0.00 seconds
2025-08-06 14:56:12.621 DEBUG (MainThread) [homeassistant.core] Bus:Handling <Event component_loaded[L]: component=cloud>
2025-08-06 14:56:12.624 DEBUG (MainThread) [homeassistant.core] Bus:Handling <Event state_reported[L]: entity_id=sensor.backup_backup_manager_state, old_last_reported=2025-08-06T14:56:12.367441+09:00, new_state=<state sensor.backup_backup_manager_state=blocked; options=['idle', 'create_backup', 'blocked', 'receive_backup', 'restore_backup'], device_class=enum, friendly_name=Backup Backup Manager state @ 2025-08-06T14:56:12.361432+09:00>>
2025-08-06 14:56:12.624 DEBUG (MainThread) [homeassistant.core] Bus:Handling <Event state_reported[L]: entity_id=sensor.backup_next_scheduled_automatic_backup, old_last_reported=2025-08-06T14:56:12.368617+09:00, new_state=<state sensor.backup_next_scheduled_automatic_backup=unknown; device_class=timestamp, friendly_name=Backup Next scheduled automatic backup @ 2025-08-06T14:56:12.362056+09:00>>
2025-08-06 14:56:12.624 DEBUG (MainThread) [homeassistant.core] Bus:Handling <Event state_reported[L]: entity_id=sensor.backup_last_successful_automatic_backup, old_last_reported=2025-08-06T14:56:12.368816+09:00, new_state=<state sensor.backup_last_successful_automatic_backup=unknown; device_class=timestamp, friendly_name=Backup Last successful automatic backup @ 2025-08-06T14:56:12.362448+09:00>>
2025-08-06 14:56:12.624 DEBUG (MainThread) [homeassistant.core] Bus:Handling <Event state_reported[L]: entity_id=sensor.backup_last_attempted_automatic_backup, old_last_reported=2025-08-06T14:56:12.368992+09:00, new_state=<state sensor.backup_last_attempted_automatic_backup=unknown; device_class=timestamp, friendly_name=Backup Last attempted automatic backup @ 2025-08-06T14:56:12.362840+09:00>>
2025-08-06 14:56:12.625 INFO (MainThread) [homeassistant.bootstrap] Setting up stage 2: {'input_datetime', 'input_boolean', 'application_credentials', 'dlna_dms', 'mobile_app', 'schedule', 'input_select', 'hacs', 'timer', 'cast', 'go2rtc', 'input_button', 'script', 'scene', 'tag', 'input_number', 'google_translate', 'default_config', 'xiaomi_miio', 'person', 'system_health', 'mqtt', 'shopping_list', 'automation', 'smartthings', 'analytics', 'counter', 'radio_browser', 'tasmota', 'hardware', 'met', 'sun', 'input_text', 'zone', 'upnp'} | {'logger', 'hassio', 'backup', 'network', 'frontend'}
Dependencies: {'trace', 'logbook', 'stream', 'energy', 'camera', 'my', 'history', 'blueprint', 'image_upload', 'media_source', 'homeassistant_alerts'} | {'persistent_notification', 'ffmpeg', 'diagnostics', 'auth', 'bluetooth', 'zeroconf', 'assist_pipeline', 'hassio', 'device_automation', 'repairs', 'network', 'search', 'recorder', 'onboarding', 'api', 'usb', 'stt', 'webhook', 'file_upload', 'backup', 'intent', 'dhcp', 'config', 'cloud', 'wake_word', 'conversation', 'system_log', 'websocket_api', 'lovelace', 'http', 'ssdp', 'tts', 'frontend'}
2025-08-06 14:56:12.625 INFO (MainThread) [homeassistant.setup] Setting up camera
2025-08-06 14:56:12.626 DEBUG (MainThread) [homeassistant.core] Bus:Handling <Event service_registered[L]: domain=camera, service=enable_motion_detection>
2025-08-06 14:56:12.627 DEBUG (MainThread) [homeassistant.core] Bus:Handling <Event service_registered[L]: domain=camera, service=disable_motion_detection>
2025-08-06 14:56:12.627 DEBUG (MainThread) [homeassistant.core] Bus:Handling <Event service_registered[L]: domain=camera, service=turn_off>
2025-08-06 14:56:12.627 DEBUG (MainThread) [homeassistant.core] Bus:Handling <Event service_registered[L]: domain=camera, service=turn_on>
2025-08-06 14:56:12.627 DEBUG (MainThread) [homeassistant.core] Bus:Handling <Event service_registered[L]: domain=camera, service=snapshot>
2025-08-06 14:56:12.628 DEBUG (MainThread) [homeassistant.core] Bus:Handling <Event service_registered[L]: domain=camera, service=play_stream>
2025-08-06 14:56:12.628 DEBUG (MainThread) [homeassistant.core] Bus:Handling <Event service_registered[L]: domain=camera, service=record>
2025-08-06 14:56:12.628 INFO (MainThread) [homeassistant.setup] Setup of domain camera took 0.00 seconds
2025-08-06 14:56:12.628 DEBUG (MainThread) [homeassistant.core] Bus:Handling <Event component_loaded[L]: component=camera>
2025-08-06 14:56:12.629 INFO (MainThread) [homeassistant.setup] Setting up scene
2025-08-06 14:56:12.631 DEBUG (MainThread) [homeassistant.core] Bus:Handling <Event service_registered[L]: domain=scene, service=turn_on>
2025-08-06 14:56:12.631 INFO (MainThread) [homeassistant.setup] Setup of domain scene took 0.00 seconds
2025-08-06 14:56:12.631 DEBUG (MainThread) [homeassistant.core] Bus:Handling <Event component_loaded[L]: component=scene>
2025-08-06 14:56:12.632 INFO (MainThread) [homeassistant.setup] Setting up input_boolean
2025-08-06 14:56:12.633 DEBUG (MainThread) [homeassistant.core] Bus:Handling <Event service_registered[L]: domain=input_boolean, service=reload>
2025-08-06 14:56:12.633 DEBUG (MainThread) [homeassistant.core] Bus:Handling <Event service_registered[L]: domain=input_boolean, service=turn_on>
2025-08-06 14:56:12.634 DEBUG (MainThread) [homeassistant.core] Bus:Handling <Event service_registered[L]: domain=input_boolean, service=turn_off>
2025-08-06 14:56:12.634 DEBUG (MainThread) [homeassistant.core] Bus:Handling <Event service_registered[L]: domain=input_boolean, service=toggle>
2025-08-06 14:56:12.634 INFO (MainThread) [homeassistant.setup] Setup of domain input_boolean took 0.00 seconds
2025-08-06 14:56:12.634 DEBUG (MainThread) [homeassistant.core] Bus:Handling <Event component_loaded[L]: component=input_boolean>
2025-08-06 14:56:12.634 INFO (MainThread) [homeassistant.setup] Setting up logbook
2025-08-06 14:56:12.634 DEBUG (MainThread) [homeassistant.core] Bus:Handling <Event panels_updated[L]>
2025-08-06 14:56:12.636 DEBUG (MainThread) [homeassistant.core] Bus:Handling <Event service_registered[L]: domain=logbook, service=log>
2025-08-06 14:56:12.637 INFO (MainThread) [homeassistant.setup] Setup of domain logbook took 0.00 seconds
2025-08-06 14:56:12.637 DEBUG (MainThread) [homeassistant.core] Bus:Handling <Event component_loaded[L]: component=logbook>
2025-08-06 14:56:12.637 INFO (MainThread) [homeassistant.setup] Setting up media_source
2025-08-06 14:56:12.637 DEBUG (MainThread) [homeassistant.core] Bus:Handling <Event panels_updated[L]>
2025-08-06 14:56:12.638 INFO (MainThread) [homeassistant.setup] Setup of domain media_source took 0.00 seconds
2025-08-06 14:56:12.638 DEBUG (MainThread) [homeassistant.core] Bus:Handling <Event component_loaded[L]: component=media_source>
2025-08-06 14:56:12.639 INFO (MainThread) [homeassistant.setup] Setting up image_upload
2025-08-06 14:56:12.640 INFO (MainThread) [homeassistant.setup] Setup of domain image_upload took 0.00 seconds
2025-08-06 14:56:12.640 DEBUG (MainThread) [homeassistant.core] Bus:Handling <Event component_loaded[L]: component=image_upload>
2025-08-06 14:56:12.641 INFO (MainThread) [homeassistant.setup] Setting up person
2025-08-06 14:56:12.642 INFO (MainThread) [homeassistant.setup] Setting up history
2025-08-06 14:56:12.642 DEBUG (MainThread) [homeassistant.core] Bus:Handling <Event panels_updated[L]>
2025-08-06 14:56:12.643 INFO (MainThread) [homeassistant.setup] Setup of domain history took 0.00 seconds
2025-08-06 14:56:12.643 DEBUG (MainThread) [homeassistant.core] Bus:Handling <Event component_loaded[L]: component=history>
2025-08-06 14:56:12.643 INFO (MainThread) [homeassistant.setup] Setting up input_select
2025-08-06 14:56:12.644 DEBUG (MainThread) [homeassistant.core] Bus:Handling <Event service_registered[L]: domain=input_select, service=reload>
2025-08-06 14:56:12.644 DEBUG (MainThread) [homeassistant.core] Bus:Handling <Event service_registered[L]: domain=input_select, service=select_first>
2025-08-06 14:56:12.645 DEBUG (MainThread) [homeassistant.core] Bus:Handling <Event service_registered[L]: domain=input_select, service=select_last>
2025-08-06 14:56:12.645 DEBUG (MainThread) [homeassistant.core] Bus:Handling <Event service_registered[L]: domain=input_select, service=select_next>
2025-08-06 14:56:12.646 DEBUG (MainThread) [homeassistant.core] Bus:Handling <Event service_registered[L]: domain=input_select, service=select_option>
2025-08-06 14:56:12.647 DEBUG (MainThread) [homeassistant.core] Bus:Handling <Event service_registered[L]: domain=input_select, service=select_previous>
2025-08-06 14:56:12.647 DEBUG (MainThread) [homeassistant.core] Bus:Handling <Event service_registered[L]: domain=input_select, service=set_options>
2025-08-06 14:56:12.647 INFO (MainThread) [homeassistant.setup] Setup of domain input_select took 0.00 seconds
2025-08-06 14:56:12.648 DEBUG (MainThread) [homeassistant.core] Bus:Handling <Event component_loaded[L]: component=input_select>
2025-08-06 14:56:12.648 INFO (MainThread) [homeassistant.setup] Setting up timer
2025-08-06 14:56:12.649 DEBUG (MainThread) [homeassistant.core] Bus:Handling <Event service_registered[L]: domain=timer, service=reload>
2025-08-06 14:56:12.650 DEBUG (MainThread) [homeassistant.core] Bus:Handling <Event service_registered[L]: domain=timer, service=start>
2025-08-06 14:56:12.650 DEBUG (MainThread) [homeassistant.core] Bus:Handling <Event service_registered[L]: domain=timer, service=pause>
2025-08-06 14:56:12.650 DEBUG (MainThread) [homeassistant.core] Bus:Handling <Event service_registered[L]: domain=timer, service=cancel>
2025-08-06 14:56:12.650 DEBUG (MainThread) [homeassistant.core] Bus:Handling <Event service_registered[L]: domain=timer, service=finish>
2025-08-06 14:56:12.650 DEBUG (MainThread) [homeassistant.core] Bus:Handling <Event service_registered[L]: domain=timer, service=change>
2025-08-06 14:56:12.651 INFO (MainThread) [homeassistant.setup] Setup of domain timer took 0.00 seconds
2025-08-06 14:56:12.651 DEBUG (MainThread) [homeassistant.core] Bus:Handling <Event component_loaded[L]: component=timer>
2025-08-06 14:56:12.651 INFO (MainThread) [homeassistant.setup] Setting up input_button
2025-08-06 14:56:12.653 DEBUG (MainThread) [homeassistant.core] Bus:Handling <Event service_registered[L]: domain=input_button, service=reload>
2025-08-06 14:56:12.653 DEBUG (MainThread) [homeassistant.core] Bus:Handling <Event service_registered[L]: domain=input_button, service=press>
2025-08-06 14:56:12.653 INFO (MainThread) [homeassistant.setup] Setup of domain input_button took 0.00 seconds
2025-08-06 14:56:12.653 DEBUG (MainThread) [homeassistant.core] Bus:Handling <Event component_loaded[L]: component=input_button>
2025-08-06 14:56:12.654 INFO (MainThread) [homeassistant.setup] Setting up blueprint
2025-08-06 14:56:12.654 INFO (MainThread) [homeassistant.setup] Setup of domain blueprint took 0.00 seconds
2025-08-06 14:56:12.654 DEBUG (MainThread) [homeassistant.core] Bus:Handling <Event component_loaded[L]: component=blueprint>
2025-08-06 14:56:12.654 INFO (MainThread) [homeassistant.setup] Setting up trace
2025-08-06 14:56:12.655 INFO (MainThread) [homeassistant.setup] Setup of domain trace took 0.00 seconds
2025-08-06 14:56:12.655 DEBUG (MainThread) [homeassistant.core] Bus:Handling <Event component_loaded[L]: component=trace>
2025-08-06 14:56:12.655 INFO (MainThread) [homeassistant.setup] Setting up script
2025-08-06 14:56:12.656 DEBUG (MainThread) [homeassistant.core] Bus:Handling <Event service_registered[L]: domain=script, service=reload>
2025-08-06 14:56:12.656 DEBUG (MainThread) [homeassistant.core] Bus:Handling <Event service_registered[L]: domain=script, service=turn_on>
2025-08-06 14:56:12.656 DEBUG (MainThread) [homeassistant.core] Bus:Handling <Event service_registered[L]: domain=script, service=turn_off>
2025-08-06 14:56:12.656 DEBUG (MainThread) [homeassistant.core] Bus:Handling <Event service_registered[L]: domain=script, service=toggle>
2025-08-06 14:56:12.656 INFO (MainThread) [homeassistant.setup] Setup of domain script took 0.00 seconds
2025-08-06 14:56:12.656 DEBUG (MainThread) [homeassistant.core] Bus:Handling <Event component_loaded[L]: component=script>
2025-08-06 14:56:12.656 INFO (MainThread) [homeassistant.setup] Setting up input_number
2025-08-06 14:56:12.658 DEBUG (MainThread) [homeassistant.core] Bus:Handling <Event service_registered[L]: domain=input_number, service=reload>
2025-08-06 14:56:12.661 DEBUG (MainThread) [homeassistant.core] Bus:Handling <Event service_registered[L]: domain=input_number, service=set_value>
2025-08-06 14:56:12.661 DEBUG (MainThread) [homeassistant.core] Bus:Handling <Event service_registered[L]: domain=input_number, service=increment>
2025-08-06 14:56:12.661 DEBUG (MainThread) [homeassistant.core] Bus:Handling <Event service_registered[L]: domain=input_number, service=decrement>
2025-08-06 14:56:12.661 INFO (MainThread) [homeassistant.setup] Setup of domain input_number took 0.00 seconds
2025-08-06 14:56:12.661 DEBUG (MainThread) [homeassistant.core] Bus:Handling <Event component_loaded[L]: component=input_number>
2025-08-06 14:56:12.662 INFO (MainThread) [homeassistant.setup] Setting up stream
2025-08-06 14:56:12.663 INFO (MainThread) [homeassistant.setup] Setting up system_health
2025-08-06 14:56:12.664 INFO (MainThread) [homeassistant.setup] Setup of domain system_health took 0.00 seconds
2025-08-06 14:56:12.664 DEBUG (MainThread) [homeassistant.core] Bus:Handling <Event component_loaded[L]: component=system_health>
2025-08-06 14:56:12.667 INFO (MainThread) [homeassistant.setup] Setting up zone
2025-08-06 14:56:12.668 DEBUG (MainThread) [homeassistant.core] Bus:Handling <Event service_registered[L]: domain=zone, service=reload>
2025-08-06 14:56:12.673 DEBUG (MainThread) [homeassistant.core] Bus:Handling <Event state_changed[L]: entity_id=zone.home, old_state=None, new_state=<state zone.home=0; latitude=37.50206958952469, longitude=126.95912763476375, radius=100, passive=False, persons=[], editable=True, icon=mdi:home, friendly_name=집 @ 2025-08-06T14:56:12.669227+09:00>>
2025-08-06 14:56:12.673 INFO (MainThread) [homeassistant.setup] Setup of domain zone took 0.01 seconds
2025-08-06 14:56:12.673 DEBUG (MainThread) [homeassistant.core] Bus:Handling <Event component_loaded[L]: component=zone>
2025-08-06 14:56:12.675 DEBUG (MainThread) [homeassistant.core] Bus:Handling <Event state_changed[L]: entity_id=person.gimjungyo, old_state=None, new_state=<state person.gimjungyo=home; editable=True, id=gimjungyo, device_trackers=['device_tracker.gimjungyoyi_iphone', 'device_tracker.gimjungyoyi_ipad'], latitude=37.50205526530521, longitude=126.95938130662636, gps_accuracy=14, source=person.gimjungyo, user_id=acdae19039da4fd6a1a78cbe5403a220, friendly_name=김준교 @ 2025-08-06T14:56:12.675251+09:00>>
2025-08-06 14:56:12.676 DEBUG (MainThread) [homeassistant.core] Bus:Handling <Event state_changed[L]: entity_id=zone.home, old_state=<state zone.home=0; latitude=37.50206958952469, longitude=126.95912763476375, radius=100, passive=False, persons=[], editable=True, icon=mdi:home, friendly_name=집 @ 2025-08-06T14:56:12.669227+09:00>, new_state=<state zone.home=1; latitude=37.50206958952469, longitude=126.95912763476375, radius=100, passive=False, persons=['person.gimjungyo'], editable=True, icon=mdi:home, friendly_name=집 @ 2025-08-06T14:56:12.675769+09:00>>
2025-08-06 14:56:12.676 INFO (MainThread) [homeassistant.components.scene] Setting up homeassistant.scene
2025-08-06 14:56:12.676 DEBUG (MainThread) [homeassistant.core] Bus:Handling <Event service_registered[L]: domain=scene, service=reload>
2025-08-06 14:56:12.677 DEBUG (MainThread) [homeassistant.core] Bus:Handling <Event service_registered[L]: domain=scene, service=apply>
2025-08-06 14:56:12.677 DEBUG (MainThread) [homeassistant.core] Bus:Handling <Event service_registered[L]: domain=scene, service=create>
2025-08-06 14:56:12.677 DEBUG (MainThread) [homeassistant.core] Bus:Handling <Event service_registered[L]: domain=scene, service=delete>
2025-08-06 14:56:12.677 DEBUG (MainThread) [homeassistant.core] Bus:Handling <Event service_registered[L]: domain=tts, service=cloud_say>
2025-08-06 14:56:12.678 DEBUG (MainThread) [homeassistant.core] Bus:Handling <Event service_registered[L]: domain=person, service=reload>
2025-08-06 14:56:12.679 INFO (MainThread) [homeassistant.setup] Setup of domain person took 0.04 seconds
2025-08-06 14:56:12.679 DEBUG (MainThread) [homeassistant.core] Bus:Handling <Event component_loaded[L]: component=person>
2025-08-06 14:56:12.824 INFO (MainThread) [homeassistant.setup] Setting up input_datetime
2025-08-06 14:56:12.826 DEBUG (MainThread) [homeassistant.core] Bus:Handling <Event service_registered[L]: domain=input_datetime, service=reload>
2025-08-06 14:56:12.826 DEBUG (MainThread) [homeassistant.core] Bus:Handling <Event service_registered[L]: domain=input_datetime, service=set_datetime>
2025-08-06 14:56:12.826 INFO (MainThread) [homeassistant.setup] Setup of domain input_datetime took 0.00 seconds
2025-08-06 14:56:12.826 DEBUG (MainThread) [homeassistant.core] Bus:Handling <Event component_loaded[L]: component=input_datetime>
2025-08-06 14:56:12.850 INFO (MainThread) [homeassistant.setup] Setting up application_credentials
2025-08-06 14:56:12.851 INFO (MainThread) [homeassistant.setup] Setup of domain application_credentials took 0.00 seconds
2025-08-06 14:56:12.851 DEBUG (MainThread) [homeassistant.core] Bus:Handling <Event component_loaded[L]: component=application_credentials>
2025-08-06 14:56:12.908 INFO (MainThread) [homeassistant.setup] Setup of domain stream took 0.25 seconds
2025-08-06 14:56:12.911 DEBUG (MainThread) [homeassistant.core] Bus:Handling <Event component_loaded[L]: component=stream>
2025-08-06 14:56:12.930 INFO (MainThread) [homeassistant.setup] Setting up dlna_dms
2025-08-06 14:56:12.930 INFO (MainThread) [homeassistant.setup] Setup of domain dlna_dms took 0.00 seconds
2025-08-06 14:56:12.957 INFO (MainThread) [homeassistant.setup] Setting up tag
2025-08-06 14:56:12.960 INFO (MainThread) [homeassistant.setup] Setup of domain tag took 0.00 seconds
2025-08-06 14:56:12.960 DEBUG (MainThread) [homeassistant.core] Bus:Handling <Event component_loaded[L]: component=tag>
2025-08-06 14:56:12.967 INFO (MainThread) [homeassistant.setup] Setting up schedule
2025-08-06 14:56:12.970 DEBUG (MainThread) [homeassistant.core] Bus:Handling <Event service_registered[L]: domain=schedule, service=reload>
2025-08-06 14:56:12.970 DEBUG (MainThread) [homeassistant.core] Bus:Handling <Event service_registered[L]: domain=schedule, service=get_schedule>
2025-08-06 14:56:12.970 INFO (MainThread) [homeassistant.setup] Setup of domain schedule took 0.00 seconds
2025-08-06 14:56:12.970 DEBUG (MainThread) [homeassistant.core] Bus:Handling <Event component_loaded[L]: component=schedule>
2025-08-06 14:56:12.992 INFO (MainThread) [homeassistant.setup] Setting up homeassistant_alerts
2025-08-06 14:56:12.993 INFO (MainThread) [homeassistant.setup] Setup of domain homeassistant_alerts took 0.00 seconds
2025-08-06 14:56:12.993 DEBUG (MainThread) [homeassistant.core] Bus:Handling <Event component_loaded[L]: component=homeassistant_alerts>
2025-08-06 14:56:13.346 DEBUG (MainThread) [homeassistant.core] Bus:Handling <Event component_loaded[L]: component=dlna_dms>
2025-08-06 14:56:13.612 INFO (MainThread) [homeassistant.setup] Setting up hacs
2025-08-06 14:56:13.612 INFO (MainThread) [homeassistant.setup] Setup of domain hacs took 0.00 seconds
2025-08-06 14:56:13.613 INFO (MainThread) [custom_components.hacs] 
-------------------------------------------------------------------
HACS (Home Assistant Community Store)

Version: 2.0.5
This is a custom integration
If you have any issues with this you need to open an issue here:
https://github.com/hacs/integration/issues
-------------------------------------------------------------------

2025-08-06 14:56:13.670 INFO (MainThread) [custom_components.hacs] <HacsData restore> Restore started
2025-08-06 14:56:14.309 INFO (MainThread) [custom_components.hacs] <HacsData restore> Restore done
2025-08-06 14:56:14.310 INFO (MainThread) [custom_components.hacs] Enable category: integration
2025-08-06 14:56:14.311 INFO (MainThread) [custom_components.hacs] Enable category: plugin
2025-08-06 14:56:14.312 INFO (MainThread) [custom_components.hacs] Enable category: template
2025-08-06 14:56:14.314 INFO (MainThread) [custom_components.hacs] Enable category: theme
2025-08-06 14:56:14.317 DEBUG (MainThread) [homeassistant.core] Bus:Handling <Event panels_updated[L]>
2025-08-06 14:56:14.323 WARNING (ImportExecutor_0) [py.warnings] /usr/local/lib/python3.13/site-packages/google/__init__.py:2: UserWarning: pkg_resources is deprecated as an API. See https://setuptools.pypa.io/en/latest/pkg_resources.html. The pkg_resources package is slated for removal as early as 2025-11-30. Refrain from using this package or pin to Setuptools<81.
  __import__('pkg_resources').declare_namespace(__name__)

2025-08-06 14:56:15.160 INFO (MainThread) [homeassistant.setup] Setting up cast
2025-08-06 14:56:15.160 INFO (MainThread) [homeassistant.setup] Setup of domain cast took 0.00 seconds
2025-08-06 14:56:15.161 DEBUG (MainThread) [homeassistant.core] Bus:Handling <Event service_registered[L]: domain=cast, service=show_lovelace_view>
2025-08-06 14:56:15.230 INFO (MainThread) [homeassistant.setup] Setting up go2rtc
2025-08-06 14:56:15.239 INFO (MainThread) [homeassistant.setup] Setting up google_translate
2025-08-06 14:56:15.239 INFO (MainThread) [homeassistant.setup] Setup of domain google_translate took 0.00 seconds
2025-08-06 14:56:15.267 INFO (MainThread) [homeassistant.setup] Setting up energy
2025-08-06 14:56:15.267 DEBUG (MainThread) [homeassistant.core] Bus:Handling <Event panels_updated[L]>
2025-08-06 14:56:15.268 INFO (MainThread) [homeassistant.setup] Setup of domain energy took 0.00 seconds
2025-08-06 14:56:15.268 DEBUG (MainThread) [homeassistant.core] Bus:Handling <Event component_loaded[L]: component=energy>
2025-08-06 14:56:15.268 INFO (MainThread) [homeassistant.setup] Setting up my
2025-08-06 14:56:15.268 DEBUG (MainThread) [homeassistant.core] Bus:Handling <Event panels_updated[L]>
2025-08-06 14:56:15.268 INFO (MainThread) [homeassistant.setup] Setup of domain my took 0.00 seconds
2025-08-06 14:56:15.268 DEBUG (MainThread) [homeassistant.core] Bus:Handling <Event component_loaded[L]: component=my>
2025-08-06 14:56:15.272 INFO (MainThread) [homeassistant.setup] Setting up sun
2025-08-06 14:56:15.272 INFO (MainThread) [homeassistant.setup] Setup of domain sun took 0.00 seconds
2025-08-06 14:56:15.278 DEBUG (MainThread) [homeassistant.core] Bus:Handling <Event state_changed[L]: entity_id=sun.sun, old_state=None, new_state=<state sun.sun=above_horizon; next_dawn=2025-08-06T20:12:19.937481+00:00, next_dusk=2025-08-06T11:04:07.962815+00:00, next_midnight=2025-08-06T15:37:59+00:00, next_noon=2025-08-07T03:37:59+00:00, next_rising=2025-08-06T20:41:22.994271+00:00, next_setting=2025-08-06T10:35:05.744028+00:00, elevation=53.17, azimuth=244.97, rising=False, friendly_name=Sun @ 2025-08-06T14:56:15.275112+09:00>>
2025-08-06 14:56:15.284 DEBUG (MainThread) [homeassistant.core] Bus:Handling <Event state_reported[L]: entity_id=sun.sun, old_last_reported=2025-08-06T14:56:15.275112+09:00, new_state=<state sun.sun=above_horizon; next_dawn=2025-08-06T20:12:19.937481+00:00, next_dusk=2025-08-06T11:04:07.962815+00:00, next_midnight=2025-08-06T15:37:59+00:00, next_noon=2025-08-07T03:37:59+00:00, next_rising=2025-08-06T20:41:22.994271+00:00, next_setting=2025-08-06T10:35:05.744028+00:00, elevation=53.17, azimuth=244.97, rising=False, friendly_name=Sun @ 2025-08-06T14:56:15.275112+09:00>>
2025-08-06 14:56:15.288 INFO (MainThread) [homeassistant.components.binary_sensor] Setting up sun.binary_sensor
2025-08-06 14:56:15.289 DEBUG (MainThread) [homeassistant.components.binary_sensor] Not adding entity Solar rising because it's disabled
2025-08-06 14:56:15.289 INFO (MainThread) [homeassistant.components.sensor] Setting up sun.sensor
2025-08-06 14:56:15.290 DEBUG (MainThread) [homeassistant.core] Bus:Handling <Event state_changed[L]: entity_id=sensor.sun_next_dawn, old_state=None, new_state=<state sensor.sun_next_dawn=2025-08-06T20:12:19+00:00; device_class=timestamp, friendly_name=Sun 다음 새벽 @ 2025-08-06T14:56:15.290560+09:00>>
2025-08-06 14:56:15.291 DEBUG (MainThread) [homeassistant.core] Bus:Handling <Event state_changed[L]: entity_id=sensor.sun_next_dusk, old_state=None, new_state=<state sensor.sun_next_dusk=2025-08-06T11:04:07+00:00; device_class=timestamp, friendly_name=Sun 다음 황혼 @ 2025-08-06T14:56:15.291196+09:00>>
2025-08-06 14:56:15.291 DEBUG (MainThread) [homeassistant.core] Bus:Handling <Event state_changed[L]: entity_id=sensor.sun_next_midnight, old_state=None, new_state=<state sensor.sun_next_midnight=2025-08-06T15:37:59+00:00; device_class=timestamp, friendly_name=Sun 다음 자정 @ 2025-08-06T14:56:15.291596+09:00>>
2025-08-06 14:56:15.292 DEBUG (MainThread) [homeassistant.core] Bus:Handling <Event state_changed[L]: entity_id=sensor.sun_next_noon, old_state=None, new_state=<state sensor.sun_next_noon=2025-08-07T03:37:59+00:00; device_class=timestamp, friendly_name=Sun 다음 정오 @ 2025-08-06T14:56:15.292020+09:00>>
2025-08-06 14:56:15.292 DEBUG (MainThread) [homeassistant.core] Bus:Handling <Event state_changed[L]: entity_id=sensor.sun_next_rising, old_state=None, new_state=<state sensor.sun_next_rising=2025-08-06T20:41:22+00:00; device_class=timestamp, friendly_name=Sun 다음 해돋이 @ 2025-08-06T14:56:15.292404+09:00>>
2025-08-06 14:56:15.292 DEBUG (MainThread) [homeassistant.core] Bus:Handling <Event state_changed[L]: entity_id=sensor.sun_next_setting, old_state=None, new_state=<state sensor.sun_next_setting=2025-08-06T10:35:05+00:00; device_class=timestamp, friendly_name=Sun 다음 해넘이 @ 2025-08-06T14:56:15.292821+09:00>>
2025-08-06 14:56:15.297 DEBUG (MainThread) [homeassistant.core] Bus:Handling <Event component_loaded[L]: component=sun>
2025-08-06 14:56:15.355 WARNING (ImportExecutor_0) [py.warnings] /usr/local/lib/python3.13/site-packages/miio/miot_device.py:23: FutureWarning: functools.partial will be a method descriptor in future Python versions; wrap it in enum.member() if you want to preserve the old behavior
  Bool = partial(_str2bool)

2025-08-06 14:56:15.447 INFO (MainThread) [homeassistant.setup] Setup of domain go2rtc took 0.22 seconds
2025-08-06 14:56:15.453 DEBUG (MainThread) [homeassistant.core] Bus:Handling <Event component_loaded[L]: component=go2rtc>
2025-08-06 14:56:15.647 INFO (MainThread) [homeassistant.setup] Setting up xiaomi_miio
2025-08-06 14:56:15.647 INFO (MainThread) [homeassistant.setup] Setup of domain xiaomi_miio took 0.00 seconds
2025-08-06 14:56:15.709 INFO (MainThread) [homeassistant.setup] Setting up mqtt
2025-08-06 14:56:15.710 DEBUG (MainThread) [homeassistant.core] Bus:Handling <Event service_registered[L]: domain=mqtt, service=publish>
2025-08-06 14:56:15.710 DEBUG (MainThread) [homeassistant.core] Bus:Handling <Event service_registered[L]: domain=mqtt, service=dump>
2025-08-06 14:56:15.710 INFO (MainThread) [homeassistant.setup] Setup of domain mqtt took 0.00 seconds
2025-08-06 14:56:15.724 INFO (MainThread) [homeassistant.setup] Setting up shopping_list
2025-08-06 14:56:15.724 INFO (MainThread) [homeassistant.setup] Setup of domain shopping_list took 0.00 seconds
2025-08-06 14:56:15.727 DEBUG (MainThread) [homeassistant.core] Bus:Handling <Event service_registered[L]: domain=shopping_list, service=add_item>
2025-08-06 14:56:15.727 DEBUG (MainThread) [homeassistant.core] Bus:Handling <Event service_registered[L]: domain=shopping_list, service=remove_item>
2025-08-06 14:56:15.727 DEBUG (MainThread) [homeassistant.core] Bus:Handling <Event service_registered[L]: domain=shopping_list, service=complete_item>
2025-08-06 14:56:15.727 DEBUG (MainThread) [homeassistant.core] Bus:Handling <Event service_registered[L]: domain=shopping_list, service=incomplete_item>
2025-08-06 14:56:15.727 DEBUG (MainThread) [homeassistant.core] Bus:Handling <Event service_registered[L]: domain=shopping_list, service=complete_all>
2025-08-06 14:56:15.727 DEBUG (MainThread) [homeassistant.core] Bus:Handling <Event service_registered[L]: domain=shopping_list, service=incomplete_all>
2025-08-06 14:56:15.727 DEBUG (MainThread) [homeassistant.core] Bus:Handling <Event service_registered[L]: domain=shopping_list, service=clear_completed_items>
2025-08-06 14:56:15.727 DEBUG (MainThread) [homeassistant.core] Bus:Handling <Event service_registered[L]: domain=shopping_list, service=sort>
2025-08-06 14:56:15.739 INFO (MainThread) [homeassistant.setup] Setting up automation
2025-08-06 14:56:15.741 DEBUG (MainThread) [homeassistant.core] Bus:Handling <Event state_changed[L]: entity_id=automation.geosil_beoteun_1_geosil_eeokeon_togeul, old_state=None, new_state=<state automation.geosil_beoteun_1_geosil_eeokeon_togeul=on; id=1754384697297, last_triggered=2025-08-05T22:36:31.754036+09:00, mode=single, current=0, friendly_name=거실 버튼 1 -> 거실 에어컨 토글 @ 2025-08-06T14:56:15.740642+09:00>>
2025-08-06 14:56:15.742 DEBUG (MainThread) [homeassistant.core] Bus:Handling <Event service_registered[L]: domain=automation, service=trigger>
2025-08-06 14:56:15.743 DEBUG (MainThread) [homeassistant.core] Bus:Handling <Event service_registered[L]: domain=automation, service=toggle>
2025-08-06 14:56:15.743 DEBUG (MainThread) [homeassistant.core] Bus:Handling <Event service_registered[L]: domain=automation, service=turn_on>
2025-08-06 14:56:15.743 DEBUG (MainThread) [homeassistant.core] Bus:Handling <Event service_registered[L]: domain=automation, service=turn_off>
2025-08-06 14:56:15.743 DEBUG (MainThread) [homeassistant.core] Bus:Handling <Event service_registered[L]: domain=automation, service=reload>
2025-08-06 14:56:15.743 INFO (MainThread) [homeassistant.setup] Setup of domain automation took 0.00 seconds
2025-08-06 14:56:15.743 DEBUG (MainThread) [homeassistant.core] Bus:Handling <Event component_loaded[L]: component=automation>
2025-08-06 14:56:15.751 INFO (MainThread) [homeassistant.setup] Setting up counter
2025-08-06 14:56:15.753 DEBUG (MainThread) [homeassistant.core] Bus:Handling <Event service_registered[L]: domain=counter, service=increment>
2025-08-06 14:56:15.754 DEBUG (MainThread) [homeassistant.core] Bus:Handling <Event service_registered[L]: domain=counter, service=decrement>
2025-08-06 14:56:15.754 DEBUG (MainThread) [homeassistant.core] Bus:Handling <Event service_registered[L]: domain=counter, service=reset>
2025-08-06 14:56:15.754 DEBUG (MainThread) [homeassistant.core] Bus:Handling <Event service_registered[L]: domain=counter, service=set_value>
2025-08-06 14:56:15.754 INFO (MainThread) [homeassistant.setup] Setup of domain counter took 0.00 seconds
2025-08-06 14:56:15.754 DEBUG (MainThread) [homeassistant.core] Bus:Handling <Event component_loaded[L]: component=counter>
2025-08-06 14:56:15.854 INFO (MainThread) [homeassistant.setup] Setting up radio_browser
2025-08-06 14:56:15.855 INFO (MainThread) [homeassistant.setup] Setup of domain radio_browser took 0.00 seconds
2025-08-06 14:56:15.865 INFO (MainThread) [homeassistant.setup] Setting up hardware
2025-08-06 14:56:15.881 INFO (MainThread) [homeassistant.setup] Setting up met
2025-08-06 14:56:15.881 INFO (MainThread) [homeassistant.setup] Setup of domain met took 0.00 seconds
2025-08-06 14:56:15.887 INFO (MainThread) [homeassistant.setup] Setting up input_text
2025-08-06 14:56:15.888 DEBUG (MainThread) [homeassistant.core] Bus:Handling <Event service_registered[L]: domain=input_text, service=reload>
2025-08-06 14:56:15.889 DEBUG (MainThread) [homeassistant.core] Bus:Handling <Event service_registered[L]: domain=input_text, service=set_value>
2025-08-06 14:56:15.889 INFO (MainThread) [homeassistant.setup] Setup of domain input_text took 0.00 seconds
2025-08-06 14:56:15.889 DEBUG (MainThread) [homeassistant.core] Bus:Handling <Event component_loaded[L]: component=input_text>
2025-08-06 14:56:15.926 INFO (MainThread) [homeassistant.setup] Setup of domain hardware took 0.06 seconds
2025-08-06 14:56:15.926 DEBUG (MainThread) [homeassistant.core] Bus:Handling <Event component_loaded[L]: component=hardware>
2025-08-06 14:56:15.940 INFO (MainThread) [homeassistant.setup] Setting up upnp
2025-08-06 14:56:15.941 INFO (MainThread) [homeassistant.setup] Setup of domain upnp took 0.00 seconds
2025-08-06 14:56:16.600 DEBUG (MainThread) [homeassistant.core] Bus:Handling <Event device_registry_updated[L]: action=update, device_id=9bf5a689239271ebcc1c30796aaf6403, changes=identifiers={('upnp_host', '192.168.0.1'), ('upnp', 'uuid:fc4ec57e-b051-11db-88f8-5886940afa87::urn:schemas-upnp-org:device:InternetGatewayDevice:1'), ('upnp_serial_number', '12345678')}>
2025-08-06 14:56:16.629 INFO (MainThread) [homeassistant.setup] Setting up smartthings
2025-08-06 14:56:16.629 INFO (MainThread) [homeassistant.setup] Setup of domain smartthings took 0.00 seconds
2025-08-06 14:56:16.682 INFO (MainThread) [homeassistant.setup] Setting up mobile_app
2025-08-06 14:56:16.683 INFO (MainThread) [homeassistant.setup] Setting up notify
2025-08-06 14:56:16.685 DEBUG (MainThread) [homeassistant.core] Bus:Handling <Event service_registered[L]: domain=notify, service=send_message>
2025-08-06 14:56:16.685 DEBUG (MainThread) [homeassistant.core] Bus:Handling <Event service_registered[L]: domain=notify, service=persistent_notification>
2025-08-06 14:56:16.685 INFO (MainThread) [homeassistant.setup] Setup of domain notify took 0.00 seconds
2025-08-06 14:56:16.685 DEBUG (MainThread) [homeassistant.core] Bus:Handling <Event component_loaded[L]: component=notify>
2025-08-06 14:56:16.686 INFO (MainThread) [homeassistant.setup] Setup of domain mobile_app took 0.00 seconds
2025-08-06 14:56:16.686 INFO (MainThread) [homeassistant.setup] Setting up device_tracker
2025-08-06 14:56:16.691 INFO (MainThread) [homeassistant.setup] Setup of domain device_tracker took 0.00 seconds
2025-08-06 14:56:16.691 DEBUG (MainThread) [homeassistant.core] Bus:Handling <Event component_loaded[L]: component=device_tracker>
2025-08-06 14:56:16.698 DEBUG (MainThread) [homeassistant.core] Bus:Handling <Event service_registered[L]: domain=device_tracker, service=see>
2025-08-06 14:56:16.699 INFO (MainThread) [homeassistant.components.binary_sensor] Setting up mobile_app.binary_sensor
2025-08-06 14:56:16.700 DEBUG (MainThread) [homeassistant.core] Bus:Handling <Event state_changed[L]: entity_id=binary_sensor.gimjungyoyi_iphone_focus, old_state=None, new_state=<state binary_sensor.gimjungyoyi_iphone_focus=off; icon=mdi:moon-waning-crescent, friendly_name=김준교의 iPhone Focus @ 2025-08-06T14:56:16.699826+09:00>>
2025-08-06 14:56:16.700 INFO (MainThread) [homeassistant.setup] Setting up switch
2025-08-06 14:56:16.700 DEBUG (MainThread) [homeassistant.core] Bus:Handling <Event service_registered[L]: domain=switch, service=turn_off>
2025-08-06 14:56:16.701 DEBUG (MainThread) [homeassistant.core] Bus:Handling <Event service_registered[L]: domain=switch, service=turn_on>
2025-08-06 14:56:16.701 DEBUG (MainThread) [homeassistant.core] Bus:Handling <Event service_registered[L]: domain=switch, service=toggle>
2025-08-06 14:56:16.701 INFO (MainThread) [homeassistant.setup] Setup of domain switch took 0.00 seconds
2025-08-06 14:56:16.701 DEBUG (MainThread) [homeassistant.core] Bus:Handling <Event component_loaded[L]: component=switch>
2025-08-06 14:56:16.710 INFO (MainThread) [homeassistant.components.device_tracker] Setting up mobile_app.device_tracker
2025-08-06 14:56:16.712 DEBUG (MainThread) [homeassistant.core] Bus:Handling <Event state_changed[L]: entity_id=device_tracker.gimjungyoyi_iphone, old_state=None, new_state=<state device_tracker.gimjungyoyi_iphone=home; source_type=gps, battery_level=60, latitude=37.50205705006861, longitude=126.95937225258767, gps_accuracy=15, altitude=80.85914412044828, vertical_accuracy=30, friendly_name=김준교의 iPhone @ 2025-08-06T14:56:16.710944+09:00>>
2025-08-06 14:56:16.712 INFO (MainThread) [homeassistant.components.sensor] Setting up mobile_app.sensor
2025-08-06 14:56:16.727 DEBUG (MainThread) [homeassistant.core] Bus:Handling <Event state_changed[L]: entity_id=sensor.gimjungyoyi_iphone_activity, old_state=None, new_state=<state sensor.gimjungyoyi_iphone_activity=Walking; Confidence=High, Types=['Walking'], icon=mdi:walk, friendly_name=김준교의 iPhone Activity @ 2025-08-06T14:56:16.713923+09:00>>
2025-08-06 14:56:16.728 DEBUG (MainThread) [homeassistant.core] Bus:Handling <Event state_changed[L]: entity_id=sensor.gimjungyoyi_iphone_floors_descended, old_state=None, new_state=<state sensor.gimjungyoyi_iphone_floors_descended=0; unit_of_measurement=floors, icon=mdi:stairs-down, friendly_name=김준교의 iPhone Floors Descended @ 2025-08-06T14:56:16.728200+09:00>>
2025-08-06 14:56:16.728 DEBUG (MainThread) [homeassistant.core] Bus:Handling <Event state_changed[L]: entity_id=sensor.gimjungyoyi_iphone_floors_ascended, old_state=None, new_state=<state sensor.gimjungyoyi_iphone_floors_ascended=0; unit_of_measurement=floors, icon=mdi:stairs-up, friendly_name=김준교의 iPhone Floors Ascended @ 2025-08-06T14:56:16.728712+09:00>>
2025-08-06 14:56:16.729 DEBUG (MainThread) [homeassistant.core] Bus:Handling <Event state_changed[L]: entity_id=sensor.gimjungyoyi_iphone_distance, old_state=None, new_state=<state sensor.gimjungyoyi_iphone_distance=86; unit_of_measurement=m, icon=mdi:hiking, friendly_name=김준교의 iPhone Distance @ 2025-08-06T14:56:16.729173+09:00>>
2025-08-06 14:56:16.729 DEBUG (MainThread) [homeassistant.core] Bus:Handling <Event state_changed[L]: entity_id=sensor.gimjungyoyi_iphone_battery_level, old_state=None, new_state=<state sensor.gimjungyoyi_iphone_battery_level=60; unit_of_measurement=%, device_class=battery, icon=mdi:battery-60, friendly_name=김준교의 iPhone Battery Level @ 2025-08-06T14:56:16.729588+09:00>>
2025-08-06 14:56:16.730 DEBUG (MainThread) [homeassistant.core] Bus:Handling <Event state_changed[L]: entity_id=sensor.gimjungyoyi_iphone_steps, old_state=None, new_state=<state sensor.gimjungyoyi_iphone_steps=132; unit_of_measurement=steps, icon=mdi:walk, friendly_name=김준교의 iPhone Steps @ 2025-08-06T14:56:16.729984+09:00>>
2025-08-06 14:56:16.730 DEBUG (MainThread) [homeassistant.core] Bus:Handling <Event state_changed[L]: entity_id=sensor.gimjungyoyi_iphone_average_active_pace, old_state=None, new_state=<state sensor.gimjungyoyi_iphone_average_active_pace=3; unit_of_measurement=m/s, icon=mdi:speedometer, friendly_name=김준교의 iPhone Average Active Pace @ 2025-08-06T14:56:16.730395+09:00>>
2025-08-06 14:56:16.730 DEBUG (MainThread) [homeassistant.core] Bus:Handling <Event state_changed[L]: entity_id=sensor.gimjungyoyi_iphone_battery_state, old_state=None, new_state=<state sensor.gimjungyoyi_iphone_battery_state=Not Charging; Low Power Mode=False, icon=mdi:battery-60, friendly_name=김준교의 iPhone Battery State @ 2025-08-06T14:56:16.730800+09:00>>
2025-08-06 14:56:16.731 DEBUG (MainThread) [homeassistant.core] Bus:Handling <Event state_changed[L]: entity_id=sensor.gimjungyoyi_iphone_storage, old_state=None, new_state=<state sensor.gimjungyoyi_iphone_storage=51.76; Available=126.28GB, Available (Important)=153.70GB, Available (Opportunistic)=132.44GB, Total=255.88GB, unit_of_measurement=% available, icon=mdi:database, friendly_name=김준교의 iPhone Storage @ 2025-08-06T14:56:16.731199+09:00>>
2025-08-06 14:56:16.731 DEBUG (MainThread) [homeassistant.core] Bus:Handling <Event state_changed[L]: entity_id=sensor.gimjungyoyi_iphone_ssid, old_state=None, new_state=<state sensor.gimjungyoyi_iphone_ssid=honami; icon=mdi:wifi, friendly_name=김준교의 iPhone SSID @ 2025-08-06T14:56:16.731611+09:00>>
2025-08-06 14:56:16.732 DEBUG (MainThread) [homeassistant.core] Bus:Handling <Event state_changed[L]: entity_id=sensor.gimjungyoyi_iphone_bssid, old_state=None, new_state=<state sensor.gimjungyoyi_iphone_bssid=5a:86:94:4a:fa:84; icon=mdi:wifi-star, friendly_name=김준교의 iPhone BSSID @ 2025-08-06T14:56:16.732043+09:00>>
2025-08-06 14:56:16.732 DEBUG (MainThread) [homeassistant.core] Bus:Handling <Event state_changed[L]: entity_id=sensor.gimjungyoyi_iphone_connection_type, old_state=None, new_state=<state sensor.gimjungyoyi_iphone_connection_type=Wi-Fi; icon=mdi:wifi, friendly_name=김준교의 iPhone Connection Type @ 2025-08-06T14:56:16.732436+09:00>>
2025-08-06 14:56:16.733 DEBUG (MainThread) [homeassistant.core] Bus:Handling <Event state_changed[L]: entity_id=sensor.gimjungyoyi_iphone_sim_2, old_state=None, new_state=<state sensor.gimjungyoyi_iphone_sim_2=--; Allows VoIP=True, Carrier ID=0000000100000002, Carrier Name=--, ISO Country Code=--, Mobile Country Code=65535, Mobile Network Code=65535, icon=mdi:sim, friendly_name=김준교의 iPhone SIM 2 @ 2025-08-06T14:56:16.733724+09:00>>
2025-08-06 14:56:16.734 DEBUG (MainThread) [homeassistant.core] Bus:Handling <Event state_changed[L]: entity_id=sensor.gimjungyoyi_iphone_sim_1, old_state=None, new_state=<state sensor.gimjungyoyi_iphone_sim_1=--; Allows VoIP=True, Carrier ID=0000000100000001, Carrier Name=--, Current Radio Technology=Long-Term Evolution (LTE), ISO Country Code=--, Mobile Country Code=65535, Mobile Network Code=65535, icon=mdi:sim, friendly_name=김준교의 iPhone SIM 1 @ 2025-08-06T14:56:16.734208+09:00>>
2025-08-06 14:56:16.734 DEBUG (MainThread) [homeassistant.core] Bus:Handling <Event state_changed[L]: entity_id=sensor.gimjungyoyi_iphone_geocoded_location, old_state=None, new_state=<state sensor.gimjungyoyi_iphone_geocoded_location=대한민국
서울특별시
서울특별시
흑석동 339-5
06975; Administrative Area=서울특별시, Areas Of Interest=N/A, Country=대한민국, Inland Water=N/A, ISO Country Code=KR, Locality=서울특별시, Location=[37.50205705006861, 126.95937225258767], Name=흑석동 339-5, Ocean=N/A, Postal Code=06975, Sub Administrative Area=N/A, Sub Locality=흑석동, Sub Thoroughfare=339-5, Thoroughfare=흑석동, Time Zone=Asia/Seoul, Zones=['집'], icon=mdi:map, friendly_name=김준교의 iPhone Geocoded Location @ 2025-08-06T14:56:16.734607+09:00>>
2025-08-06 14:56:16.735 DEBUG (MainThread) [homeassistant.core] Bus:Handling <Event state_changed[L]: entity_id=sensor.gimjungyoyi_iphone_last_update_trigger, old_state=None, new_state=<state sensor.gimjungyoyi_iphone_last_update_trigger=Launch; icon=mdi:cellphone-wireless, friendly_name=김준교의 iPhone Last Update Trigger @ 2025-08-06T14:56:16.735303+09:00>>
2025-08-06 14:56:16.735 DEBUG (MainThread) [homeassistant.core] Bus:Handling <Event state_changed[L]: entity_id=sensor.gimjungyoyi_iphone_app_version, old_state=None, new_state=<state sensor.gimjungyoyi_iphone_app_version=2025.7.1; icon=mdi:cellphone, friendly_name=김준교의 iPhone App Version @ 2025-08-06T14:56:16.735711+09:00>>
2025-08-06 14:56:16.736 DEBUG (MainThread) [homeassistant.core] Bus:Handling <Event state_changed[L]: entity_id=sensor.gimjungyoyi_iphone_location_permission, old_state=None, new_state=<state sensor.gimjungyoyi_iphone_location_permission=Authorized Always; icon=mdi:map, friendly_name=김준교의 iPhone Location permission @ 2025-08-06T14:56:16.736142+09:00>>
2025-08-06 14:56:16.736 DEBUG (MainThread) [homeassistant.core] Bus:Handling <Event state_changed[L]: entity_id=sensor.gimjungyoyi_iphone_audio_output, old_state=None, new_state=<state sensor.gimjungyoyi_iphone_audio_output=Built-in Speaker; icon=mdi:volume-high, friendly_name=김준교의 iPhone Audio Output @ 2025-08-06T14:56:16.736500+09:00>>
2025-08-06 14:56:16.737 INFO (MainThread) [homeassistant.components.binary_sensor] Setting up mobile_app.binary_sensor
2025-08-06 14:56:16.737 DEBUG (MainThread) [homeassistant.core] Bus:Handling <Event state_changed[L]: entity_id=binary_sensor.gimjungyoyi_ipad_focus, old_state=None, new_state=<state binary_sensor.gimjungyoyi_ipad_focus=on; icon=mdi:moon-waning-crescent, friendly_name=김준교의 iPad Focus @ 2025-08-06T14:56:16.737499+09:00>>
2025-08-06 14:56:16.737 INFO (MainThread) [homeassistant.components.device_tracker] Setting up mobile_app.device_tracker
2025-08-06 14:56:16.738 DEBUG (MainThread) [homeassistant.core] Bus:Handling <Event state_changed[L]: entity_id=device_tracker.gimjungyoyi_ipad, old_state=None, new_state=<state device_tracker.gimjungyoyi_ipad=home; source_type=gps, battery_level=10, latitude=37.50205526530521, longitude=126.95938130662636, gps_accuracy=14, altitude=63.852939416329185, vertical_accuracy=30, friendly_name=김준교의 iPad @ 2025-08-06T14:56:16.738291+09:00>>
2025-08-06 14:56:16.738 INFO (MainThread) [homeassistant.components.sensor] Setting up mobile_app.sensor
2025-08-06 14:56:16.739 DEBUG (MainThread) [homeassistant.core] Bus:Handling <Event state_changed[L]: entity_id=sensor.gimjungyoyi_ipad_activity, old_state=None, new_state=<state sensor.gimjungyoyi_ipad_activity=Stationary; Confidence=High, Types=['Stationary'], icon=mdi:human-male, friendly_name=김준교의 iPad Activity @ 2025-08-06T14:56:16.739481+09:00>>
2025-08-06 14:56:16.740 DEBUG (MainThread) [homeassistant.core] Bus:Handling <Event state_changed[L]: entity_id=sensor.gimjungyoyi_ipad_battery_level, old_state=None, new_state=<state sensor.gimjungyoyi_ipad_battery_level=10; unit_of_measurement=%, device_class=battery, icon=mdi:battery-10, friendly_name=김준교의 iPad Battery Level @ 2025-08-06T14:56:16.739961+09:00>>
2025-08-06 14:56:16.740 DEBUG (MainThread) [homeassistant.core] Bus:Handling <Event state_changed[L]: entity_id=sensor.gimjungyoyi_ipad_connection_type, old_state=None, new_state=<state sensor.gimjungyoyi_ipad_connection_type=Wi-Fi; icon=mdi:wifi, friendly_name=김준교의 iPad Connection Type @ 2025-08-06T14:56:16.740364+09:00>>
2025-08-06 14:56:16.740 DEBUG (MainThread) [homeassistant.core] Bus:Handling <Event state_changed[L]: entity_id=sensor.gimjungyoyi_ipad_storage, old_state=None, new_state=<state sensor.gimjungyoyi_ipad_storage=29.10; Available=64.03GB, Available (Important)=85.53GB, Available (Opportunistic)=74.38GB, Total=255.58GB, unit_of_measurement=% available, icon=mdi:database, friendly_name=김준교의 iPad Storage @ 2025-08-06T14:56:16.740766+09:00>>
2025-08-06 14:56:16.741 DEBUG (MainThread) [homeassistant.core] Bus:Handling <Event state_changed[L]: entity_id=sensor.gimjungyoyi_ipad_battery_state, old_state=None, new_state=<state sensor.gimjungyoyi_ipad_battery_state=Not Charging; Low Power Mode=False, icon=mdi:battery-10, friendly_name=김준교의 iPad Battery State @ 2025-08-06T14:56:16.741221+09:00>>
2025-08-06 14:56:16.741 DEBUG (MainThread) [homeassistant.core] Bus:Handling <Event state_changed[L]: entity_id=sensor.gimjungyoyi_ipad_geocoded_location, old_state=None, new_state=<state sensor.gimjungyoyi_ipad_geocoded_location=대한민국
서울특별시
서울특별시
흑석동 339-5
06975; Administrative Area=서울특별시, Areas Of Interest=N/A, Country=대한민국, Inland Water=N/A, ISO Country Code=KR, Locality=서울특별시, Location=[37.50205526530521, 126.95938130662636], Name=흑석동 339-5, Ocean=N/A, Postal Code=06975, Sub Administrative Area=N/A, Sub Locality=흑석동, Sub Thoroughfare=339-5, Thoroughfare=흑석동, Time Zone=Asia/Seoul, Zones=[], icon=mdi:map, friendly_name=김준교의 iPad Geocoded Location @ 2025-08-06T14:56:16.741603+09:00>>
2025-08-06 14:56:16.742 DEBUG (MainThread) [homeassistant.core] Bus:Handling <Event state_changed[L]: entity_id=sensor.gimjungyoyi_ipad_last_update_trigger, old_state=None, new_state=<state sensor.gimjungyoyi_ipad_last_update_trigger=Manual; icon=mdi:cellphone-wireless, friendly_name=김준교의 iPad Last Update Trigger @ 2025-08-06T14:56:16.742063+09:00>>
2025-08-06 14:56:16.742 DEBUG (MainThread) [homeassistant.core] Bus:Handling <Event state_changed[L]: entity_id=sensor.gimjungyoyi_ipad_app_version, old_state=None, new_state=<state sensor.gimjungyoyi_ipad_app_version=2025.7.1; icon=mdi:cellphone, friendly_name=김준교의 iPad App Version @ 2025-08-06T14:56:16.742490+09:00>>
2025-08-06 14:56:16.743 DEBUG (MainThread) [homeassistant.core] Bus:Handling <Event state_changed[L]: entity_id=sensor.gimjungyoyi_ipad_location_permission, old_state=None, new_state=<state sensor.gimjungyoyi_ipad_location_permission=Authorized when in use; icon=mdi:map, friendly_name=김준교의 iPad Location permission @ 2025-08-06T14:56:16.742947+09:00>>
2025-08-06 14:56:16.743 DEBUG (MainThread) [homeassistant.core] Bus:Handling <Event state_changed[L]: entity_id=sensor.gimjungyoyi_ipad_audio_output, old_state=None, new_state=<state sensor.gimjungyoyi_ipad_audio_output=Built-in Speaker; icon=mdi:volume-high, friendly_name=김준교의 iPad Audio Output @ 2025-08-06T14:56:16.743364+09:00>>
2025-08-06 14:56:16.743 DEBUG (MainThread) [homeassistant.core] Bus:Handling <Event state_changed[L]: entity_id=sensor.gimjungyoyi_ipad_ssid, old_state=None, new_state=<state sensor.gimjungyoyi_ipad_ssid=honami; icon=mdi:wifi, friendly_name=김준교의 iPad SSID @ 2025-08-06T14:56:16.743742+09:00>>
2025-08-06 14:56:16.744 DEBUG (MainThread) [homeassistant.core] Bus:Handling <Event state_changed[L]: entity_id=sensor.gimjungyoyi_ipad_bssid, old_state=None, new_state=<state sensor.gimjungyoyi_ipad_bssid=88:36:6c:c7:1:7e; icon=mdi:wifi-star, friendly_name=김준교의 iPad BSSID @ 2025-08-06T14:56:16.744162+09:00>>
2025-08-06 14:56:16.745 DEBUG (MainThread) [homeassistant.core] Bus:Handling <Event component_loaded[L]: component=mobile_app>
2025-08-06 14:56:16.745 INFO (MainThread) [homeassistant.components.notify] Setting up notify.mobile_app
2025-08-06 14:56:16.746 INFO (MainThread) [homeassistant.setup] Setting up default_config
2025-08-06 14:56:16.746 INFO (MainThread) [homeassistant.setup] Setup of domain default_config took 0.00 seconds
2025-08-06 14:56:16.746 DEBUG (MainThread) [homeassistant.core] Bus:Handling <Event component_loaded[L]: component=default_config>
2025-08-06 14:56:16.751 DEBUG (MainThread) [homeassistant.core] Bus:Handling <Event service_registered[L]: domain=notify, service=mobile_app_gimjungyoyi_iphone>
2025-08-06 14:56:16.751 DEBUG (MainThread) [homeassistant.core] Bus:Handling <Event service_registered[L]: domain=notify, service=mobile_app_gimjungyoyi_ipad>
2025-08-06 14:56:16.751 DEBUG (MainThread) [homeassistant.core] Bus:Handling <Event service_registered[L]: domain=notify, service=notify>
2025-08-06 14:56:16.755 INFO (MainThread) [homeassistant.components.update] Setting up hacs.update
2025-08-06 14:56:16.759 DEBUG (MainThread) [homeassistant.core] Bus:Handling <Event state_changed[L]: entity_id=update.hacs_update, old_state=None, new_state=<state update.hacs_update=off; auto_update=False, display_precision=0, installed_version=2.0.5, in_progress=False, latest_version=2.0.5, release_summary=None, release_url=https://github.com/hacs/integration/releases/2.0.5, skipped_version=None, title=None, update_percentage=None, entity_picture=https://brands.home-assistant.io/_/hacs/icon.png, friendly_name=HACS update, supported_features=23 @ 2025-08-06T14:56:16.757872+09:00>>
2025-08-06 14:56:16.759 DEBUG (MainThread) [homeassistant.core] Bus:Handling <Event state_changed[L]: entity_id=update.smartthinq_lge_sensors_update, old_state=None, new_state=<state update.smartthinq_lge_sensors_update=off; auto_update=False, display_precision=0, installed_version=v0.41.1, in_progress=False, latest_version=v0.41.1, release_summary=None, release_url=https://github.com/ollo69/ha-smartthinq-sensors/releases/v0.41.1, skipped_version=None, title=None, update_percentage=None, entity_picture=https://brands.home-assistant.io/_/smartthinq_sensors/icon.png, friendly_name=SmartThinQ LGE Sensors update, supported_features=23 @ 2025-08-06T14:56:16.759704+09:00>>
2025-08-06 14:56:16.760 INFO (MainThread) [homeassistant.components.switch] Setting up hacs.switch
2025-08-06 14:56:16.763 DEBUG (MainThread) [homeassistant.components.switch] Not adding entity Pre-release because it's disabled
2025-08-06 14:56:16.763 DEBUG (MainThread) [homeassistant.components.switch] Not adding entity Pre-release because it's disabled
2025-08-06 14:56:16.763 INFO (MainThread) [custom_components.hacs] Stage changed: setup
2025-08-06 14:56:16.765 INFO (MainThread) [custom_components.hacs] Stage changed: waiting
2025-08-06 14:56:16.765 INFO (MainThread) [custom_components.hacs] Setup complete, waiting for Home Assistant before startup tasks starts
2025-08-06 14:56:16.766 DEBUG (MainThread) [homeassistant.core] Bus:Handling <Event component_loaded[L]: component=hacs>
2025-08-06 14:56:16.789 INFO (MainThread) [homeassistant.setup] Setting up media_player
2025-08-06 14:56:16.791 DEBUG (MainThread) [homeassistant.core] Bus:Handling <Event service_registered[L]: domain=media_player, service=turn_on>
2025-08-06 14:56:16.791 DEBUG (MainThread) [homeassistant.core] Bus:Handling <Event service_registered[L]: domain=media_player, service=turn_off>
2025-08-06 14:56:16.791 DEBUG (MainThread) [homeassistant.core] Bus:Handling <Event service_registered[L]: domain=media_player, service=toggle>
2025-08-06 14:56:16.791 DEBUG (MainThread) [homeassistant.core] Bus:Handling <Event service_registered[L]: domain=media_player, service=volume_up>
2025-08-06 14:56:16.791 DEBUG (MainThread) [homeassistant.core] Bus:Handling <Event service_registered[L]: domain=media_player, service=volume_down>
2025-08-06 14:56:16.791 DEBUG (MainThread) [homeassistant.core] Bus:Handling <Event service_registered[L]: domain=media_player, service=media_play_pause>
2025-08-06 14:56:16.791 DEBUG (MainThread) [homeassistant.core] Bus:Handling <Event service_registered[L]: domain=media_player, service=media_play>
2025-08-06 14:56:16.791 DEBUG (MainThread) [homeassistant.core] Bus:Handling <Event service_registered[L]: domain=media_player, service=media_pause>
2025-08-06 14:56:16.792 DEBUG (MainThread) [homeassistant.core] Bus:Handling <Event service_registered[L]: domain=media_player, service=media_stop>
2025-08-06 14:56:16.792 DEBUG (MainThread) [homeassistant.core] Bus:Handling <Event service_registered[L]: domain=media_player, service=media_next_track>
2025-08-06 14:56:16.792 DEBUG (MainThread) [homeassistant.core] Bus:Handling <Event service_registered[L]: domain=media_player, service=media_previous_track>
2025-08-06 14:56:16.792 DEBUG (MainThread) [homeassistant.core] Bus:Handling <Event service_registered[L]: domain=media_player, service=clear_playlist>
2025-08-06 14:56:16.792 DEBUG (MainThread) [homeassistant.core] Bus:Handling <Event service_registered[L]: domain=media_player, service=volume_set>
2025-08-06 14:56:16.793 DEBUG (MainThread) [homeassistant.core] Bus:Handling <Event service_registered[L]: domain=media_player, service=volume_mute>
2025-08-06 14:56:16.793 DEBUG (MainThread) [homeassistant.core] Bus:Handling <Event service_registered[L]: domain=media_player, service=media_seek>
2025-08-06 14:56:16.794 DEBUG (MainThread) [homeassistant.core] Bus:Handling <Event service_registered[L]: domain=media_player, service=join>
2025-08-06 14:56:16.795 DEBUG (MainThread) [homeassistant.core] Bus:Handling <Event service_registered[L]: domain=media_player, service=select_source>
2025-08-06 14:56:16.796 DEBUG (MainThread) [homeassistant.core] Bus:Handling <Event service_registered[L]: domain=media_player, service=select_sound_mode>
2025-08-06 14:56:16.797 DEBUG (MainThread) [homeassistant.core] Bus:Handling <Event service_registered[L]: domain=media_player, service=play_media>
2025-08-06 14:56:16.797 DEBUG (MainThread) [homeassistant.core] Bus:Handling <Event service_registered[L]: domain=media_player, service=browse_media>
2025-08-06 14:56:16.799 DEBUG (MainThread) [homeassistant.core] Bus:Handling <Event service_registered[L]: domain=media_player, service=search_media>
2025-08-06 14:56:16.799 DEBUG (MainThread) [homeassistant.core] Bus:Handling <Event service_registered[L]: domain=media_player, service=shuffle_set>
2025-08-06 14:56:16.799 DEBUG (MainThread) [homeassistant.core] Bus:Handling <Event service_registered[L]: domain=media_player, service=unjoin>
2025-08-06 14:56:16.801 DEBUG (MainThread) [homeassistant.core] Bus:Handling <Event service_registered[L]: domain=media_player, service=repeat_set>
2025-08-06 14:56:16.802 INFO (MainThread) [homeassistant.setup] Setup of domain media_player took 0.01 seconds
2025-08-06 14:56:16.802 DEBUG (MainThread) [homeassistant.core] Bus:Handling <Event component_loaded[L]: component=media_player>
2025-08-06 14:56:16.815 INFO (MainThread) [homeassistant.components.media_player] Setting up cast.media_player
2025-08-06 14:56:16.816 DEBUG (MainThread) [homeassistant.core] Bus:Handling <Event component_loaded[L]: component=radio_browser>
2025-08-06 14:56:16.819 DEBUG (MainThread) [homeassistant.core] Bus:Handling <Event component_loaded[L]: component=cast>
2025-08-06 14:56:16.916 DEBUG (MainThread) [homeassistant.core] Bus:Handling <Event state_changed[L]: entity_id=media_player.geosil, old_state=None, new_state=<state media_player.geosil=unavailable; device_class=speaker, friendly_name=구글홈, supported_features=131968 @ 2025-08-06T14:56:16.913199+09:00>>
2025-08-06 14:56:16.929 INFO (MainThread) [homeassistant.setup] Setting up analytics
2025-08-06 14:56:16.930 INFO (MainThread) [homeassistant.setup] Setup of domain analytics took 0.00 seconds
2025-08-06 14:56:16.930 DEBUG (MainThread) [homeassistant.core] Bus:Handling <Event component_loaded[L]: component=analytics>
2025-08-06 14:56:16.938 DEBUG (MainThread) [homeassistant.core] Bus:Handling <Event entity_registry_updated[L]: action=update, entity_id=media_player.geosil, changes=supported_features=131968>
2025-08-06 14:56:16.939 DEBUG (MainThread) [homeassistant.core] Bus:Handling <Event state_changed[L]: entity_id=media_player.geosil, old_state=<state media_player.geosil=unavailable; device_class=speaker, friendly_name=구글홈, supported_features=131968 @ 2025-08-06T14:56:16.913199+09:00>, new_state=<state media_player.geosil=unavailable; device_class=speaker, friendly_name=구글홈, supported_features=152449 @ 2025-08-06T14:56:16.913199+09:00>>
2025-08-06 14:56:16.939 DEBUG (MainThread) [homeassistant.core] Bus:Handling <Event state_reported[L]: entity_id=media_player.geosil, old_last_reported=2025-08-06T14:56:16.939233+09:00, new_state=<state media_player.geosil=unavailable; device_class=speaker, friendly_name=구글홈, supported_features=152449 @ 2025-08-06T14:56:16.913199+09:00>>
2025-08-06 14:56:16.956 DEBUG (MainThread) [homeassistant.core] Bus:Handling <Event state_changed[L]: entity_id=media_player.geosil_2, old_state=None, new_state=<state media_player.geosil_2=unavailable; friendly_name=크롬캐스트, supported_features=131968 @ 2025-08-06T14:56:16.956425+09:00>>
2025-08-06 14:56:16.960 INFO (MainThread) [homeassistant.setup] Setting up button
2025-08-06 14:56:16.960 DEBUG (MainThread) [homeassistant.core] Bus:Handling <Event service_registered[L]: domain=button, service=press>
2025-08-06 14:56:16.961 INFO (MainThread) [homeassistant.setup] Setup of domain button took 0.00 seconds
2025-08-06 14:56:16.961 DEBUG (MainThread) [homeassistant.core] Bus:Handling <Event component_loaded[L]: component=button>
2025-08-06 14:56:16.961 INFO (MainThread) [homeassistant.setup] Setting up fan
2025-08-06 14:56:16.962 DEBUG (MainThread) [homeassistant.core] Bus:Handling <Event service_registered[L]: domain=fan, service=turn_on>
2025-08-06 14:56:16.962 DEBUG (MainThread) [homeassistant.core] Bus:Handling <Event service_registered[L]: domain=fan, service=turn_off>
2025-08-06 14:56:16.962 DEBUG (MainThread) [homeassistant.core] Bus:Handling <Event service_registered[L]: domain=fan, service=toggle>
2025-08-06 14:56:16.963 DEBUG (MainThread) [homeassistant.core] Bus:Handling <Event service_registered[L]: domain=fan, service=increase_speed>
2025-08-06 14:56:16.963 DEBUG (MainThread) [homeassistant.core] Bus:Handling <Event service_registered[L]: domain=fan, service=decrease_speed>
2025-08-06 14:56:16.963 DEBUG (MainThread) [homeassistant.core] Bus:Handling <Event service_registered[L]: domain=fan, service=oscillate>
2025-08-06 14:56:16.964 DEBUG (MainThread) [homeassistant.core] Bus:Handling <Event service_registered[L]: domain=fan, service=set_direction>
2025-08-06 14:56:16.964 DEBUG (MainThread) [homeassistant.core] Bus:Handling <Event service_registered[L]: domain=fan, service=set_percentage>
2025-08-06 14:56:16.966 DEBUG (MainThread) [homeassistant.core] Bus:Handling <Event service_registered[L]: domain=fan, service=set_preset_mode>
2025-08-06 14:56:16.967 INFO (MainThread) [homeassistant.setup] Setup of domain fan took 0.01 seconds
2025-08-06 14:56:16.967 DEBUG (MainThread) [homeassistant.core] Bus:Handling <Event component_loaded[L]: component=fan>
2025-08-06 14:56:16.967 INFO (MainThread) [homeassistant.setup] Setting up number
2025-08-06 14:56:16.968 DEBUG (MainThread) [homeassistant.core] Bus:Handling <Event service_registered[L]: domain=number, service=set_value>
2025-08-06 14:56:16.968 INFO (MainThread) [homeassistant.setup] Setup of domain number took 0.00 seconds
2025-08-06 14:56:16.968 DEBUG (MainThread) [homeassistant.core] Bus:Handling <Event component_loaded[L]: component=number>
2025-08-06 14:56:16.969 INFO (MainThread) [homeassistant.setup] Setting up select
2025-08-06 14:56:16.969 DEBUG (MainThread) [homeassistant.core] Bus:Handling <Event service_registered[L]: domain=select, service=select_first>
2025-08-06 14:56:16.969 DEBUG (MainThread) [homeassistant.core] Bus:Handling <Event service_registered[L]: domain=select, service=select_last>
2025-08-06 14:56:16.970 DEBUG (MainThread) [homeassistant.core] Bus:Handling <Event service_registered[L]: domain=select, service=select_next>
2025-08-06 14:56:16.970 DEBUG (MainThread) [homeassistant.core] Bus:Handling <Event service_registered[L]: domain=select, service=select_option>
2025-08-06 14:56:16.971 DEBUG (MainThread) [homeassistant.core] Bus:Handling <Event service_registered[L]: domain=select, service=select_previous>
2025-08-06 14:56:16.971 INFO (MainThread) [homeassistant.setup] Setup of domain select took 0.00 seconds
2025-08-06 14:56:16.972 DEBUG (MainThread) [homeassistant.core] Bus:Handling <Event component_loaded[L]: component=select>
2025-08-06 14:56:16.980 DEBUG (MainThread) [homeassistant.core] Bus:Handling <Event entity_registry_updated[L]: action=update, entity_id=media_player.geosil_2, changes=supported_features=131968>
2025-08-06 14:56:16.981 DEBUG (MainThread) [homeassistant.core] Bus:Handling <Event state_changed[L]: entity_id=media_player.geosil_2, old_state=<state media_player.geosil_2=unavailable; friendly_name=크롬캐스트, supported_features=131968 @ 2025-08-06T14:56:16.956425+09:00>, new_state=<state media_player.geosil_2=unavailable; friendly_name=크롬캐스트, supported_features=152449 @ 2025-08-06T14:56:16.956425+09:00>>
2025-08-06 14:56:16.981 DEBUG (MainThread) [homeassistant.core] Bus:Handling <Event state_reported[L]: entity_id=media_player.geosil_2, old_last_reported=2025-08-06T14:56:16.980763+09:00, new_state=<state media_player.geosil_2=unavailable; friendly_name=크롬캐스트, supported_features=152449 @ 2025-08-06T14:56:16.956425+09:00>>
2025-08-06 14:56:16.994 INFO (MainThread) [homeassistant.components.sensor] Setting up energy.sensor
2025-08-06 14:56:17.007 INFO (MainThread) [homeassistant.components.binary_sensor] Setting up xiaomi_miio.binary_sensor
2025-08-06 14:56:17.020 INFO (MainThread) [homeassistant.components.button] Setting up xiaomi_miio.button
2025-08-06 14:56:17.028 INFO (MainThread) [homeassistant.components.fan] Setting up xiaomi_miio.fan
2025-08-06 14:56:17.029 DEBUG (MainThread) [homeassistant.core] Bus:Handling <Event service_registered[L]: domain=xiaomi_miio, service=fan_reset_filter>
2025-08-06 14:56:17.029 DEBUG (MainThread) [homeassistant.core] Bus:Handling <Event service_registered[L]: domain=xiaomi_miio, service=fan_set_extra_features>
2025-08-06 14:56:17.031 DEBUG (MainThread) [homeassistant.core] Bus:Handling <Event state_changed[L]: entity_id=fan.zhimi_airpurifier_m1, old_state=None, new_state=<state fan.zhimi_airpurifier_m1=off; preset_modes=['Auto', 'Silent', 'Favorite', 'Idle'], preset_mode=None, extra_features=0, turbo_mode_supported=False, button_pressed=None, sleep_time=None, sleep_mode_learn_count=None, use_time=148003558, sleep_mode=None, friendly_name=공기청정기, supported_features=56 @ 2025-08-06T14:56:17.030242+09:00>>
2025-08-06 14:56:17.037 DEBUG (MainThread) [homeassistant.core] Bus:Handling <Event state_changed[L]: entity_id=media_player.geosil, old_state=<state media_player.geosil=unavailable; device_class=speaker, friendly_name=구글홈, supported_features=152449 @ 2025-08-06T14:56:16.913199+09:00>, new_state=<state media_player.geosil=off; device_class=speaker, friendly_name=구글홈, supported_features=152449 @ 2025-08-06T14:56:17.036997+09:00>>
2025-08-06 14:56:17.037 INFO (MainThread) [homeassistant.components.number] Setting up xiaomi_miio.number
2025-08-06 14:56:17.040 DEBUG (MainThread) [homeassistant.core] Bus:Handling <Event state_changed[L]: entity_id=number.zhimi_airpurifier_m1_favorite_level, old_state=None, new_state=<state number.zhimi_airpurifier_m1_favorite_level=10; min=0, max=17, step=1, mode=auto, icon=mdi:star-cog, friendly_name=공기청정기 Favorite level @ 2025-08-06T14:56:17.038907+09:00>>
2025-08-06 14:56:17.050 INFO (MainThread) [homeassistant.components.select] Setting up xiaomi_miio.select
2025-08-06 14:56:17.051 DEBUG (MainThread) [homeassistant.core] Bus:Handling <Event state_changed[L]: entity_id=select.zhimi_airpurifier_m1_led_brightness, old_state=None, new_state=<state select.zhimi_airpurifier_m1_led_brightness=bright; options=['bright', 'dim', 'off'], icon=mdi:brightness-6, friendly_name=공기청정기 Led Brightness @ 2025-08-06T14:56:17.051208+09:00>>
2025-08-06 14:56:17.051 INFO (MainThread) [homeassistant.components.sensor] Setting up xiaomi_miio.sensor
2025-08-06 14:56:17.055 DEBUG (MainThread) [homeassistant.core] Bus:Handling <Event state_changed[L]: entity_id=sensor.zhimi_airpurifier_m1_temperature, old_state=None, new_state=<state sensor.zhimi_airpurifier_m1_temperature=26.1; state_class=measurement, unit_of_measurement=°C, device_class=temperature, friendly_name=온도 @ 2025-08-06T14:56:17.052840+09:00>>
2025-08-06 14:56:17.056 DEBUG (MainThread) [homeassistant.core] Bus:Handling <Event state_changed[L]: entity_id=sensor.zhimi_airpurifier_m1_humidity, old_state=None, new_state=<state sensor.zhimi_airpurifier_m1_humidity=58; state_class=measurement, unit_of_measurement=%, device_class=humidity, friendly_name=공기청정기 습도 @ 2025-08-06T14:56:17.056397+09:00>>
2025-08-06 14:56:17.058 DEBUG (MainThread) [homeassistant.core] Bus:Handling <Event state_changed[L]: entity_id=sensor.zhimi_airpurifier_m1_motor_speed, old_state=None, new_state=<state sensor.zhimi_airpurifier_m1_motor_speed=0; state_class=measurement, unit_of_measurement=rpm, icon=mdi:fast-forward, friendly_name=공기청정기 Motor speed @ 2025-08-06T14:56:17.056966+09:00>>
2025-08-06 14:56:17.059 DEBUG (MainThread) [homeassistant.core] Bus:Handling <Event state_changed[L]: entity_id=sensor.zhimi_airpurifier_m1_pm2_5, old_state=None, new_state=<state sensor.zhimi_airpurifier_m1_pm2_5=26; state_class=measurement, unit_of_measurement=µg/m³, device_class=pm25, friendly_name=공기청정기 PM2.5 @ 2025-08-06T14:56:17.059194+09:00>>
2025-08-06 14:56:17.059 DEBUG (MainThread) [homeassistant.core] Bus:Handling <Event state_changed[L]: entity_id=sensor.zhimi_airpurifier_m1_filter_life_remaining, old_state=None, new_state=<state sensor.zhimi_airpurifier_m1_filter_life_remaining=0; state_class=measurement, unit_of_measurement=%, icon=mdi:air-filter, friendly_name=공기청정기 Filter life remaining @ 2025-08-06T14:56:17.059700+09:00>>
2025-08-06 14:56:17.061 DEBUG (MainThread) [homeassistant.core] Bus:Handling <Event state_changed[L]: entity_id=sensor.zhimi_airpurifier_m1_filter_use, old_state=None, new_state=<state sensor.zhimi_airpurifier_m1_filter_use=3500; state_class=measurement, unit_of_measurement=h, device_class=duration, icon=mdi:clock-outline, friendly_name=공기청정기 Filter use @ 2025-08-06T14:56:17.060199+09:00>>
2025-08-06 14:56:17.061 INFO (MainThread) [homeassistant.components.switch] Setting up xiaomi_miio.switch
2025-08-06 14:56:17.062 DEBUG (MainThread) [homeassistant.core] Bus:Handling <Event state_changed[L]: entity_id=switch.zhimi_airpurifier_m1_buzzer, old_state=None, new_state=<state switch.zhimi_airpurifier_m1_buzzer=off; icon=mdi:volume-high, friendly_name=공기청정기 Buzzer @ 2025-08-06T14:56:17.062433+09:00>>
2025-08-06 14:56:17.062 DEBUG (MainThread) [homeassistant.core] Bus:Handling <Event state_changed[L]: entity_id=switch.zhimi_airpurifier_m1_child_lock, old_state=None, new_state=<state switch.zhimi_airpurifier_m1_child_lock=off; icon=mdi:lock, friendly_name=공기청정기 차일드 락 @ 2025-08-06T14:56:17.062848+09:00>>
2025-08-06 14:56:17.063 DEBUG (MainThread) [homeassistant.core] Bus:Handling <Event state_changed[L]: entity_id=switch.zhimi_airpurifier_m1_led, old_state=None, new_state=<state switch.zhimi_airpurifier_m1_led=off; icon=mdi:led-outline, friendly_name=공기청정기 LED @ 2025-08-06T14:56:17.063241+09:00>>
2025-08-06 14:56:17.064 DEBUG (MainThread) [homeassistant.core] Bus:Handling <Event state_changed[L]: entity_id=switch.zhimi_airpurifier_m1_learn_mode, old_state=None, new_state=<state switch.zhimi_airpurifier_m1_learn_mode=off; icon=mdi:school-outline, friendly_name=공기청정기 Learn mode @ 2025-08-06T14:56:17.064033+09:00>>
2025-08-06 14:56:17.066 DEBUG (MainThread) [homeassistant.core] Bus:Handling <Event state_changed[L]: entity_id=media_player.geosil_2, old_state=<state media_player.geosil_2=unavailable; friendly_name=크롬캐스트, supported_features=152449 @ 2025-08-06T14:56:16.956425+09:00>, new_state=<state media_player.geosil_2=off; friendly_name=크롬캐스트, supported_features=152449 @ 2025-08-06T14:56:17.066658+09:00>>
2025-08-06 14:56:17.071 DEBUG (MainThread) [homeassistant.core] Bus:Handling <Event component_loaded[L]: component=xiaomi_miio>
2025-08-06 14:56:17.072 DEBUG (MainThread) [homeassistant.core] Bus:Handling <Event entity_registry_updated[L]: action=update, entity_id=media_player.geosil, changes=supported_features=152449>
2025-08-06 14:56:17.072 DEBUG (MainThread) [homeassistant.core] Bus:Handling <Event state_changed[L]: entity_id=media_player.geosil, old_state=<state media_player.geosil=off; device_class=speaker, friendly_name=구글홈, supported_features=152449 @ 2025-08-06T14:56:17.036997+09:00>, new_state=<state media_player.geosil=off; device_class=speaker, friendly_name=구글홈, supported_features=152461 @ 2025-08-06T14:56:17.036997+09:00>>
2025-08-06 14:56:17.072 DEBUG (MainThread) [homeassistant.core] Bus:Handling <Event state_reported[L]: entity_id=media_player.geosil, old_last_reported=2025-08-06T14:56:17.072366+09:00, new_state=<state media_player.geosil=off; device_class=speaker, friendly_name=구글홈, supported_features=152461 @ 2025-08-06T14:56:17.036997+09:00>>
2025-08-06 14:56:17.075 INFO (MainThread) [homeassistant.components.tts] Setting up google_translate.tts
2025-08-06 14:56:17.075 DEBUG (MainThread) [homeassistant.core] Bus:Handling <Event state_changed[L]: entity_id=tts.google_translate_en_com, old_state=None, new_state=<state tts.google_translate_en_com=unknown; friendly_name=Google Translate en com @ 2025-08-06T14:56:17.075639+09:00>>
2025-08-06 14:56:17.077 DEBUG (MainThread) [homeassistant.core] Bus:Handling <Event component_loaded[L]: component=google_translate>
2025-08-06 14:56:17.109 DEBUG (MainThread) [homeassistant.core] Bus:Handling <Event entity_registry_updated[L]: action=update, entity_id=media_player.geosil_2, changes=supported_features=152449>
2025-08-06 14:56:17.110 DEBUG (MainThread) [homeassistant.core] Bus:Handling <Event state_changed[L]: entity_id=media_player.geosil_2, old_state=<state media_player.geosil_2=off; friendly_name=크롬캐스트, supported_features=152449 @ 2025-08-06T14:56:17.066658+09:00>, new_state=<state media_player.geosil_2=off; friendly_name=크롬캐스트, supported_features=152461 @ 2025-08-06T14:56:17.066658+09:00>>
2025-08-06 14:56:17.110 DEBUG (MainThread) [homeassistant.core] Bus:Handling <Event state_reported[L]: entity_id=media_player.geosil_2, old_last_reported=2025-08-06T14:56:17.110017+09:00, new_state=<state media_player.geosil_2=off; friendly_name=크롬캐스트, supported_features=152461 @ 2025-08-06T14:56:17.066658+09:00>>
2025-08-06 14:56:17.691 INFO (MainThread) [homeassistant.setup] Setting up todo
2025-08-06 14:56:17.692 DEBUG (MainThread) [homeassistant.core] Bus:Handling <Event panels_updated[L]>
2025-08-06 14:56:17.694 DEBUG (MainThread) [homeassistant.core] Bus:Handling <Event service_registered[L]: domain=todo, service=add_item>
2025-08-06 14:56:17.695 DEBUG (MainThread) [homeassistant.core] Bus:Handling <Event service_registered[L]: domain=todo, service=update_item>
2025-08-06 14:56:17.695 DEBUG (MainThread) [homeassistant.core] Bus:Handling <Event service_registered[L]: domain=todo, service=remove_item>
2025-08-06 14:56:17.696 DEBUG (MainThread) [homeassistant.core] Bus:Handling <Event service_registered[L]: domain=todo, service=get_items>
2025-08-06 14:56:17.697 DEBUG (MainThread) [homeassistant.core] Bus:Handling <Event service_registered[L]: domain=todo, service=remove_completed_items>
2025-08-06 14:56:17.697 INFO (MainThread) [homeassistant.setup] Setup of domain todo took 0.01 seconds
2025-08-06 14:56:17.697 DEBUG (MainThread) [homeassistant.core] Bus:Handling <Event component_loaded[L]: component=todo>
2025-08-06 14:56:17.719 INFO (MainThread) [homeassistant.components.todo] Setting up shopping_list.todo
2025-08-06 14:56:17.721 DEBUG (MainThread) [homeassistant.core] Bus:Handling <Event state_changed[L]: entity_id=todo.shopping_list, old_state=None, new_state=<state todo.shopping_list=0; friendly_name=쇼핑 리스트, supported_features=15 @ 2025-08-06T14:56:17.719679+09:00>>
2025-08-06 14:56:17.729 INFO (MainThread) [homeassistant.components.binary_sensor] Setting up upnp.binary_sensor
2025-08-06 14:56:17.730 DEBUG (MainThread) [homeassistant.core] Bus:Handling <Event state_changed[L]: entity_id=binary_sensor.efm_networks_iptime_ax3000m_wan_status, old_state=None, new_state=<state binary_sensor.efm_networks_iptime_ax3000m_wan_status=on; device_class=connectivity, friendly_name=EFM Networks ipTIME AX3000M WAN 상태 @ 2025-08-06T14:56:17.729902+09:00>>
2025-08-06 14:56:17.730 DEBUG (MainThread) [homeassistant.core] Bus:Handling <Event component_loaded[L]: component=shopping_list>
2025-08-06 14:56:17.730 INFO (MainThread) [homeassistant.components.sensor] Setting up upnp.sensor
2025-08-06 14:56:17.732 DEBUG (MainThread) [homeassistant.core] Bus:Handling <Event state_changed[L]: entity_id=sensor.efm_networks_iptime_ax3000m_external_ip, old_state=None, new_state=<state sensor.efm_networks_iptime_ax3000m_external_ip=49.142.72.18; friendly_name=EFM Networks ipTIME AX3000M 외부 IP @ 2025-08-06T14:56:17.732085+09:00>>
2025-08-06 14:56:17.745 DEBUG (MainThread) [homeassistant.core] Bus:Handling <Event state_changed[L]: entity_id=sensor.efm_networks_iptime_ax3000m_download_speed, old_state=None, new_state=<state sensor.efm_networks_iptime_ax3000m_download_speed=unknown; state_class=measurement, unit_of_measurement=KiB/s, device_class=data_rate, friendly_name=EFM Networks ipTIME AX3000M 다운로드 속도 @ 2025-08-06T14:56:17.743635+09:00>>
2025-08-06 14:56:17.745 DEBUG (MainThread) [homeassistant.core] Bus:Handling <Event state_changed[L]: entity_id=sensor.efm_networks_iptime_ax3000m_upload_speed, old_state=None, new_state=<state sensor.efm_networks_iptime_ax3000m_upload_speed=unknown; state_class=measurement, unit_of_measurement=KiB/s, device_class=data_rate, friendly_name=EFM Networks ipTIME AX3000M 업로드 속도 @ 2025-08-06T14:56:17.745794+09:00>>
2025-08-06 14:56:17.749 DEBUG (MainThread) [homeassistant.core] Bus:Handling <Event component_loaded[L]: component=upnp>
2025-08-06 14:56:17.757 INFO (MainThread) [homeassistant.setup] Setting up weather
2025-08-06 14:56:17.757 DEBUG (MainThread) [homeassistant.core] Bus:Handling <Event service_registered[L]: domain=weather, service=get_forecasts>
2025-08-06 14:56:17.758 INFO (MainThread) [homeassistant.setup] Setup of domain weather took 0.00 seconds
2025-08-06 14:56:17.758 DEBUG (MainThread) [homeassistant.core] Bus:Handling <Event component_loaded[L]: component=weather>
2025-08-06 14:56:17.768 INFO (MainThread) [homeassistant.components.weather] Setting up met.weather
2025-08-06 14:56:17.776 DEBUG (MainThread) [homeassistant.core] Bus:Handling <Event state_changed[L]: entity_id=weather.forecast_jib, old_state=None, new_state=<state weather.forecast_jib=rainy; temperature=25.2, dew_point=24.4, temperature_unit=°C, humidity=96, cloud_coverage=100.0, uv_index=7.8, pressure=1001.1, pressure_unit=hPa, wind_bearing=249.6, wind_speed=8.3, wind_speed_unit=km/h, visibility_unit=km, precipitation_unit=mm, attribution=Weather forecast from met.no, delivered by the Norwegian Meteorological Institute., friendly_name=Forecast 집, supported_features=3 @ 2025-08-06T14:56:17.770047+09:00>>
2025-08-06 14:56:17.788 DEBUG (MainThread) [homeassistant.core] Bus:Handling <Event component_loaded[L]: component=met>
2025-08-06 14:56:17.806 INFO (MainThread) [homeassistant.components.button] Setting up mqtt.button
2025-08-06 14:56:17.810 INFO (MainThread) [homeassistant.components.switch] Setting up mqtt.switch
2025-08-06 14:56:17.811 INFO (MainThread) [homeassistant.components.select] Setting up mqtt.select
2025-08-06 14:56:17.812 INFO (MainThread) [homeassistant.components.binary_sensor] Setting up mqtt.binary_sensor
2025-08-06 14:56:17.812 INFO (MainThread) [homeassistant.components.sensor] Setting up mqtt.sensor
2025-08-06 14:56:17.813 DEBUG (MainThread) [homeassistant.core] Bus:Handling <Event service_registered[L]: domain=mqtt, service=reload>
2025-08-06 14:56:17.816 DEBUG (MainThread) [homeassistant.core] Bus:Handling <Event component_loaded[L]: component=mqtt>
2025-08-06 14:56:17.875 INFO (MainThread) [homeassistant.setup] Setting up tasmota
2025-08-06 14:56:17.876 INFO (MainThread) [homeassistant.setup] Setup of domain tasmota took 0.00 seconds
2025-08-06 14:56:17.887 INFO (MainThread) [homeassistant.setup] Setting up cover
2025-08-06 14:56:17.888 DEBUG (MainThread) [homeassistant.core] Bus:Handling <Event service_registered[L]: domain=cover, service=open_cover>
2025-08-06 14:56:17.888 DEBUG (MainThread) [homeassistant.core] Bus:Handling <Event service_registered[L]: domain=cover, service=close_cover>
2025-08-06 14:56:17.888 DEBUG (MainThread) [homeassistant.core] Bus:Handling <Event service_registered[L]: domain=cover, service=set_cover_position>
2025-08-06 14:56:17.888 DEBUG (MainThread) [homeassistant.core] Bus:Handling <Event service_registered[L]: domain=cover, service=stop_cover>
2025-08-06 14:56:17.889 DEBUG (MainThread) [homeassistant.core] Bus:Handling <Event service_registered[L]: domain=cover, service=toggle>
2025-08-06 14:56:17.889 DEBUG (MainThread) [homeassistant.core] Bus:Handling <Event service_registered[L]: domain=cover, service=open_cover_tilt>
2025-08-06 14:56:17.889 DEBUG (MainThread) [homeassistant.core] Bus:Handling <Event service_registered[L]: domain=cover, service=close_cover_tilt>
2025-08-06 14:56:17.889 DEBUG (MainThread) [homeassistant.core] Bus:Handling <Event service_registered[L]: domain=cover, service=stop_cover_tilt>
2025-08-06 14:56:17.890 DEBUG (MainThread) [homeassistant.core] Bus:Handling <Event service_registered[L]: domain=cover, service=set_cover_tilt_position>
2025-08-06 14:56:17.890 DEBUG (MainThread) [homeassistant.core] Bus:Handling <Event service_registered[L]: domain=cover, service=toggle_cover_tilt>
2025-08-06 14:56:17.891 INFO (MainThread) [homeassistant.setup] Setup of domain cover took 0.00 seconds
2025-08-06 14:56:17.891 DEBUG (MainThread) [homeassistant.core] Bus:Handling <Event component_loaded[L]: component=cover>
2025-08-06 14:56:17.892 INFO (MainThread) [homeassistant.setup] Setting up light
2025-08-06 14:56:17.897 DEBUG (MainThread) [homeassistant.core] Bus:Handling <Event service_registered[L]: domain=light, service=turn_on>
2025-08-06 14:56:17.898 DEBUG (MainThread) [homeassistant.core] Bus:Handling <Event service_registered[L]: domain=light, service=turn_off>
2025-08-06 14:56:17.898 DEBUG (MainThread) [homeassistant.core] Bus:Handling <Event service_registered[L]: domain=light, service=toggle>
2025-08-06 14:56:17.899 INFO (MainThread) [homeassistant.setup] Setup of domain light took 0.01 seconds
2025-08-06 14:56:17.899 DEBUG (MainThread) [homeassistant.core] Bus:Handling <Event component_loaded[L]: component=light>
2025-08-06 14:56:17.906 INFO (MainThread) [homeassistant.components.binary_sensor] Setting up tasmota.binary_sensor
2025-08-06 14:56:17.909 INFO (MainThread) [homeassistant.components.cover] Setting up tasmota.cover
2025-08-06 14:56:17.910 INFO (MainThread) [homeassistant.components.fan] Setting up tasmota.fan
2025-08-06 14:56:17.913 INFO (MainThread) [homeassistant.components.light] Setting up tasmota.light
2025-08-06 14:56:17.913 INFO (MainThread) [homeassistant.components.sensor] Setting up tasmota.sensor
2025-08-06 14:56:17.913 INFO (MainThread) [homeassistant.components.switch] Setting up tasmota.switch
2025-08-06 14:56:17.914 DEBUG (MainThread) [homeassistant.core] Bus:Handling <Event component_loaded[L]: component=tasmota>
2025-08-06 14:56:18.357 INFO (MainThread) [homeassistant.setup] Setting up climate
2025-08-06 14:56:18.358 DEBUG (MainThread) [homeassistant.core] Bus:Handling <Event service_registered[L]: domain=climate, service=turn_on>
2025-08-06 14:56:18.358 DEBUG (MainThread) [homeassistant.core] Bus:Handling <Event service_registered[L]: domain=climate, service=turn_off>
2025-08-06 14:56:18.358 DEBUG (MainThread) [homeassistant.core] Bus:Handling <Event service_registered[L]: domain=climate, service=toggle>
2025-08-06 14:56:18.358 DEBUG (MainThread) [homeassistant.core] Bus:Handling <Event service_registered[L]: domain=climate, service=set_hvac_mode>
2025-08-06 14:56:18.359 DEBUG (MainThread) [homeassistant.core] Bus:Handling <Event service_registered[L]: domain=climate, service=set_preset_mode>
2025-08-06 14:56:18.359 DEBUG (MainThread) [homeassistant.core] Bus:Handling <Event service_registered[L]: domain=climate, service=set_temperature>
2025-08-06 14:56:18.359 DEBUG (MainThread) [homeassistant.core] Bus:Handling <Event service_registered[L]: domain=climate, service=set_humidity>
2025-08-06 14:56:18.360 DEBUG (MainThread) [homeassistant.core] Bus:Handling <Event service_registered[L]: domain=climate, service=set_fan_mode>
2025-08-06 14:56:18.360 DEBUG (MainThread) [homeassistant.core] Bus:Handling <Event service_registered[L]: domain=climate, service=set_swing_mode>
2025-08-06 14:56:18.360 DEBUG (MainThread) [homeassistant.core] Bus:Handling <Event service_registered[L]: domain=climate, service=set_swing_horizontal_mode>
2025-08-06 14:56:18.361 INFO (MainThread) [homeassistant.setup] Setup of domain climate took 0.00 seconds
2025-08-06 14:56:18.361 DEBUG (MainThread) [homeassistant.core] Bus:Handling <Event component_loaded[L]: component=climate>
2025-08-06 14:56:18.362 INFO (MainThread) [homeassistant.setup] Setting up lock
2025-08-06 14:56:18.364 DEBUG (MainThread) [homeassistant.core] Bus:Handling <Event service_registered[L]: domain=lock, service=unlock>
2025-08-06 14:56:18.364 DEBUG (MainThread) [homeassistant.core] Bus:Handling <Event service_registered[L]: domain=lock, service=lock>
2025-08-06 14:56:18.364 DEBUG (MainThread) [homeassistant.core] Bus:Handling <Event service_registered[L]: domain=lock, service=open>
2025-08-06 14:56:18.364 INFO (MainThread) [homeassistant.setup] Setup of domain lock took 0.00 seconds
2025-08-06 14:56:18.365 DEBUG (MainThread) [homeassistant.core] Bus:Handling <Event component_loaded[L]: component=lock>
2025-08-06 14:56:18.366 INFO (MainThread) [homeassistant.setup] Setting up valve
2025-08-06 14:56:18.366 DEBUG (MainThread) [homeassistant.core] Bus:Handling <Event service_registered[L]: domain=valve, service=open_valve>
2025-08-06 14:56:18.366 DEBUG (MainThread) [homeassistant.core] Bus:Handling <Event service_registered[L]: domain=valve, service=close_valve>
2025-08-06 14:56:18.367 DEBUG (MainThread) [homeassistant.core] Bus:Handling <Event service_registered[L]: domain=valve, service=set_valve_position>
2025-08-06 14:56:18.368 DEBUG (MainThread) [homeassistant.core] Bus:Handling <Event service_registered[L]: domain=valve, service=stop_valve>
2025-08-06 14:56:18.368 DEBUG (MainThread) [homeassistant.core] Bus:Handling <Event service_registered[L]: domain=valve, service=toggle>
2025-08-06 14:56:18.368 INFO (MainThread) [homeassistant.setup] Setup of domain valve took 0.00 seconds
2025-08-06 14:56:18.368 DEBUG (MainThread) [homeassistant.core] Bus:Handling <Event component_loaded[L]: component=valve>
2025-08-06 14:56:18.368 INFO (MainThread) [homeassistant.setup] Setting up water_heater
2025-08-06 14:56:18.369 DEBUG (MainThread) [homeassistant.core] Bus:Handling <Event service_registered[L]: domain=water_heater, service=turn_on>
2025-08-06 14:56:18.369 DEBUG (MainThread) [homeassistant.core] Bus:Handling <Event service_registered[L]: domain=water_heater, service=turn_off>
2025-08-06 14:56:18.369 DEBUG (MainThread) [homeassistant.core] Bus:Handling <Event service_registered[L]: domain=water_heater, service=set_away_mode>
2025-08-06 14:56:18.370 DEBUG (MainThread) [homeassistant.core] Bus:Handling <Event service_registered[L]: domain=water_heater, service=set_temperature>
2025-08-06 14:56:18.370 DEBUG (MainThread) [homeassistant.core] Bus:Handling <Event service_registered[L]: domain=water_heater, service=set_operation_mode>
2025-08-06 14:56:18.370 INFO (MainThread) [homeassistant.setup] Setup of domain water_heater took 0.00 seconds
2025-08-06 14:56:18.370 DEBUG (MainThread) [homeassistant.core] Bus:Handling <Event component_loaded[L]: component=water_heater>
2025-08-06 14:56:18.374 INFO (MainThread) [homeassistant.components.binary_sensor] Setting up smartthings.binary_sensor
2025-08-06 14:56:18.375 DEBUG (MainThread) [homeassistant.core] Bus:Handling <Event state_changed[L]: entity_id=binary_sensor.naengjanggo_fridge_door, old_state=None, new_state=<state binary_sensor.naengjanggo_fridge_door=off; device_class=door, friendly_name=냉장고 Fridge door @ 2025-08-06T14:56:18.375406+09:00>>
2025-08-06 14:56:18.376 DEBUG (MainThread) [homeassistant.core] Bus:Handling <Event state_changed[L]: entity_id=binary_sensor.naengjanggo_freezer_door, old_state=None, new_state=<state binary_sensor.naengjanggo_freezer_door=off; device_class=door, friendly_name=냉장고 Freezer door @ 2025-08-06T14:56:18.375988+09:00>>
2025-08-06 14:56:18.376 DEBUG (MainThread) [homeassistant.core] Bus:Handling <Event state_changed[L]: entity_id=binary_sensor.naengjanggo_coolselect_door, old_state=None, new_state=<state binary_sensor.naengjanggo_coolselect_door=off; device_class=door, friendly_name=냉장고 CoolSelect+ door @ 2025-08-06T14:56:18.376359+09:00>>
2025-08-06 14:56:18.376 INFO (MainThread) [homeassistant.components.button] Setting up smartthings.button
2025-08-06 14:56:18.379 INFO (MainThread) [homeassistant.components.climate] Setting up smartthings.climate
2025-08-06 14:56:18.381 DEBUG (MainThread) [homeassistant.core] Bus:Handling <Event state_changed[L]: entity_id=climate.geosil_eeokeon, old_state=None, new_state=<state climate.geosil_eeokeon=cool; hvac_modes=[<HVACMode.OFF: 'off'>, <HVACMode.COOL: 'cool'>, <HVACMode.DRY: 'dry'>, <HVACMode.FAN_ONLY: 'fan_only'>], min_temp=7, max_temp=35, fan_modes=['auto', '1', '2', '3', '4', '5'], preset_modes=['windFree'], swing_modes=['off', 'horizontal'], current_temperature=24, temperature=24, fan_mode=5, preset_mode=None, swing_mode=horizontal, drlc_status_duration=0, drlc_status_start=1970-01-01T00:00:00Z, drlc_status_override=False, drlc_status_level=0, friendly_name=거실 에어컨, supported_features=441 @ 2025-08-06T14:56:18.380409+09:00>>
2025-08-06 14:56:18.382 INFO (MainThread) [homeassistant.components.cover] Setting up smartthings.cover
2025-08-06 14:56:18.382 INFO (MainThread) [homeassistant.components.event] Setting up smartthings.event
2025-08-06 14:56:18.384 INFO (MainThread) [homeassistant.components.fan] Setting up smartthings.fan
2025-08-06 14:56:18.384 INFO (MainThread) [homeassistant.components.light] Setting up smartthings.light
2025-08-06 14:56:18.387 INFO (MainThread) [homeassistant.components.lock] Setting up smartthings.lock
2025-08-06 14:56:18.387 INFO (MainThread) [homeassistant.components.media_player] Setting up smartthings.media_player
2025-08-06 14:56:18.387 INFO (MainThread) [homeassistant.components.number] Setting up smartthings.number
2025-08-06 14:56:18.388 DEBUG (MainThread) [homeassistant.core] Bus:Handling <Event state_changed[L]: entity_id=number.naengjanggo_fridge_temperature, old_state=None, new_state=<state number.naengjanggo_fridge_temperature=3; min=0, max=5, step=1, mode=auto, unit_of_measurement=°C, device_class=temperature, friendly_name=냉장고 Fridge temperature @ 2025-08-06T14:56:18.388369+09:00>>
2025-08-06 14:56:18.389 DEBUG (MainThread) [homeassistant.core] Bus:Handling <Event state_changed[L]: entity_id=number.naengjanggo_freezer_temperature, old_state=None, new_state=<state number.naengjanggo_freezer_temperature=-20; min=-23, max=-17, step=1, mode=auto, unit_of_measurement=°C, device_class=temperature, friendly_name=냉장고 Freezer temperature @ 2025-08-06T14:56:18.389022+09:00>>
2025-08-06 14:56:18.389 INFO (MainThread) [homeassistant.components.scene] Setting up smartthings.scene
2025-08-06 14:56:18.389 INFO (MainThread) [homeassistant.components.select] Setting up smartthings.select
2025-08-06 14:56:18.390 INFO (MainThread) [homeassistant.components.sensor] Setting up smartthings.sensor
2025-08-06 14:56:18.391 DEBUG (MainThread) [homeassistant.core] Bus:Handling <Event state_changed[L]: entity_id=sensor.geosil_eeokeon_volume, old_state=None, new_state=<state sensor.geosil_eeokeon_volume=100; unit_of_measurement=%, friendly_name=거실 에어컨 Volume @ 2025-08-06T14:56:18.390943+09:00>>
2025-08-06 14:56:18.392 DEBUG (MainThread) [homeassistant.core] Bus:Handling <Event state_changed[L]: entity_id=sensor.geosil_eeokeon_energy, old_state=None, new_state=<state sensor.geosil_eeokeon_energy=160.411; state_class=total_increasing, unit_of_measurement=kWh, device_class=energy, friendly_name=거실 에어컨 에너지 @ 2025-08-06T14:56:18.391456+09:00>>
2025-08-06 14:56:18.393 DEBUG (MainThread) [homeassistant.core] Bus:Handling <Event state_changed[L]: entity_id=sensor.geosil_eeokeon_power, old_state=None, new_state=<state sensor.geosil_eeokeon_power=146.0; state_class=measurement, power_consumption_start=2025-08-06T05:31:26Z, power_consumption_end=2025-08-06T05:46:06Z, unit_of_measurement=W, device_class=power, friendly_name=거실 에어컨 전원 @ 2025-08-06T14:56:18.393071+09:00>>
2025-08-06 14:56:18.394 DEBUG (MainThread) [homeassistant.core] Bus:Handling <Event state_changed[L]: entity_id=sensor.geosil_eeokeon_energy_difference, old_state=None, new_state=<state sensor.geosil_eeokeon_energy_difference=0.034; state_class=total, unit_of_measurement=kWh, device_class=energy, friendly_name=거실 에어컨 Energy difference @ 2025-08-06T14:56:18.394232+09:00>>
2025-08-06 14:56:18.396 DEBUG (MainThread) [homeassistant.core] Bus:Handling <Event state_changed[L]: entity_id=sensor.geosil_eeokeon_power_energy, old_state=None, new_state=<state sensor.geosil_eeokeon_power_energy=0.0361955377745628; state_class=total, unit_of_measurement=kWh, device_class=energy, friendly_name=거실 에어컨 전력 에너지 @ 2025-08-06T14:56:18.395869+09:00>>
2025-08-06 14:56:18.396 DEBUG (MainThread) [homeassistant.core] Bus:Handling <Event state_changed[L]: entity_id=sensor.geosil_eeokeon_energy_saved, old_state=None, new_state=<state sensor.geosil_eeokeon_energy_saved=0.0; state_class=total_increasing, unit_of_measurement=kWh, device_class=energy, friendly_name=거실 에어컨 Energy saved @ 2025-08-06T14:56:18.396736+09:00>>
2025-08-06 14:56:18.397 DEBUG (MainThread) [homeassistant.core] Bus:Handling <Event state_changed[L]: entity_id=sensor.geosil_eeokeon_humidity, old_state=None, new_state=<state sensor.geosil_eeokeon_humidity=63; state_class=measurement, unit_of_measurement=%, device_class=humidity, friendly_name=거실 에어컨 습도 @ 2025-08-06T14:56:18.397276+09:00>>
2025-08-06 14:56:18.397 DEBUG (MainThread) [homeassistant.core] Bus:Handling <Event state_changed[L]: entity_id=sensor.geosil_eeokeon_temperature, old_state=None, new_state=<state sensor.geosil_eeokeon_temperature=24; state_class=measurement, unit_of_measurement=°C, device_class=temperature, friendly_name=거실 에어컨 온도 @ 2025-08-06T14:56:18.397726+09:00>>
2025-08-06 14:56:18.398 DEBUG (MainThread) [homeassistant.core] Bus:Handling <Event state_changed[L]: entity_id=sensor.naengjanggo_energy, old_state=None, new_state=<state sensor.naengjanggo_energy=2998.203; state_class=total_increasing, unit_of_measurement=kWh, device_class=energy, friendly_name=냉장고 에너지 @ 2025-08-06T14:56:18.398205+09:00>>
2025-08-06 14:56:18.398 DEBUG (MainThread) [homeassistant.core] Bus:Handling <Event state_changed[L]: entity_id=sensor.naengjanggo_power, old_state=None, new_state=<state sensor.naengjanggo_power=2035; state_class=measurement, power_consumption_start=2025-08-06T05:40:30Z, power_consumption_end=2025-08-06T05:50:39Z, unit_of_measurement=W, device_class=power, friendly_name=냉장고 전원 @ 2025-08-06T14:56:18.398654+09:00>>
2025-08-06 14:56:18.399 DEBUG (MainThread) [homeassistant.core] Bus:Handling <Event state_changed[L]: entity_id=sensor.naengjanggo_energy_difference, old_state=None, new_state=<state sensor.naengjanggo_energy_difference=0.035; state_class=total, unit_of_measurement=kWh, device_class=energy, friendly_name=냉장고 Energy difference @ 2025-08-06T14:56:18.399130+09:00>>
2025-08-06 14:56:18.399 DEBUG (MainThread) [homeassistant.core] Bus:Handling <Event state_changed[L]: entity_id=sensor.naengjanggo_power_energy, old_state=None, new_state=<state sensor.naengjanggo_power_energy=0.353883744197686; state_class=total, unit_of_measurement=kWh, device_class=energy, friendly_name=냉장고 전력 에너지 @ 2025-08-06T14:56:18.399575+09:00>>
2025-08-06 14:56:18.400 DEBUG (MainThread) [homeassistant.core] Bus:Handling <Event state_changed[L]: entity_id=sensor.naengjanggo_energy_saved, old_state=None, new_state=<state sensor.naengjanggo_energy_saved=0.0; state_class=total_increasing, unit_of_measurement=kWh, device_class=energy, friendly_name=냉장고 Energy saved @ 2025-08-06T14:56:18.400037+09:00>>
2025-08-06 14:56:18.400 DEBUG (MainThread) [homeassistant.core] Bus:Handling <Event state_changed[L]: entity_id=sensor.naengjanggo_fridge_temperature, old_state=None, new_state=<state sensor.naengjanggo_fridge_temperature=3; state_class=measurement, unit_of_measurement=°C, device_class=temperature, friendly_name=냉장고 Fridge temperature @ 2025-08-06T14:56:18.400463+09:00>>
2025-08-06 14:56:18.401 DEBUG (MainThread) [homeassistant.core] Bus:Handling <Event state_changed[L]: entity_id=sensor.naengjanggo_freezer_temperature, old_state=None, new_state=<state sensor.naengjanggo_freezer_temperature=-20; state_class=measurement, unit_of_measurement=°C, device_class=temperature, friendly_name=냉장고 Freezer temperature @ 2025-08-06T14:56:18.400935+09:00>>
2025-08-06 14:56:18.402 INFO (MainThread) [homeassistant.components.switch] Setting up smartthings.switch
2025-08-06 14:56:18.403 DEBUG (MainThread) [homeassistant.core] Bus:Handling <Event state_changed[L]: entity_id=switch.naengjanggo_power_cool, old_state=None, new_state=<state switch.naengjanggo_power_cool=off; friendly_name=냉장고 Power cool @ 2025-08-06T14:56:18.402932+09:00>>
2025-08-06 14:56:18.403 DEBUG (MainThread) [homeassistant.core] Bus:Handling <Event state_changed[L]: entity_id=switch.naengjanggo_power_freeze, old_state=None, new_state=<state switch.naengjanggo_power_freeze=off; friendly_name=냉장고 Power freeze @ 2025-08-06T14:56:18.403441+09:00>>
2025-08-06 14:56:18.404 INFO (MainThread) [homeassistant.components.update] Setting up smartthings.update
2025-08-06 14:56:18.406 INFO (MainThread) [homeassistant.components.valve] Setting up smartthings.valve
2025-08-06 14:56:18.407 INFO (MainThread) [homeassistant.components.water_heater] Setting up smartthings.water_heater
2025-08-06 14:56:18.408 DEBUG (MainThread) [homeassistant.core] Bus:Handling <Event component_loaded[L]: component=smartthings>
2025-08-06 14:56:18.410 INFO (MainThread) [homeassistant.bootstrap] Home Assistant initialized in 10.06s
2025-08-06 14:56:18.410 INFO (MainThread) [homeassistant.core] Starting Home Assistant
2025-08-06 14:56:18.410 DEBUG (MainThread) [homeassistant.core] Bus:Handling <Event core_config_updated[L]>
2025-08-06 14:56:18.411 DEBUG (MainThread) [homeassistant.core] Bus:Handling <Event homeassistant_start[L]>
2025-08-06 14:56:18.411 DEBUG (MainThread) [homeassistant.core] Bus:Handling <Event state_changed[L]: entity_id=binary_sensor.zigbee2mqtt_bridge_connection_state, old_state=None, new_state=<state binary_sensor.zigbee2mqtt_bridge_connection_state=unavailable; restored=True, device_class=connectivity, friendly_name=Connection state, supported_features=0 @ 2025-08-06T14:56:18.411446+09:00>>
2025-08-06 14:56:18.411 DEBUG (MainThread) [homeassistant.core] Bus:Handling <Event state_changed[L]: entity_id=button.zigbee2mqtt_bridge_restart, old_state=None, new_state=<state button.zigbee2mqtt_bridge_restart=unavailable; restored=True, device_class=restart, friendly_name=Restart, supported_features=0 @ 2025-08-06T14:56:18.411705+09:00>>
2025-08-06 14:56:18.412 DEBUG (MainThread) [homeassistant.core] Bus:Handling <Event state_changed[L]: entity_id=select.zigbee2mqtt_bridge_log_level, old_state=None, new_state=<state select.zigbee2mqtt_bridge_log_level=unavailable; restored=True, options=['error', 'warning', 'info', 'debug'], friendly_name=Log level, supported_features=0 @ 2025-08-06T14:56:18.411932+09:00>>
2025-08-06 14:56:18.412 DEBUG (MainThread) [homeassistant.core] Bus:Handling <Event state_changed[L]: entity_id=sensor.zigbee2mqtt_bridge_version, old_state=None, new_state=<state sensor.zigbee2mqtt_bridge_version=unavailable; restored=True, icon=mdi:zigbee, friendly_name=Version, supported_features=0 @ 2025-08-06T14:56:18.412122+09:00>>
2025-08-06 14:56:18.412 DEBUG (MainThread) [homeassistant.core] Bus:Handling <Event state_changed[L]: entity_id=switch.zigbee2mqtt_bridge_permit_join, old_state=None, new_state=<state switch.zigbee2mqtt_bridge_permit_join=unavailable; restored=True, icon=mdi:human-greeting-proximity, friendly_name=Permit join, supported_features=0 @ 2025-08-06T14:56:18.412292+09:00>>
2025-08-06 14:56:18.412 DEBUG (MainThread) [homeassistant.core] Bus:Handling <Event state_changed[L]: entity_id=sensor.geosil_beoteun1_battery, old_state=None, new_state=<state sensor.geosil_beoteun1_battery=unavailable; restored=True, state_class=measurement, device_class=battery, friendly_name=배터리, supported_features=0, unit_of_measurement=% @ 2025-08-06T14:56:18.412468+09:00>>
2025-08-06 14:56:18.412 DEBUG (MainThread) [homeassistant.core] Bus:Handling <Event state_changed[L]: entity_id=select.geosil_beoteun1_operation_mode, old_state=None, new_state=<state select.geosil_beoteun1_operation_mode=unavailable; restored=True, options=['command', 'event'], icon=mdi:tune, friendly_name=Operation mode, supported_features=0 @ 2025-08-06T14:56:18.412633+09:00>>
2025-08-06 14:56:18.412 DEBUG (MainThread) [homeassistant.core] Bus:Handling <Event state_changed[L]: entity_id=sensor.0xa4c13857052a9c52_battery, old_state=None, new_state=<state sensor.0xa4c13857052a9c52_battery=unavailable; restored=True, state_class=measurement, device_class=battery, friendly_name=배터리, supported_features=0, unit_of_measurement=% @ 2025-08-06T14:56:18.412834+09:00>>
2025-08-06 14:56:18.413 DEBUG (MainThread) [homeassistant.core] Bus:Handling <Event state_changed[L]: entity_id=sensor.0xa4c13857052a9c52_temperature, old_state=None, new_state=<state sensor.0xa4c13857052a9c52_temperature=unavailable; restored=True, state_class=measurement, device_class=temperature, friendly_name=온도, supported_features=0, unit_of_measurement=°C @ 2025-08-06T14:56:18.413241+09:00>>
2025-08-06 14:56:18.413 DEBUG (MainThread) [homeassistant.core] Bus:Handling <Event state_changed[L]: entity_id=sensor.0xa4c13857052a9c52_humidity, old_state=None, new_state=<state sensor.0xa4c13857052a9c52_humidity=unavailable; restored=True, state_class=measurement, device_class=humidity, friendly_name=습도, supported_features=0, unit_of_measurement=% @ 2025-08-06T14:56:18.413419+09:00>>
2025-08-06 14:56:18.413 DEBUG (MainThread) [homeassistant.core] Bus:Handling <Event state_changed[L]: entity_id=sensor.0xa4c13857052a9c52_voltage, old_state=None, new_state=<state sensor.0xa4c13857052a9c52_voltage=unavailable; restored=True, state_class=measurement, device_class=voltage, friendly_name=전압, supported_features=0, unit_of_measurement=mV @ 2025-08-06T14:56:18.413615+09:00>>
2025-08-06 14:56:18.413 DEBUG (MainThread) [homeassistant.core] Bus:Handling <Event state_changed[L]: entity_id=sensor.tasmota_last_restart_time, old_state=None, new_state=<state sensor.tasmota_last_restart_time=unavailable; restored=True, device_class=timestamp, friendly_name=Last Restart Time, supported_features=0 @ 2025-08-06T14:56:18.413842+09:00>>
2025-08-06 14:56:18.414 DEBUG (MainThread) [homeassistant.core] Bus:Handling <Event state_changed[L]: entity_id=sensor.tasmota_wifi_connect_count, old_state=None, new_state=<state sensor.tasmota_wifi_connect_count=unavailable; restored=True, icon=mdi:counter, friendly_name=WiFi Connect Count, supported_features=0 @ 2025-08-06T14:56:18.414029+09:00>>
2025-08-06 14:56:18.414 DEBUG (MainThread) [homeassistant.core] Bus:Handling <Event state_changed[L]: entity_id=sensor.tasmota_mqtt_connect_count, old_state=None, new_state=<state sensor.tasmota_mqtt_connect_count=unavailable; restored=True, icon=mdi:counter, friendly_name=MQTT Connect Count, supported_features=0 @ 2025-08-06T14:56:18.414187+09:00>>
2025-08-06 14:56:18.414 DEBUG (MainThread) [homeassistant.core] Bus:Handling <Event state_changed[L]: entity_id=sensor.tasmota_restart_reason, old_state=None, new_state=<state sensor.tasmota_restart_reason=unavailable; restored=True, icon=mdi:information-outline, friendly_name=Restart Reason, supported_features=0 @ 2025-08-06T14:56:18.414343+09:00>>
2025-08-06 14:56:18.414 DEBUG (MainThread) [homeassistant.core] Bus:Handling <Event state_changed[L]: entity_id=sensor.tasmota_ssid, old_state=None, new_state=<state sensor.tasmota_ssid=unavailable; restored=True, icon=mdi:access-point-network, friendly_name=SSID, supported_features=0 @ 2025-08-06T14:56:18.414501+09:00>>
2025-08-06 14:56:18.421 DEBUG (MainThread) [homeassistant.core] Bus:Handling <Event state_changed[L]: entity_id=person.gimjungyo, old_state=<state person.gimjungyo=home; editable=True, id=gimjungyo, device_trackers=['device_tracker.gimjungyoyi_iphone', 'device_tracker.gimjungyoyi_ipad'], latitude=37.50205526530521, longitude=126.95938130662636, gps_accuracy=14, source=person.gimjungyo, user_id=acdae19039da4fd6a1a78cbe5403a220, friendly_name=김준교 @ 2025-08-06T14:56:12.675251+09:00>, new_state=<state person.gimjungyo=home; editable=True, id=gimjungyo, device_trackers=['device_tracker.gimjungyoyi_iphone', 'device_tracker.gimjungyoyi_ipad'], latitude=37.50205526530521, longitude=126.95938130662636, gps_accuracy=14, source=device_tracker.gimjungyoyi_ipad, user_id=acdae19039da4fd6a1a78cbe5403a220, friendly_name=김준교 @ 2025-08-06T14:56:12.675251+09:00>>
2025-08-06 14:56:18.421 INFO (MainThread) [custom_components.hacs] Stage changed: startup
2025-08-06 14:56:18.432 INFO (MainThread) [custom_components.hacs] Loading removed repositories
2025-08-06 14:56:18.477 DEBUG (MainThread) [homeassistant.core] Bus:Handling <Event state_changed[L]: entity_id=binary_sensor.zigbee2mqtt_bridge_connection_state, old_state=<state binary_sensor.zigbee2mqtt_bridge_connection_state=unavailable; restored=True, device_class=connectivity, friendly_name=Connection state, supported_features=0 @ 2025-08-06T14:56:18.411446+09:00>, new_state=<state binary_sensor.zigbee2mqtt_bridge_connection_state=unknown; device_class=connectivity, friendly_name=Zigbee2MQTT Bridge Connection state @ 2025-08-06T14:56:18.477084+09:00>>
2025-08-06 14:56:18.481 DEBUG (MainThread) [homeassistant.components.binary_sensor] Not adding entity Restart required because it's disabled
2025-08-06 14:56:18.498 DEBUG (MainThread) [homeassistant.core] Bus:Handling <Event state_changed[L]: entity_id=button.zigbee2mqtt_bridge_restart, old_state=<state button.zigbee2mqtt_bridge_restart=unavailable; restored=True, device_class=restart, friendly_name=Restart, supported_features=0 @ 2025-08-06T14:56:18.411705+09:00>, new_state=<state button.zigbee2mqtt_bridge_restart=unavailable; device_class=restart, friendly_name=Zigbee2MQTT Bridge Restart @ 2025-08-06T14:56:18.411705+09:00>>
2025-08-06 14:56:18.551 DEBUG (MainThread) [homeassistant.core] Bus:Handling <Event state_changed[L]: entity_id=select.zigbee2mqtt_bridge_log_level, old_state=<state select.zigbee2mqtt_bridge_log_level=unavailable; restored=True, options=['error', 'warning', 'info', 'debug'], friendly_name=Log level, supported_features=0 @ 2025-08-06T14:56:18.411932+09:00>, new_state=<state select.zigbee2mqtt_bridge_log_level=unavailable; options=['error', 'warning', 'info', 'debug'], friendly_name=Zigbee2MQTT Bridge Log level @ 2025-08-06T14:56:18.411932+09:00>>
2025-08-06 14:56:18.555 DEBUG (MainThread) [homeassistant.core] Bus:Handling <Event state_changed[L]: entity_id=select.geosil_beoteun1_operation_mode, old_state=<state select.geosil_beoteun1_operation_mode=unavailable; restored=True, options=['command', 'event'], icon=mdi:tune, friendly_name=Operation mode, supported_features=0 @ 2025-08-06T14:56:18.412633+09:00>, new_state=<state select.geosil_beoteun1_operation_mode=unavailable; options=['command', 'event'], icon=mdi:tune, friendly_name=거실 버튼1 Operation mode @ 2025-08-06T14:56:18.412633+09:00>>
2025-08-06 14:56:18.569 INFO (MainThread) [custom_components.hacs] Loading known repositories
2025-08-06 14:56:18.574 DEBUG (MainThread) [homeassistant.core] Bus:Handling <Event state_changed[L]: entity_id=sensor.zigbee2mqtt_bridge_version, old_state=<state sensor.zigbee2mqtt_bridge_version=unavailable; restored=True, icon=mdi:zigbee, friendly_name=Version, supported_features=0 @ 2025-08-06T14:56:18.412122+09:00>, new_state=<state sensor.zigbee2mqtt_bridge_version=unavailable; icon=mdi:zigbee, friendly_name=Zigbee2MQTT Bridge Version @ 2025-08-06T14:56:18.412122+09:00>>
2025-08-06 14:56:18.592 DEBUG (MainThread) [homeassistant.core] Bus:Handling <Event state_changed[L]: entity_id=sensor.geosil_beoteun1_battery, old_state=<state sensor.geosil_beoteun1_battery=unavailable; restored=True, state_class=measurement, device_class=battery, friendly_name=배터리, supported_features=0, unit_of_measurement=% @ 2025-08-06T14:56:18.412468+09:00>, new_state=<state sensor.geosil_beoteun1_battery=unavailable; state_class=measurement, unit_of_measurement=%, device_class=battery, friendly_name=거실 버튼1 배터리 @ 2025-08-06T14:56:18.412468+09:00>>
2025-08-06 14:56:18.604 DEBUG (MainThread) [homeassistant.core] Bus:Handling <Event state_changed[L]: entity_id=sensor.0xa4c13857052a9c52_battery, old_state=<state sensor.0xa4c13857052a9c52_battery=unavailable; restored=True, state_class=measurement, device_class=battery, friendly_name=배터리, supported_features=0, unit_of_measurement=% @ 2025-08-06T14:56:18.412834+09:00>, new_state=<state sensor.0xa4c13857052a9c52_battery=unavailable; state_class=measurement, unit_of_measurement=%, device_class=battery, friendly_name=안방 온습도 센서 배터리 @ 2025-08-06T14:56:18.412834+09:00>>
2025-08-06 14:56:18.609 DEBUG (MainThread) [homeassistant.core] Bus:Handling <Event state_changed[L]: entity_id=sensor.0xa4c13857052a9c52_temperature, old_state=<state sensor.0xa4c13857052a9c52_temperature=unavailable; restored=True, state_class=measurement, device_class=temperature, friendly_name=온도, supported_features=0, unit_of_measurement=°C @ 2025-08-06T14:56:18.413241+09:00>, new_state=<state sensor.0xa4c13857052a9c52_temperature=unavailable; state_class=measurement, unit_of_measurement=°C, device_class=temperature, friendly_name=안방 온습도 센서 온도 @ 2025-08-06T14:56:18.413241+09:00>>
2025-08-06 14:56:18.618 DEBUG (MainThread) [homeassistant.core] Bus:Handling <Event state_changed[L]: entity_id=sensor.0xa4c13857052a9c52_humidity, old_state=<state sensor.0xa4c13857052a9c52_humidity=unavailable; restored=True, state_class=measurement, device_class=humidity, friendly_name=습도, supported_features=0, unit_of_measurement=% @ 2025-08-06T14:56:18.413419+09:00>, new_state=<state sensor.0xa4c13857052a9c52_humidity=unavailable; state_class=measurement, unit_of_measurement=%, device_class=humidity, friendly_name=안방 온습도 센서 습도 @ 2025-08-06T14:56:18.413419+09:00>>
2025-08-06 14:56:18.624 DEBUG (MainThread) [homeassistant.core] Bus:Handling <Event state_changed[L]: entity_id=sensor.0xa4c13857052a9c52_voltage, old_state=<state sensor.0xa4c13857052a9c52_voltage=unavailable; restored=True, state_class=measurement, device_class=voltage, friendly_name=전압, supported_features=0, unit_of_measurement=mV @ 2025-08-06T14:56:18.413615+09:00>, new_state=<state sensor.0xa4c13857052a9c52_voltage=unavailable; state_class=measurement, unit_of_measurement=mV, device_class=voltage, friendly_name=안방 온습도 센서 전압 @ 2025-08-06T14:56:18.413615+09:00>>
2025-08-06 14:56:18.644 DEBUG (MainThread) [homeassistant.core] Bus:Handling <Event state_changed[L]: entity_id=switch.zigbee2mqtt_bridge_permit_join, old_state=<state switch.zigbee2mqtt_bridge_permit_join=unavailable; restored=True, icon=mdi:human-greeting-proximity, friendly_name=Permit join, supported_features=0 @ 2025-08-06T14:56:18.412292+09:00>, new_state=<state switch.zigbee2mqtt_bridge_permit_join=unavailable; icon=mdi:human-greeting-proximity, friendly_name=Zigbee2MQTT Bridge Permit join @ 2025-08-06T14:56:18.412292+09:00>>
2025-08-06 14:56:18.670 DEBUG (MainThread) [homeassistant.core] Bus:Handling <Event state_changed[L]: entity_id=sensor.tasmota_last_restart_time, old_state=<state sensor.tasmota_last_restart_time=unavailable; restored=True, device_class=timestamp, friendly_name=Last Restart Time, supported_features=0 @ 2025-08-06T14:56:18.413842+09:00>, new_state=<state sensor.tasmota_last_restart_time=unavailable; device_class=timestamp, friendly_name=Tasmota Last Restart Time @ 2025-08-06T14:56:18.413842+09:00>>
2025-08-06 14:56:18.671 DEBUG (MainThread) [homeassistant.core] Bus:Handling <Event state_changed[L]: entity_id=sensor.tasmota_wifi_connect_count, old_state=<state sensor.tasmota_wifi_connect_count=unavailable; restored=True, icon=mdi:counter, friendly_name=WiFi Connect Count, supported_features=0 @ 2025-08-06T14:56:18.414029+09:00>, new_state=<state sensor.tasmota_wifi_connect_count=unavailable; icon=mdi:counter, friendly_name=Tasmota WiFi Connect Count @ 2025-08-06T14:56:18.414029+09:00>>
2025-08-06 14:56:18.674 DEBUG (MainThread) [homeassistant.core] Bus:Handling <Event state_changed[L]: entity_id=sensor.tasmota_mqtt_connect_count, old_state=<state sensor.tasmota_mqtt_connect_count=unavailable; restored=True, icon=mdi:counter, friendly_name=MQTT Connect Count, supported_features=0 @ 2025-08-06T14:56:18.414187+09:00>, new_state=<state sensor.tasmota_mqtt_connect_count=unavailable; icon=mdi:counter, friendly_name=Tasmota MQTT Connect Count @ 2025-08-06T14:56:18.414187+09:00>>
2025-08-06 14:56:18.675 DEBUG (MainThread) [homeassistant.core] Bus:Handling <Event state_changed[L]: entity_id=sensor.tasmota_restart_reason, old_state=<state sensor.tasmota_restart_reason=unavailable; restored=True, icon=mdi:information-outline, friendly_name=Restart Reason, supported_features=0 @ 2025-08-06T14:56:18.414343+09:00>, new_state=<state sensor.tasmota_restart_reason=unavailable; icon=mdi:information-outline, friendly_name=Tasmota Restart Reason @ 2025-08-06T14:56:18.414343+09:00>>
2025-08-06 14:56:18.681 DEBUG (MainThread) [homeassistant.core] Bus:Handling <Event state_changed[L]: entity_id=sensor.tasmota_ssid, old_state=<state sensor.tasmota_ssid=unavailable; restored=True, icon=mdi:access-point-network, friendly_name=SSID, supported_features=0 @ 2025-08-06T14:56:18.414501+09:00>, new_state=<state sensor.tasmota_ssid=unavailable; icon=mdi:access-point-network, friendly_name=Tasmota SSID @ 2025-08-06T14:56:18.414501+09:00>>
2025-08-06 14:56:19.536 DEBUG (MainThread) [homeassistant.core] Bus:Handling <Event state_reported[L]: entity_id=update.hacs_update, old_last_reported=2025-08-06T14:56:16.757872+09:00, new_state=<state update.hacs_update=off; auto_update=False, display_precision=0, installed_version=2.0.5, in_progress=False, latest_version=2.0.5, release_summary=None, release_url=https://github.com/hacs/integration/releases/2.0.5, skipped_version=None, title=None, update_percentage=None, entity_picture=https://brands.home-assistant.io/_/hacs/icon.png, friendly_name=HACS update, supported_features=23 @ 2025-08-06T14:56:16.757872+09:00>>
2025-08-06 14:56:19.537 INFO (MainThread) [custom_components.hacs] Stage changed: running
2025-08-06 14:56:19.545 DEBUG (MainThread) [homeassistant.core] Bus:Handling <Event state_changed[L]: entity_id=sensor.0xa4c13857052a9c52_voltage, old_state=<state sensor.0xa4c13857052a9c52_voltage=unavailable; state_class=measurement, unit_of_measurement=mV, device_class=voltage, friendly_name=안방 온습도 센서 전압 @ 2025-08-06T14:56:18.413615+09:00>, new_state=<state sensor.0xa4c13857052a9c52_voltage=unknown; state_class=measurement, unit_of_measurement=mV, device_class=voltage, friendly_name=안방 온습도 센서 전압 @ 2025-08-06T14:56:19.544832+09:00>>
2025-08-06 14:56:19.545 DEBUG (MainThread) [homeassistant.core] Bus:Handling <Event state_changed[L]: entity_id=binary_sensor.zigbee2mqtt_bridge_connection_state, old_state=<state binary_sensor.zigbee2mqtt_bridge_connection_state=unknown; device_class=connectivity, friendly_name=Zigbee2MQTT Bridge Connection state @ 2025-08-06T14:56:18.477084+09:00>, new_state=<state binary_sensor.zigbee2mqtt_bridge_connection_state=on; device_class=connectivity, friendly_name=Zigbee2MQTT Bridge Connection state @ 2025-08-06T14:56:19.545410+09:00>>
2025-08-06 14:56:19.545 DEBUG (MainThread) [homeassistant.core] Bus:Handling <Event state_changed[L]: entity_id=sensor.0xa4c13857052a9c52_temperature, old_state=<state sensor.0xa4c13857052a9c52_temperature=unavailable; state_class=measurement, unit_of_measurement=°C, device_class=temperature, friendly_name=안방 온습도 센서 온도 @ 2025-08-06T14:56:18.413241+09:00>, new_state=<state sensor.0xa4c13857052a9c52_temperature=unknown; state_class=measurement, unit_of_measurement=°C, device_class=temperature, friendly_name=안방 온습도 센서 온도 @ 2025-08-06T14:56:19.545660+09:00>>
2025-08-06 14:56:19.546 DEBUG (MainThread) [homeassistant.core] Bus:Handling <Event state_changed[L]: entity_id=button.zigbee2mqtt_bridge_restart, old_state=<state button.zigbee2mqtt_bridge_restart=unavailable; device_class=restart, friendly_name=Zigbee2MQTT Bridge Restart @ 2025-08-06T14:56:18.411705+09:00>, new_state=<state button.zigbee2mqtt_bridge_restart=unknown; device_class=restart, friendly_name=Zigbee2MQTT Bridge Restart @ 2025-08-06T14:56:19.545943+09:00>>
2025-08-06 14:56:19.546 DEBUG (MainThread) [homeassistant.core] Bus:Handling <Event state_changed[L]: entity_id=sensor.geosil_beoteun1_battery, old_state=<state sensor.geosil_beoteun1_battery=unavailable; state_class=measurement, unit_of_measurement=%, device_class=battery, friendly_name=거실 버튼1 배터리 @ 2025-08-06T14:56:18.412468+09:00>, new_state=<state sensor.geosil_beoteun1_battery=unknown; state_class=measurement, unit_of_measurement=%, device_class=battery, friendly_name=거실 버튼1 배터리 @ 2025-08-06T14:56:19.546181+09:00>>
2025-08-06 14:56:19.546 DEBUG (MainThread) [homeassistant.core] Bus:Handling <Event state_changed[L]: entity_id=select.geosil_beoteun1_operation_mode, old_state=<state select.geosil_beoteun1_operation_mode=unavailable; options=['command', 'event'], icon=mdi:tune, friendly_name=거실 버튼1 Operation mode @ 2025-08-06T14:56:18.412633+09:00>, new_state=<state select.geosil_beoteun1_operation_mode=unknown; options=['command', 'event'], icon=mdi:tune, friendly_name=거실 버튼1 Operation mode @ 2025-08-06T14:56:19.546405+09:00>>
2025-08-06 14:56:19.546 DEBUG (MainThread) [homeassistant.core] Bus:Handling <Event state_changed[L]: entity_id=sensor.zigbee2mqtt_bridge_version, old_state=<state sensor.zigbee2mqtt_bridge_version=unavailable; icon=mdi:zigbee, friendly_name=Zigbee2MQTT Bridge Version @ 2025-08-06T14:56:18.412122+09:00>, new_state=<state sensor.zigbee2mqtt_bridge_version=unknown; icon=mdi:zigbee, friendly_name=Zigbee2MQTT Bridge Version @ 2025-08-06T14:56:19.546666+09:00>>
2025-08-06 14:56:19.547 DEBUG (MainThread) [homeassistant.core] Bus:Handling <Event state_changed[L]: entity_id=switch.zigbee2mqtt_bridge_permit_join, old_state=<state switch.zigbee2mqtt_bridge_permit_join=unavailable; icon=mdi:human-greeting-proximity, friendly_name=Zigbee2MQTT Bridge Permit join @ 2025-08-06T14:56:18.412292+09:00>, new_state=<state switch.zigbee2mqtt_bridge_permit_join=unknown; icon=mdi:human-greeting-proximity, friendly_name=Zigbee2MQTT Bridge Permit join @ 2025-08-06T14:56:19.546979+09:00>>
2025-08-06 14:56:19.547 DEBUG (MainThread) [homeassistant.core] Bus:Handling <Event state_changed[L]: entity_id=sensor.0xa4c13857052a9c52_humidity, old_state=<state sensor.0xa4c13857052a9c52_humidity=unavailable; state_class=measurement, unit_of_measurement=%, device_class=humidity, friendly_name=안방 온습도 센서 습도 @ 2025-08-06T14:56:18.413419+09:00>, new_state=<state sensor.0xa4c13857052a9c52_humidity=unknown; state_class=measurement, unit_of_measurement=%, device_class=humidity, friendly_name=안방 온습도 센서 습도 @ 2025-08-06T14:56:19.547209+09:00>>
2025-08-06 14:56:19.547 DEBUG (MainThread) [homeassistant.core] Bus:Handling <Event state_changed[L]: entity_id=select.zigbee2mqtt_bridge_log_level, old_state=<state select.zigbee2mqtt_bridge_log_level=unavailable; options=['error', 'warning', 'info', 'debug'], friendly_name=Zigbee2MQTT Bridge Log level @ 2025-08-06T14:56:18.411932+09:00>, new_state=<state select.zigbee2mqtt_bridge_log_level=unknown; options=['error', 'warning', 'info', 'debug'], friendly_name=Zigbee2MQTT Bridge Log level @ 2025-08-06T14:56:19.547433+09:00>>
2025-08-06 14:56:19.547 DEBUG (MainThread) [homeassistant.core] Bus:Handling <Event state_changed[L]: entity_id=sensor.0xa4c13857052a9c52_battery, old_state=<state sensor.0xa4c13857052a9c52_battery=unavailable; state_class=measurement, unit_of_measurement=%, device_class=battery, friendly_name=안방 온습도 센서 배터리 @ 2025-08-06T14:56:18.412834+09:00>, new_state=<state sensor.0xa4c13857052a9c52_battery=unknown; state_class=measurement, unit_of_measurement=%, device_class=battery, friendly_name=안방 온습도 센서 배터리 @ 2025-08-06T14:56:19.547663+09:00>>
2025-08-06 14:56:19.555 DEBUG (MainThread) [homeassistant.core] Bus:Handling <Event state_changed[L]: entity_id=sensor.zigbee2mqtt_bridge_version, old_state=<state sensor.zigbee2mqtt_bridge_version=unknown; icon=mdi:zigbee, friendly_name=Zigbee2MQTT Bridge Version @ 2025-08-06T14:56:19.546666+09:00>, new_state=<state sensor.zigbee2mqtt_bridge_version=2.6.0; icon=mdi:zigbee, friendly_name=Zigbee2MQTT Bridge Version @ 2025-08-06T14:56:19.555119+09:00>>
2025-08-06 14:56:19.555 DEBUG (MainThread) [homeassistant.core] Bus:Handling <Event state_changed[L]: entity_id=select.zigbee2mqtt_bridge_log_level, old_state=<state select.zigbee2mqtt_bridge_log_level=unknown; options=['error', 'warning', 'info', 'debug'], friendly_name=Zigbee2MQTT Bridge Log level @ 2025-08-06T14:56:19.547433+09:00>, new_state=<state select.zigbee2mqtt_bridge_log_level=info; options=['error', 'warning', 'info', 'debug'], friendly_name=Zigbee2MQTT Bridge Log level @ 2025-08-06T14:56:19.555564+09:00>>
2025-08-06 14:56:19.556 DEBUG (MainThread) [homeassistant.core] Bus:Handling <Event state_changed[L]: entity_id=switch.zigbee2mqtt_bridge_permit_join, old_state=<state switch.zigbee2mqtt_bridge_permit_join=unknown; icon=mdi:human-greeting-proximity, friendly_name=Zigbee2MQTT Bridge Permit join @ 2025-08-06T14:56:19.546979+09:00>, new_state=<state switch.zigbee2mqtt_bridge_permit_join=off; icon=mdi:human-greeting-proximity, friendly_name=Zigbee2MQTT Bridge Permit join @ 2025-08-06T14:56:19.555883+09:00>>
2025-08-06 14:56:19.557 DEBUG (MainThread) [homeassistant.core] Bus:Handling <Event state_changed[L]: entity_id=sensor.tasmota_ssid, old_state=<state sensor.tasmota_ssid=unavailable; icon=mdi:access-point-network, friendly_name=Tasmota SSID @ 2025-08-06T14:56:18.414501+09:00>, new_state=<state sensor.tasmota_ssid=unknown; icon=mdi:access-point-network, friendly_name=Tasmota SSID @ 2025-08-06T14:56:19.557192+09:00>>
2025-08-06 14:56:19.557 DEBUG (MainThread) [homeassistant.core] Bus:Handling <Event state_changed[L]: entity_id=sensor.tasmota_mqtt_connect_count, old_state=<state sensor.tasmota_mqtt_connect_count=unavailable; icon=mdi:counter, friendly_name=Tasmota MQTT Connect Count @ 2025-08-06T14:56:18.414187+09:00>, new_state=<state sensor.tasmota_mqtt_connect_count=unknown; icon=mdi:counter, friendly_name=Tasmota MQTT Connect Count @ 2025-08-06T14:56:19.557632+09:00>>
2025-08-06 14:56:19.558 DEBUG (MainThread) [homeassistant.core] Bus:Handling <Event state_changed[L]: entity_id=sensor.tasmota_restart_reason, old_state=<state sensor.tasmota_restart_reason=unavailable; icon=mdi:information-outline, friendly_name=Tasmota Restart Reason @ 2025-08-06T14:56:18.414343+09:00>, new_state=<state sensor.tasmota_restart_reason=unknown; icon=mdi:information-outline, friendly_name=Tasmota Restart Reason @ 2025-08-06T14:56:19.558034+09:00>>
2025-08-06 14:56:19.558 DEBUG (MainThread) [homeassistant.core] Bus:Handling <Event state_changed[L]: entity_id=sensor.tasmota_wifi_connect_count, old_state=<state sensor.tasmota_wifi_connect_count=unavailable; icon=mdi:counter, friendly_name=Tasmota WiFi Connect Count @ 2025-08-06T14:56:18.414029+09:00>, new_state=<state sensor.tasmota_wifi_connect_count=unknown; icon=mdi:counter, friendly_name=Tasmota WiFi Connect Count @ 2025-08-06T14:56:19.558395+09:00>>
2025-08-06 14:56:19.558 DEBUG (MainThread) [homeassistant.core] Bus:Handling <Event state_changed[L]: entity_id=sensor.tasmota_last_restart_time, old_state=<state sensor.tasmota_last_restart_time=unavailable; device_class=timestamp, friendly_name=Tasmota Last Restart Time @ 2025-08-06T14:56:18.413842+09:00>, new_state=<state sensor.tasmota_last_restart_time=unknown; device_class=timestamp, friendly_name=Tasmota Last Restart Time @ 2025-08-06T14:56:19.558738+09:00>>
2025-08-06 14:56:19.562 DEBUG (MainThread) [homeassistant.core] Bus:Handling <Event core_config_updated[L]>
2025-08-06 14:56:19.563 DEBUG (MainThread) [homeassistant.core] Bus:Handling <Event homeassistant_started[L]>
2025-08-06 14:56:19.567 INFO (SyncWorker_0) [homeassistant.loader] Loaded synology_dsm from homeassistant.components.synology_dsm
2025-08-06 14:56:19.571 DEBUG (MainThread) [homeassistant.core] Bus:Handling <Event state_changed[L]: entity_id=sensor.backup_backup_manager_state, old_state=<state sensor.backup_backup_manager_state=blocked; options=['idle', 'create_backup', 'blocked', 'receive_backup', 'restore_backup'], device_class=enum, friendly_name=Backup Backup Manager state @ 2025-08-06T14:56:12.361432+09:00>, new_state=<state sensor.backup_backup_manager_state=idle; options=['idle', 'create_backup', 'blocked', 'receive_backup', 'restore_backup'], device_class=enum, friendly_name=Backup Backup Manager state @ 2025-08-06T14:56:19.570757+09:00>>
2025-08-06 14:56:19.571 DEBUG (MainThread) [homeassistant.core] Bus:Handling <Event state_reported[L]: entity_id=sensor.backup_next_scheduled_automatic_backup, old_last_reported=2025-08-06T14:56:12.624277+09:00, new_state=<state sensor.backup_next_scheduled_automatic_backup=unknown; device_class=timestamp, friendly_name=Backup Next scheduled automatic backup @ 2025-08-06T14:56:12.362056+09:00>>
2025-08-06 14:56:19.571 DEBUG (MainThread) [homeassistant.core] Bus:Handling <Event state_reported[L]: entity_id=sensor.backup_last_successful_automatic_backup, old_last_reported=2025-08-06T14:56:12.624438+09:00, new_state=<state sensor.backup_last_successful_automatic_backup=unknown; device_class=timestamp, friendly_name=Backup Last successful automatic backup @ 2025-08-06T14:56:12.362448+09:00>>
2025-08-06 14:56:19.571 DEBUG (MainThread) [homeassistant.core] Bus:Handling <Event state_reported[L]: entity_id=sensor.backup_last_attempted_automatic_backup, old_last_reported=2025-08-06T14:56:12.624605+09:00, new_state=<state sensor.backup_last_attempted_automatic_backup=unknown; device_class=timestamp, friendly_name=Backup Last attempted automatic backup @ 2025-08-06T14:56:12.362840+09:00>>
2025-08-06 14:56:19.575 INFO (MainThread) [homeassistant.components.automation.geosil_beoteun_1_geosil_eeokeon_togeul] Initialized trigger 거실 버튼 1 -> 거실 에어컨 토글
2025-08-06 14:56:19.576 DEBUG (MainThread) [homeassistant.core] Bus:Handling <Event state_reported[L]: entity_id=automation.geosil_beoteun_1_geosil_eeokeon_togeul, old_last_reported=2025-08-06T14:56:15.740642+09:00, new_state=<state automation.geosil_beoteun_1_geosil_eeokeon_togeul=on; id=1754384697297, last_triggered=2025-08-05T22:36:31.754036+09:00, mode=single, current=0, friendly_name=거실 버튼 1 -> 거실 에어컨 토글 @ 2025-08-06T14:56:15.740642+09:00>>
2025-08-06 14:56:19.600 INFO (SyncWorker_1) [homeassistant.loader] Loaded dlna_dmr from homeassistant.components.dlna_dmr
2025-08-06 14:56:19.611 INFO (SyncWorker_4) [homeassistant.loader] Loaded xiaomi_aqara from homeassistant.components.xiaomi_aqara
2025-08-06 14:56:20.868 DEBUG (MainThread) [homeassistant.core] Bus:Handling <Event state_changed[L]: entity_id=sensor.tasmota_restart_reason, old_state=<state sensor.tasmota_restart_reason=unknown; icon=mdi:information-outline, friendly_name=Tasmota Restart Reason @ 2025-08-06T14:56:19.558034+09:00>, new_state=<state sensor.tasmota_restart_reason=Software reset CPU; icon=mdi:information-outline, friendly_name=Tasmota Restart Reason @ 2025-08-06T14:56:20.868486+09:00>>
2025-08-06 14:56:20.886 DEBUG (MainThread) [homeassistant.core] Bus:Handling <Event state_changed[L]: entity_id=sensor.tasmota_wifi_connect_count, old_state=<state sensor.tasmota_wifi_connect_count=unknown; icon=mdi:counter, friendly_name=Tasmota WiFi Connect Count @ 2025-08-06T14:56:19.558395+09:00>, new_state=<state sensor.tasmota_wifi_connect_count=19; icon=mdi:counter, friendly_name=Tasmota WiFi Connect Count @ 2025-08-06T14:56:20.885948+09:00>>
2025-08-06 14:56:20.886 DEBUG (MainThread) [homeassistant.core] Bus:Handling <Event state_changed[L]: entity_id=sensor.tasmota_last_restart_time, old_state=<state sensor.tasmota_last_restart_time=unknown; device_class=timestamp, friendly_name=Tasmota Last Restart Time @ 2025-08-06T14:56:19.558738+09:00>, new_state=<state sensor.tasmota_last_restart_time=2025-06-23T14:36:57+00:00; device_class=timestamp, friendly_name=Tasmota Last Restart Time @ 2025-08-06T14:56:20.886577+09:00>>
2025-08-06 14:56:20.886 DEBUG (MainThread) [homeassistant.core] Bus:Handling <Event state_changed[L]: entity_id=sensor.tasmota_mqtt_connect_count, old_state=<state sensor.tasmota_mqtt_connect_count=unknown; icon=mdi:counter, friendly_name=Tasmota MQTT Connect Count @ 2025-08-06T14:56:19.557632+09:00>, new_state=<state sensor.tasmota_mqtt_connect_count=22; icon=mdi:counter, friendly_name=Tasmota MQTT Connect Count @ 2025-08-06T14:56:20.886870+09:00>>
2025-08-06 14:56:20.887 DEBUG (MainThread) [homeassistant.core] Bus:Handling <Event state_changed[L]: entity_id=sensor.tasmota_ssid, old_state=<state sensor.tasmota_ssid=unknown; icon=mdi:access-point-network, friendly_name=Tasmota SSID @ 2025-08-06T14:56:19.557192+09:00>, new_state=<state sensor.tasmota_ssid=honami; icon=mdi:access-point-network, friendly_name=Tasmota SSID @ 2025-08-06T14:56:20.887127+09:00>>
2025-08-06 14:56:24.582 INFO (MainThread) [homeassistant.components.mqtt.client] MQTT client initialized, birth message sent
2025-08-06 14:56:26.256 DEBUG (MainThread) [homeassistant.core] Bus:Handling <Event state_changed[L]: entity_id=sensor.geosil_eeokeon_humidity, old_state=<state sensor.geosil_eeokeon_humidity=63; state_class=measurement, unit_of_measurement=%, device_class=humidity, friendly_name=거실 에어컨 습도 @ 2025-08-06T14:56:18.397276+09:00>, new_state=<state sensor.geosil_eeokeon_humidity=68; state_class=measurement, unit_of_measurement=%, device_class=humidity, friendly_name=거실 에어컨 습도 @ 2025-08-06T14:56:26.256291+09:00>>
2025-08-06 14:56:30.287 DEBUG (MainThread) [homeassistant.core] Bus:Handling <Event state_reported[L]: entity_id=sun.sun, old_last_reported=2025-08-06T14:56:15.278488+09:00, new_state=<state sun.sun=above_horizon; next_dawn=2025-08-06T20:12:19.937481+00:00, next_dusk=2025-08-06T11:04:07.962815+00:00, next_midnight=2025-08-06T15:37:59+00:00, next_noon=2025-08-07T03:37:59+00:00, next_rising=2025-08-06T20:41:22.994271+00:00, next_setting=2025-08-06T10:35:05.744028+00:00, elevation=53.17, azimuth=244.97, rising=False, friendly_name=Sun @ 2025-08-06T14:56:15.275112+09:00>>
2025-08-06 14:56:31.151 DEBUG (MainThread) [homeassistant.core] Bus:Handling <Event state_reported[L]: entity_id=fan.zhimi_airpurifier_m1, old_last_reported=2025-08-06T14:56:17.030242+09:00, new_state=<state fan.zhimi_airpurifier_m1=off; preset_modes=['Auto', 'Silent', 'Favorite', 'Idle'], preset_mode=None, extra_features=0, turbo_mode_supported=False, button_pressed=None, sleep_time=None, sleep_mode_learn_count=None, use_time=148003558, sleep_mode=None, friendly_name=공기청정기, supported_features=56 @ 2025-08-06T14:56:17.030242+09:00>>
2025-08-06 14:56:31.152 DEBUG (MainThread) [homeassistant.core] Bus:Handling <Event state_reported[L]: entity_id=number.zhimi_airpurifier_m1_favorite_level, old_last_reported=2025-08-06T14:56:17.038907+09:00, new_state=<state number.zhimi_airpurifier_m1_favorite_level=10; min=0, max=17, step=1, mode=auto, icon=mdi:star-cog, friendly_name=공기청정기 Favorite level @ 2025-08-06T14:56:17.038907+09:00>>
2025-08-06 14:56:31.152 DEBUG (MainThread) [homeassistant.core] Bus:Handling <Event state_reported[L]: entity_id=select.zhimi_airpurifier_m1_led_brightness, old_last_reported=2025-08-06T14:56:17.051208+09:00, new_state=<state select.zhimi_airpurifier_m1_led_brightness=bright; options=['bright', 'dim', 'off'], icon=mdi:brightness-6, friendly_name=공기청정기 Led Brightness @ 2025-08-06T14:56:17.051208+09:00>>
2025-08-06 14:56:31.152 DEBUG (MainThread) [homeassistant.core] Bus:Handling <Event state_reported[L]: entity_id=sensor.zhimi_airpurifier_m1_temperature, old_last_reported=2025-08-06T14:56:17.052840+09:00, new_state=<state sensor.zhimi_airpurifier_m1_temperature=26.1; state_class=measurement, unit_of_measurement=°C, device_class=temperature, friendly_name=온도 @ 2025-08-06T14:56:17.052840+09:00>>
2025-08-06 14:56:31.152 DEBUG (MainThread) [homeassistant.core] Bus:Handling <Event state_reported[L]: entity_id=sensor.zhimi_airpurifier_m1_humidity, old_last_reported=2025-08-06T14:56:17.056397+09:00, new_state=<state sensor.zhimi_airpurifier_m1_humidity=58; state_class=measurement, unit_of_measurement=%, device_class=humidity, friendly_name=공기청정기 습도 @ 2025-08-06T14:56:17.056397+09:00>>
2025-08-06 14:56:31.152 DEBUG (MainThread) [homeassistant.core] Bus:Handling <Event state_reported[L]: entity_id=sensor.zhimi_airpurifier_m1_motor_speed, old_last_reported=2025-08-06T14:56:17.056966+09:00, new_state=<state sensor.zhimi_airpurifier_m1_motor_speed=0; state_class=measurement, unit_of_measurement=rpm, icon=mdi:fast-forward, friendly_name=공기청정기 Motor speed @ 2025-08-06T14:56:17.056966+09:00>>
2025-08-06 14:56:31.153 DEBUG (MainThread) [homeassistant.core] Bus:Handling <Event state_changed[L]: entity_id=sensor.zhimi_airpurifier_m1_pm2_5, old_state=<state sensor.zhimi_airpurifier_m1_pm2_5=26; state_class=measurement, unit_of_measurement=µg/m³, device_class=pm25, friendly_name=공기청정기 PM2.5 @ 2025-08-06T14:56:17.059194+09:00>, new_state=<state sensor.zhimi_airpurifier_m1_pm2_5=22; state_class=measurement, unit_of_measurement=µg/m³, device_class=pm25, friendly_name=공기청정기 PM2.5 @ 2025-08-06T14:56:31.152999+09:00>>
2025-08-06 14:56:31.153 DEBUG (MainThread) [homeassistant.core] Bus:Handling <Event state_reported[L]: entity_id=sensor.zhimi_airpurifier_m1_filter_life_remaining, old_last_reported=2025-08-06T14:56:17.059700+09:00, new_state=<state sensor.zhimi_airpurifier_m1_filter_life_remaining=0; state_class=measurement, unit_of_measurement=%, icon=mdi:air-filter, friendly_name=공기청정기 Filter life remaining @ 2025-08-06T14:56:17.059700+09:00>>
2025-08-06 14:56:31.153 DEBUG (MainThread) [homeassistant.core] Bus:Handling <Event state_reported[L]: entity_id=sensor.zhimi_airpurifier_m1_filter_use, old_last_reported=2025-08-06T14:56:17.060199+09:00, new_state=<state sensor.zhimi_airpurifier_m1_filter_use=3500; state_class=measurement, unit_of_measurement=h, device_class=duration, icon=mdi:clock-outline, friendly_name=공기청정기 Filter use @ 2025-08-06T14:56:17.060199+09:00>>
2025-08-06 14:56:31.153 DEBUG (MainThread) [homeassistant.core] Bus:Handling <Event state_reported[L]: entity_id=switch.zhimi_airpurifier_m1_buzzer, old_last_reported=2025-08-06T14:56:17.062433+09:00, new_state=<state switch.zhimi_airpurifier_m1_buzzer=off; icon=mdi:volume-high, friendly_name=공기청정기 Buzzer @ 2025-08-06T14:56:17.062433+09:00>>
2025-08-06 14:56:31.154 DEBUG (MainThread) [homeassistant.core] Bus:Handling <Event state_reported[L]: entity_id=switch.zhimi_airpurifier_m1_child_lock, old_last_reported=2025-08-06T14:56:17.062848+09:00, new_state=<state switch.zhimi_airpurifier_m1_child_lock=off; icon=mdi:lock, friendly_name=공기청정기 차일드 락 @ 2025-08-06T14:56:17.062848+09:00>>
2025-08-06 14:56:31.154 DEBUG (MainThread) [homeassistant.core] Bus:Handling <Event state_reported[L]: entity_id=switch.zhimi_airpurifier_m1_led, old_last_reported=2025-08-06T14:56:17.063241+09:00, new_state=<state switch.zhimi_airpurifier_m1_led=off; icon=mdi:led-outline, friendly_name=공기청정기 LED @ 2025-08-06T14:56:17.063241+09:00>>
2025-08-06 14:56:31.154 DEBUG (MainThread) [homeassistant.core] Bus:Handling <Event state_reported[L]: entity_id=switch.zhimi_airpurifier_m1_learn_mode, old_last_reported=2025-08-06T14:56:17.064033+09:00, new_state=<state switch.zhimi_airpurifier_m1_learn_mode=off; icon=mdi:school-outline, friendly_name=공기청정기 Learn mode @ 2025-08-06T14:56:17.064033+09:00>>
2025-08-06 14:56:45.288 DEBUG (MainThread) [homeassistant.core] Bus:Handling <Event state_reported[L]: entity_id=sun.sun, old_last_reported=2025-08-06T14:56:30.286710+09:00, new_state=<state sun.sun=above_horizon; next_dawn=2025-08-06T20:12:19.937481+00:00, next_dusk=2025-08-06T11:04:07.962815+00:00, next_midnight=2025-08-06T15:37:59+00:00, next_noon=2025-08-07T03:37:59+00:00, next_rising=2025-08-06T20:41:22.994271+00:00, next_setting=2025-08-06T10:35:05.744028+00:00, elevation=53.17, azimuth=244.97, rising=False, friendly_name=Sun @ 2025-08-06T14:56:15.275112+09:00>>
2025-08-06 14:56:46.470 DEBUG (MainThread) [homeassistant.core] Bus:Handling <Event state_changed[L]: entity_id=sensor.geosil_eeokeon_energy, old_state=<state sensor.geosil_eeokeon_energy=160.411; state_class=total_increasing, unit_of_measurement=kWh, device_class=energy, friendly_name=거실 에어컨 에너지 @ 2025-08-06T14:56:18.391456+09:00>, new_state=<state sensor.geosil_eeokeon_energy=160.439; state_class=total_increasing, unit_of_measurement=kWh, device_class=energy, friendly_name=거실 에어컨 에너지 @ 2025-08-06T14:56:46.470072+09:00>>
2025-08-06 14:56:46.470 DEBUG (MainThread) [homeassistant.core] Bus:Handling <Event state_changed[L]: entity_id=sensor.geosil_eeokeon_power, old_state=<state sensor.geosil_eeokeon_power=146.0; state_class=measurement, power_consumption_start=2025-08-06T05:31:26Z, power_consumption_end=2025-08-06T05:46:06Z, unit_of_measurement=W, device_class=power, friendly_name=거실 에어컨 전원 @ 2025-08-06T14:56:18.393071+09:00>, new_state=<state sensor.geosil_eeokeon_power=156.0; state_class=measurement, power_consumption_start=2025-08-06T05:46:06Z, power_consumption_end=2025-08-06T05:56:46Z, unit_of_measurement=W, device_class=power, friendly_name=거실 에어컨 전원 @ 2025-08-06T14:56:46.470727+09:00>>
2025-08-06 14:56:46.471 DEBUG (MainThread) [homeassistant.core] Bus:Handling <Event state_changed[L]: entity_id=sensor.geosil_eeokeon_energy_difference, old_state=<state sensor.geosil_eeokeon_energy_difference=0.034; state_class=total, unit_of_measurement=kWh, device_class=energy, friendly_name=거실 에어컨 Energy difference @ 2025-08-06T14:56:18.394232+09:00>, new_state=<state sensor.geosil_eeokeon_energy_difference=0.028; state_class=total, unit_of_measurement=kWh, device_class=energy, friendly_name=거실 에어컨 Energy difference @ 2025-08-06T14:56:46.471091+09:00>>
2025-08-06 14:56:46.471 DEBUG (MainThread) [homeassistant.core] Bus:Handling <Event state_changed[L]: entity_id=sensor.geosil_eeokeon_power_energy, old_state=<state sensor.geosil_eeokeon_power_energy=0.0361955377745628; state_class=total, unit_of_measurement=kWh, device_class=energy, friendly_name=거실 에어컨 전력 에너지 @ 2025-08-06T14:56:18.395869+09:00>, new_state=<state sensor.geosil_eeokeon_power_energy=0.025971493884325; state_class=total, unit_of_measurement=kWh, device_class=energy, friendly_name=거실 에어컨 전력 에너지 @ 2025-08-06T14:56:46.471345+09:00>>
2025-08-06 14:56:46.471 DEBUG (MainThread) [homeassistant.core] Bus:Handling <Event state_reported[L]: entity_id=sensor.geosil_eeokeon_energy_saved, old_last_reported=2025-08-06T14:56:18.396736+09:00, new_state=<state sensor.geosil_eeokeon_energy_saved=0.0; state_class=total_increasing, unit_of_measurement=kWh, device_class=energy, friendly_name=거실 에어컨 Energy saved @ 2025-08-06T14:56:18.396736+09:00>>
2025-08-06 14:56:46.488 DEBUG (MainThread) [homeassistant.core] Bus:Handling <Event state_reported[L]: entity_id=fan.zhimi_airpurifier_m1, old_last_reported=2025-08-06T14:56:31.151370+09:00, new_state=<state fan.zhimi_airpurifier_m1=off; preset_modes=['Auto', 'Silent', 'Favorite', 'Idle'], preset_mode=None, extra_features=0, turbo_mode_supported=False, button_pressed=None, sleep_time=None, sleep_mode_learn_count=None, use_time=148003558, sleep_mode=None, friendly_name=공기청정기, supported_features=56 @ 2025-08-06T14:56:17.030242+09:00>>
2025-08-06 14:56:46.488 DEBUG (MainThread) [homeassistant.core] Bus:Handling <Event state_reported[L]: entity_id=number.zhimi_airpurifier_m1_favorite_level, old_last_reported=2025-08-06T14:56:31.151891+09:00, new_state=<state number.zhimi_airpurifier_m1_favorite_level=10; min=0, max=17, step=1, mode=auto, icon=mdi:star-cog, friendly_name=공기청정기 Favorite level @ 2025-08-06T14:56:17.038907+09:00>>
2025-08-06 14:56:46.488 DEBUG (MainThread) [homeassistant.core] Bus:Handling <Event state_reported[L]: entity_id=select.zhimi_airpurifier_m1_led_brightness, old_last_reported=2025-08-06T14:56:31.152149+09:00, new_state=<state select.zhimi_airpurifier_m1_led_brightness=bright; options=['bright', 'dim', 'off'], icon=mdi:brightness-6, friendly_name=공기청정기 Led Brightness @ 2025-08-06T14:56:17.051208+09:00>>
2025-08-06 14:56:46.489 DEBUG (MainThread) [homeassistant.core] Bus:Handling <Event state_reported[L]: entity_id=sensor.zhimi_airpurifier_m1_temperature, old_last_reported=2025-08-06T14:56:31.152405+09:00, new_state=<state sensor.zhimi_airpurifier_m1_temperature=26.1; state_class=measurement, unit_of_measurement=°C, device_class=temperature, friendly_name=온도 @ 2025-08-06T14:56:17.052840+09:00>>
2025-08-06 14:56:46.489 DEBUG (MainThread) [homeassistant.core] Bus:Handling <Event state_reported[L]: entity_id=sensor.zhimi_airpurifier_m1_humidity, old_last_reported=2025-08-06T14:56:31.152597+09:00, new_state=<state sensor.zhimi_airpurifier_m1_humidity=58; state_class=measurement, unit_of_measurement=%, device_class=humidity, friendly_name=공기청정기 습도 @ 2025-08-06T14:56:17.056397+09:00>>
2025-08-06 14:56:46.489 DEBUG (MainThread) [homeassistant.core] Bus:Handling <Event state_reported[L]: entity_id=sensor.zhimi_airpurifier_m1_motor_speed, old_last_reported=2025-08-06T14:56:31.152792+09:00, new_state=<state sensor.zhimi_airpurifier_m1_motor_speed=0; state_class=measurement, unit_of_measurement=rpm, icon=mdi:fast-forward, friendly_name=공기청정기 Motor speed @ 2025-08-06T14:56:17.056966+09:00>>
2025-08-06 14:56:46.490 DEBUG (MainThread) [homeassistant.core] Bus:Handling <Event state_changed[L]: entity_id=sensor.zhimi_airpurifier_m1_pm2_5, old_state=<state sensor.zhimi_airpurifier_m1_pm2_5=22; state_class=measurement, unit_of_measurement=µg/m³, device_class=pm25, friendly_name=공기청정기 PM2.5 @ 2025-08-06T14:56:31.152999+09:00>, new_state=<state sensor.zhimi_airpurifier_m1_pm2_5=19; state_class=measurement, unit_of_measurement=µg/m³, device_class=pm25, friendly_name=공기청정기 PM2.5 @ 2025-08-06T14:56:46.489720+09:00>>
2025-08-06 14:56:46.490 DEBUG (MainThread) [homeassistant.core] Bus:Handling <Event state_reported[L]: entity_id=sensor.zhimi_airpurifier_m1_filter_life_remaining, old_last_reported=2025-08-06T14:56:31.153325+09:00, new_state=<state sensor.zhimi_airpurifier_m1_filter_life_remaining=0; state_class=measurement, unit_of_measurement=%, icon=mdi:air-filter, friendly_name=공기청정기 Filter life remaining @ 2025-08-06T14:56:17.059700+09:00>>
2025-08-06 14:56:46.490 DEBUG (MainThread) [homeassistant.core] Bus:Handling <Event state_reported[L]: entity_id=sensor.zhimi_airpurifier_m1_filter_use, old_last_reported=2025-08-06T14:56:31.153510+09:00, new_state=<state sensor.zhimi_airpurifier_m1_filter_use=3500; state_class=measurement, unit_of_measurement=h, device_class=duration, icon=mdi:clock-outline, friendly_name=공기청정기 Filter use @ 2025-08-06T14:56:17.060199+09:00>>
2025-08-06 14:56:46.490 DEBUG (MainThread) [homeassistant.core] Bus:Handling <Event state_reported[L]: entity_id=switch.zhimi_airpurifier_m1_buzzer, old_last_reported=2025-08-06T14:56:31.153731+09:00, new_state=<state switch.zhimi_airpurifier_m1_buzzer=off; icon=mdi:volume-high, friendly_name=공기청정기 Buzzer @ 2025-08-06T14:56:17.062433+09:00>>
2025-08-06 14:56:46.491 DEBUG (MainThread) [homeassistant.core] Bus:Handling <Event state_reported[L]: entity_id=switch.zhimi_airpurifier_m1_child_lock, old_last_reported=2025-08-06T14:56:31.153929+09:00, new_state=<state switch.zhimi_airpurifier_m1_child_lock=off; icon=mdi:lock, friendly_name=공기청정기 차일드 락 @ 2025-08-06T14:56:17.062848+09:00>>
2025-08-06 14:56:46.491 DEBUG (MainThread) [homeassistant.core] Bus:Handling <Event state_reported[L]: entity_id=switch.zhimi_airpurifier_m1_led, old_last_reported=2025-08-06T14:56:31.154089+09:00, new_state=<state switch.zhimi_airpurifier_m1_led=off; icon=mdi:led-outline, friendly_name=공기청정기 LED @ 2025-08-06T14:56:17.063241+09:00>>
2025-08-06 14:56:46.491 DEBUG (MainThread) [homeassistant.core] Bus:Handling <Event state_reported[L]: entity_id=switch.zhimi_airpurifier_m1_learn_mode, old_last_reported=2025-08-06T14:56:31.154241+09:00, new_state=<state switch.zhimi_airpurifier_m1_learn_mode=off; icon=mdi:school-outline, friendly_name=공기청정기 Learn mode @ 2025-08-06T14:56:17.064033+09:00>>
2025-08-06 14:56:46.793 DEBUG (MainThread) [homeassistant.core] Bus:Handling <Event state_changed[L]: entity_id=sensor.geosil_eeokeon_humidity, old_state=<state sensor.geosil_eeokeon_humidity=68; state_class=measurement, unit_of_measurement=%, device_class=humidity, friendly_name=거실 에어컨 습도 @ 2025-08-06T14:56:26.256291+09:00>, new_state=<state sensor.geosil_eeokeon_humidity=73; state_class=measurement, unit_of_measurement=%, device_class=humidity, friendly_name=거실 에어컨 습도 @ 2025-08-06T14:56:46.793286+09:00>>
2025-08-06 14:56:47.412 DEBUG (MainThread) [homeassistant.core] Bus:Handling <Event state_reported[L]: entity_id=binary_sensor.efm_networks_iptime_ax3000m_wan_status, old_last_reported=2025-08-06T14:56:17.729902+09:00, new_state=<state binary_sensor.efm_networks_iptime_ax3000m_wan_status=on; device_class=connectivity, friendly_name=EFM Networks ipTIME AX3000M WAN 상태 @ 2025-08-06T14:56:17.729902+09:00>>
2025-08-06 14:56:47.413 DEBUG (MainThread) [homeassistant.core] Bus:Handling <Event state_reported[L]: entity_id=sensor.efm_networks_iptime_ax3000m_external_ip, old_last_reported=2025-08-06T14:56:17.732085+09:00, new_state=<state sensor.efm_networks_iptime_ax3000m_external_ip=49.142.72.18; friendly_name=EFM Networks ipTIME AX3000M 외부 IP @ 2025-08-06T14:56:17.732085+09:00>>
2025-08-06 14:56:47.413 DEBUG (MainThread) [homeassistant.core] Bus:Handling <Event state_changed[L]: entity_id=sensor.efm_networks_iptime_ax3000m_download_speed, old_state=<state sensor.efm_networks_iptime_ax3000m_download_speed=unknown; state_class=measurement, unit_of_measurement=KiB/s, device_class=data_rate, friendly_name=EFM Networks ipTIME AX3000M 다운로드 속도 @ 2025-08-06T14:56:17.743635+09:00>, new_state=<state sensor.efm_networks_iptime_ax3000m_download_speed=68.7593344293256; state_class=measurement, unit_of_measurement=KiB/s, device_class=data_rate, friendly_name=EFM Networks ipTIME AX3000M 다운로드 속도 @ 2025-08-06T14:56:47.413307+09:00>>
2025-08-06 14:56:47.413 DEBUG (MainThread) [homeassistant.core] Bus:Handling <Event state_changed[L]: entity_id=sensor.efm_networks_iptime_ax3000m_upload_speed, old_state=<state sensor.efm_networks_iptime_ax3000m_upload_speed=unknown; state_class=measurement, unit_of_measurement=KiB/s, device_class=data_rate, friendly_name=EFM Networks ipTIME AX3000M 업로드 속도 @ 2025-08-06T14:56:17.745794+09:00>, new_state=<state sensor.efm_networks_iptime_ax3000m_upload_speed=12.8317399038248; state_class=measurement, unit_of_measurement=KiB/s, device_class=data_rate, friendly_name=EFM Networks ipTIME AX3000M 업로드 속도 @ 2025-08-06T14:56:47.413645+09:00>>
2025-08-06 14:56:54.606 DEBUG (MainThread) [homeassistant.core] Bus:Handling <Event state_changed[L]: entity_id=sensor.geosil_beoteun1_battery, old_state=<state sensor.geosil_beoteun1_battery=unknown; state_class=measurement, unit_of_measurement=%, device_class=battery, friendly_name=거실 버튼1 배터리 @ 2025-08-06T14:56:19.546181+09:00>, new_state=<state sensor.geosil_beoteun1_battery=100; state_class=measurement, unit_of_measurement=%, device_class=battery, friendly_name=거실 버튼1 배터리 @ 2025-08-06T14:56:54.604813+09:00>>
2025-08-06 14:56:54.609 DEBUG (MainThread) [homeassistant.core] Bus:Handling <Event state_changed[L]: entity_id=select.geosil_beoteun1_operation_mode, old_state=<state select.geosil_beoteun1_operation_mode=unknown; options=['command', 'event'], icon=mdi:tune, friendly_name=거실 버튼1 Operation mode @ 2025-08-06T14:56:19.546405+09:00>, new_state=<state select.geosil_beoteun1_operation_mode=event; options=['command', 'event'], icon=mdi:tune, friendly_name=거실 버튼1 Operation mode @ 2025-08-06T14:56:54.608625+09:00>>
2025-08-06 14:56:54.618 DEBUG (MainThread) [homeassistant.core] Bus:Handling <Event state_changed[L]: entity_id=sensor.0xa4c13857052a9c52_temperature, old_state=<state sensor.0xa4c13857052a9c52_temperature=unknown; state_class=measurement, unit_of_measurement=°C, device_class=temperature, friendly_name=안방 온습도 센서 온도 @ 2025-08-06T14:56:19.545660+09:00>, new_state=<state sensor.0xa4c13857052a9c52_temperature=28.19; state_class=measurement, unit_of_measurement=°C, device_class=temperature, friendly_name=안방 온습도 센서 온도 @ 2025-08-06T14:56:54.618116+09:00>>
2025-08-06 14:56:54.618 DEBUG (MainThread) [homeassistant.core] Bus:Handling <Event state_changed[L]: entity_id=sensor.0xa4c13857052a9c52_battery, old_state=<state sensor.0xa4c13857052a9c52_battery=unknown; state_class=measurement, unit_of_measurement=%, device_class=battery, friendly_name=안방 온습도 센서 배터리 @ 2025-08-06T14:56:19.547663+09:00>, new_state=<state sensor.0xa4c13857052a9c52_battery=87; state_class=measurement, unit_of_measurement=%, device_class=battery, friendly_name=안방 온습도 센서 배터리 @ 2025-08-06T14:56:54.618682+09:00>>
2025-08-06 14:56:54.619 DEBUG (MainThread) [homeassistant.core] Bus:Handling <Event state_changed[L]: entity_id=sensor.0xa4c13857052a9c52_humidity, old_state=<state sensor.0xa4c13857052a9c52_humidity=unknown; state_class=measurement, unit_of_measurement=%, device_class=humidity, friendly_name=안방 온습도 센서 습도 @ 2025-08-06T14:56:19.547209+09:00>, new_state=<state sensor.0xa4c13857052a9c52_humidity=57.31; state_class=measurement, unit_of_measurement=%, device_class=humidity, friendly_name=안방 온습도 센서 습도 @ 2025-08-06T14:56:54.619171+09:00>>
2025-08-06 14:56:54.619 DEBUG (MainThread) [homeassistant.core] Bus:Handling <Event state_changed[L]: entity_id=sensor.0xa4c13857052a9c52_voltage, old_state=<state sensor.0xa4c13857052a9c52_voltage=unknown; state_class=measurement, unit_of_measurement=mV, device_class=voltage, friendly_name=안방 온습도 센서 전압 @ 2025-08-06T14:56:19.544832+09:00>, new_state=<state sensor.0xa4c13857052a9c52_voltage=2500; state_class=measurement, unit_of_measurement=mV, device_class=voltage, friendly_name=안방 온습도 센서 전압 @ 2025-08-06T14:56:54.619467+09:00>>
2025-08-06 14:56:57.302 DEBUG (MainThread) [homeassistant.core] Bus:Handling <Event state_reported[L]: entity_id=sensor.tasmota_wifi_connect_count, old_last_reported=2025-08-06T14:56:20.885948+09:00, new_state=<state sensor.tasmota_wifi_connect_count=19; icon=mdi:counter, friendly_name=Tasmota WiFi Connect Count @ 2025-08-06T14:56:20.885948+09:00>>
2025-08-06 14:56:57.302 DEBUG (MainThread) [homeassistant.core] Bus:Handling <Event state_reported[L]: entity_id=sensor.tasmota_mqtt_connect_count, old_last_reported=2025-08-06T14:56:20.886870+09:00, new_state=<state sensor.tasmota_mqtt_connect_count=22; icon=mdi:counter, friendly_name=Tasmota MQTT Connect Count @ 2025-08-06T14:56:20.886870+09:00>>
2025-08-06 14:57:00.289 DEBUG (MainThread) [homeassistant.core] Bus:Handling <Event state_reported[L]: entity_id=sun.sun, old_last_reported=2025-08-06T14:56:45.287878+09:00, new_state=<state sun.sun=above_horizon; next_dawn=2025-08-06T20:12:19.937481+00:00, next_dusk=2025-08-06T11:04:07.962815+00:00, next_midnight=2025-08-06T15:37:59+00:00, next_noon=2025-08-07T03:37:59+00:00, next_rising=2025-08-06T20:41:22.994271+00:00, next_setting=2025-08-06T10:35:05.744028+00:00, elevation=53.17, azimuth=244.97, rising=False, friendly_name=Sun @ 2025-08-06T14:56:15.275112+09:00>>
2025-08-06 14:57:01.159 DEBUG (MainThread) [homeassistant.core] Bus:Handling <Event state_reported[L]: entity_id=fan.zhimi_airpurifier_m1, old_last_reported=2025-08-06T14:56:46.488046+09:00, new_state=<state fan.zhimi_airpurifier_m1=off; preset_modes=['Auto', 'Silent', 'Favorite', 'Idle'], preset_mode=None, extra_features=0, turbo_mode_supported=False, button_pressed=None, sleep_time=None, sleep_mode_learn_count=None, use_time=148003558, sleep_mode=None, friendly_name=공기청정기, supported_features=56 @ 2025-08-06T14:56:17.030242+09:00>>
2025-08-06 14:57:01.160 DEBUG (MainThread) [homeassistant.core] Bus:Handling <Event state_reported[L]: entity_id=number.zhimi_airpurifier_m1_favorite_level, old_last_reported=2025-08-06T14:56:46.488528+09:00, new_state=<state number.zhimi_airpurifier_m1_favorite_level=10; min=0, max=17, step=1, mode=auto, icon=mdi:star-cog, friendly_name=공기청정기 Favorite level @ 2025-08-06T14:56:17.038907+09:00>>
2025-08-06 14:57:01.160 DEBUG (MainThread) [homeassistant.core] Bus:Handling <Event state_reported[L]: entity_id=select.zhimi_airpurifier_m1_led_brightness, old_last_reported=2025-08-06T14:56:46.488844+09:00, new_state=<state select.zhimi_airpurifier_m1_led_brightness=bright; options=['bright', 'dim', 'off'], icon=mdi:brightness-6, friendly_name=공기청정기 Led Brightness @ 2025-08-06T14:56:17.051208+09:00>>
2025-08-06 14:57:01.160 DEBUG (MainThread) [homeassistant.core] Bus:Handling <Event state_reported[L]: entity_id=sensor.zhimi_airpurifier_m1_temperature, old_last_reported=2025-08-06T14:56:46.489138+09:00, new_state=<state sensor.zhimi_airpurifier_m1_temperature=26.1; state_class=measurement, unit_of_measurement=°C, device_class=temperature, friendly_name=온도 @ 2025-08-06T14:56:17.052840+09:00>>
2025-08-06 14:57:01.160 DEBUG (MainThread) [homeassistant.core] Bus:Handling <Event state_reported[L]: entity_id=sensor.zhimi_airpurifier_m1_humidity, old_last_reported=2025-08-06T14:56:46.489341+09:00, new_state=<state sensor.zhimi_airpurifier_m1_humidity=58; state_class=measurement, unit_of_measurement=%, device_class=humidity, friendly_name=공기청정기 습도 @ 2025-08-06T14:56:17.056397+09:00>>
2025-08-06 14:57:01.160 DEBUG (MainThread) [homeassistant.core] Bus:Handling <Event state_reported[L]: entity_id=sensor.zhimi_airpurifier_m1_motor_speed, old_last_reported=2025-08-06T14:56:46.489524+09:00, new_state=<state sensor.zhimi_airpurifier_m1_motor_speed=0; state_class=measurement, unit_of_measurement=rpm, icon=mdi:fast-forward, friendly_name=공기청정기 Motor speed @ 2025-08-06T14:56:17.056966+09:00>>
2025-08-06 14:57:01.161 DEBUG (MainThread) [homeassistant.core] Bus:Handling <Event state_changed[L]: entity_id=sensor.zhimi_airpurifier_m1_pm2_5, old_state=<state sensor.zhimi_airpurifier_m1_pm2_5=19; state_class=measurement, unit_of_measurement=µg/m³, device_class=pm25, friendly_name=공기청정기 PM2.5 @ 2025-08-06T14:56:46.489720+09:00>, new_state=<state sensor.zhimi_airpurifier_m1_pm2_5=10; state_class=measurement, unit_of_measurement=µg/m³, device_class=pm25, friendly_name=공기청정기 PM2.5 @ 2025-08-06T14:57:01.161038+09:00>>
2025-08-06 14:57:01.161 DEBUG (MainThread) [homeassistant.core] Bus:Handling <Event state_reported[L]: entity_id=sensor.zhimi_airpurifier_m1_filter_life_remaining, old_last_reported=2025-08-06T14:56:46.490319+09:00, new_state=<state sensor.zhimi_airpurifier_m1_filter_life_remaining=0; state_class=measurement, unit_of_measurement=%, icon=mdi:air-filter, friendly_name=공기청정기 Filter life remaining @ 2025-08-06T14:56:17.059700+09:00>>
2025-08-06 14:57:01.161 DEBUG (MainThread) [homeassistant.core] Bus:Handling <Event state_reported[L]: entity_id=sensor.zhimi_airpurifier_m1_filter_use, old_last_reported=2025-08-06T14:56:46.490515+09:00, new_state=<state sensor.zhimi_airpurifier_m1_filter_use=3500; state_class=measurement, unit_of_measurement=h, device_class=duration, icon=mdi:clock-outline, friendly_name=공기청정기 Filter use @ 2025-08-06T14:56:17.060199+09:00>>
2025-08-06 14:57:01.161 DEBUG (MainThread) [homeassistant.core] Bus:Handling <Event state_reported[L]: entity_id=switch.zhimi_airpurifier_m1_buzzer, old_last_reported=2025-08-06T14:56:46.490720+09:00, new_state=<state switch.zhimi_airpurifier_m1_buzzer=off; icon=mdi:volume-high, friendly_name=공기청정기 Buzzer @ 2025-08-06T14:56:17.062433+09:00>>
2025-08-06 14:57:01.162 DEBUG (MainThread) [homeassistant.core] Bus:Handling <Event state_reported[L]: entity_id=switch.zhimi_airpurifier_m1_child_lock, old_last_reported=2025-08-06T14:56:46.491064+09:00, new_state=<state switch.zhimi_airpurifier_m1_child_lock=off; icon=mdi:lock, friendly_name=공기청정기 차일드 락 @ 2025-08-06T14:56:17.062848+09:00>>
2025-08-06 14:57:01.162 DEBUG (MainThread) [homeassistant.core] Bus:Handling <Event state_reported[L]: entity_id=switch.zhimi_airpurifier_m1_led, old_last_reported=2025-08-06T14:56:46.491228+09:00, new_state=<state switch.zhimi_airpurifier_m1_led=off; icon=mdi:led-outline, friendly_name=공기청정기 LED @ 2025-08-06T14:56:17.063241+09:00>>
2025-08-06 14:57:01.162 DEBUG (MainThread) [homeassistant.core] Bus:Handling <Event state_reported[L]: entity_id=switch.zhimi_airpurifier_m1_learn_mode, old_last_reported=2025-08-06T14:56:46.491385+09:00, new_state=<state switch.zhimi_airpurifier_m1_learn_mode=off; icon=mdi:school-outline, friendly_name=공기청정기 Learn mode @ 2025-08-06T14:56:17.064033+09:00>>
2025-08-06 14:57:07.116 INFO (SyncWorker_6) [homeassistant.loader] Loaded homekit_controller from homeassistant.components.homekit_controller
2025-08-06 14:57:07.116 INFO (SyncWorker_6) [homeassistant.loader] Loaded mold_indicator from homeassistant.components.mold_indicator
2025-08-06 14:57:07.117 INFO (SyncWorker_6) [homeassistant.loader] Loaded utility_meter from homeassistant.components.utility_meter
2025-08-06 14:57:07.118 INFO (SyncWorker_6) [homeassistant.loader] Loaded tod from homeassistant.components.tod
2025-08-06 14:57:07.119 INFO (SyncWorker_6) [homeassistant.loader] Loaded rpi_power from homeassistant.components.rpi_power
2025-08-06 14:57:07.121 INFO (SyncWorker_6) [homeassistant.loader] Loaded local_ip from homeassistant.components.local_ip
2025-08-06 14:57:07.122 INFO (SyncWorker_6) [homeassistant.loader] Loaded generic_hygrostat from homeassistant.components.generic_hygrostat
2025-08-06 14:57:07.122 INFO (SyncWorker_6) [homeassistant.loader] Loaded season from homeassistant.components.season
2025-08-06 14:57:07.123 INFO (SyncWorker_6) [homeassistant.loader] Loaded statistics from homeassistant.components.statistics
2025-08-06 14:57:07.124 INFO (SyncWorker_6) [homeassistant.loader] Loaded remote_calendar from homeassistant.components.remote_calendar
2025-08-06 14:57:07.125 INFO (SyncWorker_6) [homeassistant.loader] Loaded history_stats from homeassistant.components.history_stats
2025-08-06 14:57:07.125 INFO (SyncWorker_6) [homeassistant.loader] Loaded growatt_server from homeassistant.components.growatt_server
2025-08-06 14:57:07.126 INFO (SyncWorker_6) [homeassistant.loader] Loaded zodiac from homeassistant.components.zodiac
2025-08-06 14:57:07.127 INFO (SyncWorker_6) [homeassistant.loader] Loaded random from homeassistant.components.random
2025-08-06 14:57:07.127 INFO (SyncWorker_6) [homeassistant.loader] Loaded aurora from homeassistant.components.aurora
2025-08-06 14:57:07.128 INFO (SyncWorker_6) [homeassistant.loader] Loaded islamic_prayer_times from homeassistant.components.islamic_prayer_times
2025-08-06 14:57:07.129 INFO (SyncWorker_6) [homeassistant.loader] Loaded group from homeassistant.components.group
2025-08-06 14:57:07.130 INFO (SyncWorker_6) [homeassistant.loader] Loaded generic_thermostat from homeassistant.components.generic_thermostat
2025-08-06 14:57:07.131 INFO (SyncWorker_6) [homeassistant.loader] Loaded version from homeassistant.components.version
2025-08-06 14:57:07.131 INFO (SyncWorker_6) [homeassistant.loader] Loaded workday from homeassistant.components.workday
2025-08-06 14:57:07.132 INFO (SyncWorker_6) [homeassistant.loader] Loaded threshold from homeassistant.components.threshold
2025-08-06 14:57:07.133 INFO (SyncWorker_6) [homeassistant.loader] Loaded moehlenhoff_alpha2 from homeassistant.components.moehlenhoff_alpha2
2025-08-06 14:57:07.134 INFO (SyncWorker_6) [homeassistant.loader] Loaded moon from homeassistant.components.moon
2025-08-06 14:57:07.134 INFO (SyncWorker_6) [homeassistant.loader] Loaded garages_amsterdam from homeassistant.components.garages_amsterdam
2025-08-06 14:57:07.135 INFO (SyncWorker_6) [homeassistant.loader] Loaded holiday from homeassistant.components.holiday
2025-08-06 14:57:07.137 INFO (SyncWorker_6) [homeassistant.loader] Loaded filesize from homeassistant.components.filesize
2025-08-06 14:57:07.138 INFO (SyncWorker_6) [homeassistant.loader] Loaded emulated_roku from homeassistant.components.emulated_roku
2025-08-06 14:57:07.139 INFO (SyncWorker_6) [homeassistant.loader] Loaded integration from homeassistant.components.integration
2025-08-06 14:57:07.139 INFO (SyncWorker_6) [homeassistant.loader] Loaded cpuspeed from homeassistant.components.cpuspeed
2025-08-06 14:57:07.140 INFO (SyncWorker_6) [homeassistant.loader] Loaded waze_travel_time from homeassistant.components.waze_travel_time
2025-08-06 14:57:07.141 INFO (SyncWorker_6) [homeassistant.loader] Loaded cert_expiry from homeassistant.components.cert_expiry
2025-08-06 14:57:07.142 INFO (SyncWorker_6) [homeassistant.loader] Loaded alert from homeassistant.components.alert
2025-08-06 14:57:07.143 INFO (SyncWorker_6) [homeassistant.loader] Loaded demo from homeassistant.components.demo
2025-08-06 14:57:07.143 INFO (SyncWorker_6) [homeassistant.loader] Loaded trend from homeassistant.components.trend
2025-08-06 14:57:07.144 INFO (SyncWorker_6) [homeassistant.loader] Loaded derivative from homeassistant.components.derivative
2025-08-06 14:57:07.145 INFO (SyncWorker_6) [homeassistant.loader] Loaded filter from homeassistant.components.filter
2025-08-06 14:57:07.146 INFO (SyncWorker_6) [homeassistant.loader] Loaded plant from homeassistant.components.plant
2025-08-06 14:57:07.147 INFO (SyncWorker_6) [homeassistant.loader] Loaded energenie_power_sockets from homeassistant.components.energenie_power_sockets
2025-08-06 14:57:07.148 INFO (SyncWorker_6) [homeassistant.loader] Loaded local_todo from homeassistant.components.local_todo
2025-08-06 14:57:07.148 INFO (SyncWorker_6) [homeassistant.loader] Loaded proximity from homeassistant.components.proximity
2025-08-06 14:57:07.149 INFO (SyncWorker_6) [homeassistant.loader] Loaded uptime from homeassistant.components.uptime
2025-08-06 14:57:07.150 INFO (SyncWorker_6) [homeassistant.loader] Loaded google_travel_time from homeassistant.components.google_travel_time
2025-08-06 14:57:07.151 INFO (SyncWorker_6) [homeassistant.loader] Loaded generic from homeassistant.components.generic
2025-08-06 14:57:07.151 INFO (SyncWorker_6) [homeassistant.loader] Loaded time_date from homeassistant.components.time_date
2025-08-06 14:57:07.152 INFO (SyncWorker_6) [homeassistant.loader] Loaded nmap_tracker from homeassistant.components.nmap_tracker
2025-08-06 14:57:07.153 INFO (SyncWorker_6) [homeassistant.loader] Loaded vegehub from homeassistant.components.vegehub
2025-08-06 14:57:07.153 INFO (SyncWorker_6) [homeassistant.loader] Loaded min_max from homeassistant.components.min_max
2025-08-06 14:57:07.153 INFO (SyncWorker_6) [homeassistant.loader] Loaded nextbus from homeassistant.components.nextbus
2025-08-06 14:57:07.154 INFO (SyncWorker_6) [homeassistant.loader] Loaded local_calendar from homeassistant.components.local_calendar
2025-08-06 14:57:15.291 DEBUG (MainThread) [homeassistant.core] Bus:Handling <Event state_reported[L]: entity_id=sun.sun, old_last_reported=2025-08-06T14:57:00.288860+09:00, new_state=<state sun.sun=above_horizon; next_dawn=2025-08-06T20:12:19.937481+00:00, next_dusk=2025-08-06T11:04:07.962815+00:00, next_midnight=2025-08-06T15:37:59+00:00, next_noon=2025-08-07T03:37:59+00:00, next_rising=2025-08-06T20:41:22.994271+00:00, next_setting=2025-08-06T10:35:05.744028+00:00, elevation=53.17, azimuth=244.97, rising=False, friendly_name=Sun @ 2025-08-06T14:56:15.275112+09:00>>
2025-08-06 14:57:16.576 DEBUG (MainThread) [homeassistant.core] Bus:Handling <Event state_reported[L]: entity_id=fan.zhimi_airpurifier_m1, old_last_reported=2025-08-06T14:57:01.159475+09:00, new_state=<state fan.zhimi_airpurifier_m1=off; preset_modes=['Auto', 'Silent', 'Favorite', 'Idle'], preset_mode=None, extra_features=0, turbo_mode_supported=False, button_pressed=None, sleep_time=None, sleep_mode_learn_count=None, use_time=148003558, sleep_mode=None, friendly_name=공기청정기, supported_features=56 @ 2025-08-06T14:56:17.030242+09:00>>
2025-08-06 14:57:16.576 DEBUG (MainThread) [homeassistant.core] Bus:Handling <Event state_reported[L]: entity_id=number.zhimi_airpurifier_m1_favorite_level, old_last_reported=2025-08-06T14:57:01.159968+09:00, new_state=<state number.zhimi_airpurifier_m1_favorite_level=10; min=0, max=17, step=1, mode=auto, icon=mdi:star-cog, friendly_name=공기청정기 Favorite level @ 2025-08-06T14:56:17.038907+09:00>>
2025-08-06 14:57:16.577 DEBUG (MainThread) [homeassistant.core] Bus:Handling <Event state_reported[L]: entity_id=select.zhimi_airpurifier_m1_led_brightness, old_last_reported=2025-08-06T14:57:01.160192+09:00, new_state=<state select.zhimi_airpurifier_m1_led_brightness=bright; options=['bright', 'dim', 'off'], icon=mdi:brightness-6, friendly_name=공기청정기 Led Brightness @ 2025-08-06T14:56:17.051208+09:00>>
2025-08-06 14:57:16.577 DEBUG (MainThread) [homeassistant.core] Bus:Handling <Event state_reported[L]: entity_id=sensor.zhimi_airpurifier_m1_temperature, old_last_reported=2025-08-06T14:57:01.160444+09:00, new_state=<state sensor.zhimi_airpurifier_m1_temperature=26.1; state_class=measurement, unit_of_measurement=°C, device_class=temperature, friendly_name=온도 @ 2025-08-06T14:56:17.052840+09:00>>
2025-08-06 14:57:16.577 DEBUG (MainThread) [homeassistant.core] Bus:Handling <Event state_reported[L]: entity_id=sensor.zhimi_airpurifier_m1_humidity, old_last_reported=2025-08-06T14:57:01.160633+09:00, new_state=<state sensor.zhimi_airpurifier_m1_humidity=58; state_class=measurement, unit_of_measurement=%, device_class=humidity, friendly_name=공기청정기 습도 @ 2025-08-06T14:56:17.056397+09:00>>
2025-08-06 14:57:16.577 DEBUG (MainThread) [homeassistant.core] Bus:Handling <Event state_reported[L]: entity_id=sensor.zhimi_airpurifier_m1_motor_speed, old_last_reported=2025-08-06T14:57:01.160831+09:00, new_state=<state sensor.zhimi_airpurifier_m1_motor_speed=0; state_class=measurement, unit_of_measurement=rpm, icon=mdi:fast-forward, friendly_name=공기청정기 Motor speed @ 2025-08-06T14:56:17.056966+09:00>>
2025-08-06 14:57:16.577 DEBUG (MainThread) [homeassistant.core] Bus:Handling <Event state_reported[L]: entity_id=sensor.zhimi_airpurifier_m1_pm2_5, old_last_reported=2025-08-06T14:57:01.161038+09:00, new_state=<state sensor.zhimi_airpurifier_m1_pm2_5=10; state_class=measurement, unit_of_measurement=µg/m³, device_class=pm25, friendly_name=공기청정기 PM2.5 @ 2025-08-06T14:57:01.161038+09:00>>
2025-08-06 14:57:16.578 DEBUG (MainThread) [homeassistant.core] Bus:Handling <Event state_reported[L]: entity_id=sensor.zhimi_airpurifier_m1_filter_life_remaining, old_last_reported=2025-08-06T14:57:01.161353+09:00, new_state=<state sensor.zhimi_airpurifier_m1_filter_life_remaining=0; state_class=measurement, unit_of_measurement=%, icon=mdi:air-filter, friendly_name=공기청정기 Filter life remaining @ 2025-08-06T14:56:17.059700+09:00>>
2025-08-06 14:57:16.578 DEBUG (MainThread) [homeassistant.core] Bus:Handling <Event state_reported[L]: entity_id=sensor.zhimi_airpurifier_m1_filter_use, old_last_reported=2025-08-06T14:57:01.161564+09:00, new_state=<state sensor.zhimi_airpurifier_m1_filter_use=3500; state_class=measurement, unit_of_measurement=h, device_class=duration, icon=mdi:clock-outline, friendly_name=공기청정기 Filter use @ 2025-08-06T14:56:17.060199+09:00>>
2025-08-06 14:57:16.578 DEBUG (MainThread) [homeassistant.core] Bus:Handling <Event state_reported[L]: entity_id=switch.zhimi_airpurifier_m1_buzzer, old_last_reported=2025-08-06T14:57:01.161750+09:00, new_state=<state switch.zhimi_airpurifier_m1_buzzer=off; icon=mdi:volume-high, friendly_name=공기청정기 Buzzer @ 2025-08-06T14:56:17.062433+09:00>>
2025-08-06 14:57:16.578 DEBUG (MainThread) [homeassistant.core] Bus:Handling <Event state_reported[L]: entity_id=switch.zhimi_airpurifier_m1_child_lock, old_last_reported=2025-08-06T14:57:01.161956+09:00, new_state=<state switch.zhimi_airpurifier_m1_child_lock=off; icon=mdi:lock, friendly_name=공기청정기 차일드 락 @ 2025-08-06T14:56:17.062848+09:00>>
2025-08-06 14:57:16.579 DEBUG (MainThread) [homeassistant.core] Bus:Handling <Event state_reported[L]: entity_id=switch.zhimi_airpurifier_m1_led, old_last_reported=2025-08-06T14:57:01.162112+09:00, new_state=<state switch.zhimi_airpurifier_m1_led=off; icon=mdi:led-outline, friendly_name=공기청정기 LED @ 2025-08-06T14:56:17.063241+09:00>>
2025-08-06 14:57:16.579 DEBUG (MainThread) [homeassistant.core] Bus:Handling <Event state_reported[L]: entity_id=switch.zhimi_airpurifier_m1_learn_mode, old_last_reported=2025-08-06T14:57:01.162265+09:00, new_state=<state switch.zhimi_airpurifier_m1_learn_mode=off; icon=mdi:school-outline, friendly_name=공기청정기 Learn mode @ 2025-08-06T14:56:17.064033+09:00>>
2025-08-06 14:57:17.413 DEBUG (MainThread) [homeassistant.core] Bus:Handling <Event state_reported[L]: entity_id=binary_sensor.efm_networks_iptime_ax3000m_wan_status, old_last_reported=2025-08-06T14:56:47.412572+09:00, new_state=<state binary_sensor.efm_networks_iptime_ax3000m_wan_status=on; device_class=connectivity, friendly_name=EFM Networks ipTIME AX3000M WAN 상태 @ 2025-08-06T14:56:17.729902+09:00>>
2025-08-06 14:57:17.413 DEBUG (MainThread) [homeassistant.core] Bus:Handling <Event state_reported[L]: entity_id=sensor.efm_networks_iptime_ax3000m_external_ip, old_last_reported=2025-08-06T14:56:47.413070+09:00, new_state=<state sensor.efm_networks_iptime_ax3000m_external_ip=49.142.72.18; friendly_name=EFM Networks ipTIME AX3000M 외부 IP @ 2025-08-06T14:56:17.732085+09:00>>
2025-08-06 14:57:17.414 DEBUG (MainThread) [homeassistant.core] Bus:Handling <Event state_changed[L]: entity_id=sensor.efm_networks_iptime_ax3000m_download_speed, old_state=<state sensor.efm_networks_iptime_ax3000m_download_speed=68.7593344293256; state_class=measurement, unit_of_measurement=KiB/s, device_class=data_rate, friendly_name=EFM Networks ipTIME AX3000M 다운로드 속도 @ 2025-08-06T14:56:47.413307+09:00>, new_state=<state sensor.efm_networks_iptime_ax3000m_download_speed=1443.29272606303; state_class=measurement, unit_of_measurement=KiB/s, device_class=data_rate, friendly_name=EFM Networks ipTIME AX3000M 다운로드 속도 @ 2025-08-06T14:57:17.414089+09:00>>
2025-08-06 14:57:17.414 DEBUG (MainThread) [homeassistant.core] Bus:Handling <Event state_changed[L]: entity_id=sensor.efm_networks_iptime_ax3000m_upload_speed, old_state=<state sensor.efm_networks_iptime_ax3000m_upload_speed=12.8317399038248; state_class=measurement, unit_of_measurement=KiB/s, device_class=data_rate, friendly_name=EFM Networks ipTIME AX3000M 업로드 속도 @ 2025-08-06T14:56:47.413645+09:00>, new_state=<state sensor.efm_networks_iptime_ax3000m_upload_speed=16.813393484033; state_class=measurement, unit_of_measurement=KiB/s, device_class=data_rate, friendly_name=EFM Networks ipTIME AX3000M 업로드 속도 @ 2025-08-06T14:57:17.414422+09:00>>
2025-08-06 14:57:20.750 INFO (MainThread) [homeassistant.setup] Setting up commax
2025-08-06 14:57:20.779 INFO (MainThread) [homeassistant.components.light] Setting up commax.light
2025-08-06 14:57:20.780 ERROR (MainThread) [custom_components.commax.hass485_client] Unix Socket 연결 실패: [Errno 111] Connection refused
2025-08-06 14:57:20.781 ERROR (MainThread) [custom_components.commax.light] HASS485Client 연결 실패
2025-08-06 14:57:20.782 INFO (MainThread) [homeassistant.components.climate] Setting up commax.climate
2025-08-06 14:57:20.783 ERROR (MainThread) [custom_components.commax.hass485_client] Unix Socket 연결 실패: [Errno 111] Connection refused
2025-08-06 14:57:20.783 ERROR (MainThread) [custom_components.commax.climate] HASS485Client 연결 실패
2025-08-06 14:57:20.783 INFO (MainThread) [homeassistant.components.binary_sensor] Setting up commax.binary_sensor
2025-08-06 14:57:20.783 ERROR (MainThread) [custom_components.commax.hass485_client] Unix Socket 연결 실패: [Errno 111] Connection refused
2025-08-06 14:57:20.783 ERROR (MainThread) [custom_components.commax.binary_sensor] HASS485Client 연결 실패
2025-08-06 14:57:20.784 INFO (MainThread) [homeassistant.components.switch] Setting up commax.switch
2025-08-06 14:57:20.784 ERROR (MainThread) [custom_components.commax.hass485_client] Unix Socket 연결 실패: [Errno 111] Connection refused
2025-08-06 14:57:20.784 ERROR (MainThread) [custom_components.commax.switch] HASS485Client 연결 실패
2025-08-06 14:57:20.784 INFO (MainThread) [homeassistant.components.button] Setting up commax.button
2025-08-06 14:57:20.785 ERROR (MainThread) [custom_components.commax.hass485_client] Unix Socket 연결 실패: [Errno 111] Connection refused
2025-08-06 14:57:20.785 ERROR (MainThread) [custom_components.commax.button] HASS485Client 연결 실패
2025-08-06 14:57:20.790 DEBUG (MainThread) [homeassistant.core] Bus:Handling <Event component_loaded[L]: component=commax>
2025-08-06 14:57:24.182 INFO (MainThread) [homeassistant.components.light] Setting up commax.light
2025-08-06 14:57:24.183 ERROR (MainThread) [custom_components.commax.hass485_client] Unix Socket 연결 실패: [Errno 111] Connection refused
2025-08-06 14:57:24.183 ERROR (MainThread) [custom_components.commax.light] HASS485Client 연결 실패
2025-08-06 14:57:24.184 INFO (MainThread) [homeassistant.components.climate] Setting up commax.climate
2025-08-06 14:57:24.184 ERROR (MainThread) [custom_components.commax.hass485_client] Unix Socket 연결 실패: [Errno 111] Connection refused
2025-08-06 14:57:24.184 ERROR (MainThread) [custom_components.commax.climate] HASS485Client 연결 실패
2025-08-06 14:57:24.185 INFO (MainThread) [homeassistant.components.binary_sensor] Setting up commax.binary_sensor
2025-08-06 14:57:24.185 ERROR (MainThread) [custom_components.commax.hass485_client] Unix Socket 연결 실패: [Errno 111] Connection refused
2025-08-06 14:57:24.185 ERROR (MainThread) [custom_components.commax.binary_sensor] HASS485Client 연결 실패
2025-08-06 14:57:24.186 INFO (MainThread) [homeassistant.components.switch] Setting up commax.switch
2025-08-06 14:57:24.186 ERROR (MainThread) [custom_components.commax.hass485_client] Unix Socket 연결 실패: [Errno 111] Connection refused
2025-08-06 14:57:24.186 ERROR (MainThread) [custom_components.commax.switch] HASS485Client 연결 실패
2025-08-06 14:57:24.186 INFO (MainThread) [homeassistant.components.button] Setting up commax.button
2025-08-06 14:57:24.187 ERROR (MainThread) [custom_components.commax.hass485_client] Unix Socket 연결 실패: [Errno 111] Connection refused
2025-08-06 14:57:24.187 ERROR (MainThread) [custom_components.commax.button] HASS485Client 연결 실패
2025-08-06 14:57:30.293 DEBUG (MainThread) [homeassistant.core] Bus:Handling <Event state_reported[L]: entity_id=sun.sun, old_last_reported=2025-08-06T14:57:15.291134+09:00, new_state=<state sun.sun=above_horizon; next_dawn=2025-08-06T20:12:19.937481+00:00, next_dusk=2025-08-06T11:04:07.962815+00:00, next_midnight=2025-08-06T15:37:59+00:00, next_noon=2025-08-07T03:37:59+00:00, next_rising=2025-08-06T20:41:22.994271+00:00, next_setting=2025-08-06T10:35:05.744028+00:00, elevation=53.17, azimuth=244.97, rising=False, friendly_name=Sun @ 2025-08-06T14:56:15.275112+09:00>>
2025-08-06 14:57:31.159 DEBUG (MainThread) [homeassistant.core] Bus:Handling <Event state_reported[L]: entity_id=fan.zhimi_airpurifier_m1, old_last_reported=2025-08-06T14:57:16.576337+09:00, new_state=<state fan.zhimi_airpurifier_m1=off; preset_modes=['Auto', 'Silent', 'Favorite', 'Idle'], preset_mode=None, extra_features=0, turbo_mode_supported=False, button_pressed=None, sleep_time=None, sleep_mode_learn_count=None, use_time=148003558, sleep_mode=None, friendly_name=공기청정기, supported_features=56 @ 2025-08-06T14:56:17.030242+09:00>>
2025-08-06 14:57:31.159 DEBUG (MainThread) [homeassistant.core] Bus:Handling <Event state_reported[L]: entity_id=number.zhimi_airpurifier_m1_favorite_level, old_last_reported=2025-08-06T14:57:16.576821+09:00, new_state=<state number.zhimi_airpurifier_m1_favorite_level=10; min=0, max=17, step=1, mode=auto, icon=mdi:star-cog, friendly_name=공기청정기 Favorite level @ 2025-08-06T14:56:17.038907+09:00>>
2025-08-06 14:57:31.160 DEBUG (MainThread) [homeassistant.core] Bus:Handling <Event state_reported[L]: entity_id=select.zhimi_airpurifier_m1_led_brightness, old_last_reported=2025-08-06T14:57:16.577052+09:00, new_state=<state select.zhimi_airpurifier_m1_led_brightness=bright; options=['bright', 'dim', 'off'], icon=mdi:brightness-6, friendly_name=공기청정기 Led Brightness @ 2025-08-06T14:56:17.051208+09:00>>
2025-08-06 14:57:31.160 DEBUG (MainThread) [homeassistant.core] Bus:Handling <Event state_reported[L]: entity_id=sensor.zhimi_airpurifier_m1_temperature, old_last_reported=2025-08-06T14:57:16.577304+09:00, new_state=<state sensor.zhimi_airpurifier_m1_temperature=26.1; state_class=measurement, unit_of_measurement=°C, device_class=temperature, friendly_name=온도 @ 2025-08-06T14:56:17.052840+09:00>>
2025-08-06 14:57:31.160 DEBUG (MainThread) [homeassistant.core] Bus:Handling <Event state_reported[L]: entity_id=sensor.zhimi_airpurifier_m1_humidity, old_last_reported=2025-08-06T14:57:16.577496+09:00, new_state=<state sensor.zhimi_airpurifier_m1_humidity=58; state_class=measurement, unit_of_measurement=%, device_class=humidity, friendly_name=공기청정기 습도 @ 2025-08-06T14:56:17.056397+09:00>>
2025-08-06 14:57:31.160 DEBUG (MainThread) [homeassistant.core] Bus:Handling <Event state_reported[L]: entity_id=sensor.zhimi_airpurifier_m1_motor_speed, old_last_reported=2025-08-06T14:57:16.577677+09:00, new_state=<state sensor.zhimi_airpurifier_m1_motor_speed=0; state_class=measurement, unit_of_measurement=rpm, icon=mdi:fast-forward, friendly_name=공기청정기 Motor speed @ 2025-08-06T14:56:17.056966+09:00>>
2025-08-06 14:57:31.161 DEBUG (MainThread) [homeassistant.core] Bus:Handling <Event state_reported[L]: entity_id=sensor.zhimi_airpurifier_m1_pm2_5, old_last_reported=2025-08-06T14:57:16.577906+09:00, new_state=<state sensor.zhimi_airpurifier_m1_pm2_5=10; state_class=measurement, unit_of_measurement=µg/m³, device_class=pm25, friendly_name=공기청정기 PM2.5 @ 2025-08-06T14:57:01.161038+09:00>>
2025-08-06 14:57:31.161 DEBUG (MainThread) [homeassistant.core] Bus:Handling <Event state_reported[L]: entity_id=sensor.zhimi_airpurifier_m1_filter_life_remaining, old_last_reported=2025-08-06T14:57:16.578104+09:00, new_state=<state sensor.zhimi_airpurifier_m1_filter_life_remaining=0; state_class=measurement, unit_of_measurement=%, icon=mdi:air-filter, friendly_name=공기청정기 Filter life remaining @ 2025-08-06T14:56:17.059700+09:00>>
2025-08-06 14:57:31.161 DEBUG (MainThread) [homeassistant.core] Bus:Handling <Event state_reported[L]: entity_id=sensor.zhimi_airpurifier_m1_filter_use, old_last_reported=2025-08-06T14:57:16.578287+09:00, new_state=<state sensor.zhimi_airpurifier_m1_filter_use=3500; state_class=measurement, unit_of_measurement=h, device_class=duration, icon=mdi:clock-outline, friendly_name=공기청정기 Filter use @ 2025-08-06T14:56:17.060199+09:00>>
2025-08-06 14:57:31.161 DEBUG (MainThread) [homeassistant.core] Bus:Handling <Event state_reported[L]: entity_id=switch.zhimi_airpurifier_m1_buzzer, old_last_reported=2025-08-06T14:57:16.578474+09:00, new_state=<state switch.zhimi_airpurifier_m1_buzzer=off; icon=mdi:volume-high, friendly_name=공기청정기 Buzzer @ 2025-08-06T14:56:17.062433+09:00>>
2025-08-06 14:57:31.161 DEBUG (MainThread) [homeassistant.core] Bus:Handling <Event state_reported[L]: entity_id=switch.zhimi_airpurifier_m1_child_lock, old_last_reported=2025-08-06T14:57:16.578631+09:00, new_state=<state switch.zhimi_airpurifier_m1_child_lock=off; icon=mdi:lock, friendly_name=공기청정기 차일드 락 @ 2025-08-06T14:56:17.062848+09:00>>
2025-08-06 14:57:31.161 DEBUG (MainThread) [homeassistant.core] Bus:Handling <Event state_reported[L]: entity_id=switch.zhimi_airpurifier_m1_led, old_last_reported=2025-08-06T14:57:16.578804+09:00, new_state=<state switch.zhimi_airpurifier_m1_led=off; icon=mdi:led-outline, friendly_name=공기청정기 LED @ 2025-08-06T14:56:17.063241+09:00>>
2025-08-06 14:57:31.162 DEBUG (MainThread) [homeassistant.core] Bus:Handling <Event state_reported[L]: entity_id=switch.zhimi_airpurifier_m1_learn_mode, old_last_reported=2025-08-06T14:57:16.579121+09:00, new_state=<state switch.zhimi_airpurifier_m1_learn_mode=off; icon=mdi:school-outline, friendly_name=공기청정기 Learn mode @ 2025-08-06T14:56:17.064033+09:00>>
2025-08-06 14:57:34.617 INFO (MainThread) [homeassistant.components.light] Setting up commax.light
2025-08-06 14:57:34.617 ERROR (MainThread) [custom_components.commax.hass485_client] Unix Socket 연결 실패: [Errno 111] Connection refused
2025-08-06 14:57:34.617 ERROR (MainThread) [custom_components.commax.light] HASS485Client 연결 실패
2025-08-06 14:57:34.620 INFO (MainThread) [homeassistant.components.climate] Setting up commax.climate
2025-08-06 14:57:34.620 ERROR (MainThread) [custom_components.commax.hass485_client] Unix Socket 연결 실패: [Errno 111] Connection refused
2025-08-06 14:57:34.620 ERROR (MainThread) [custom_components.commax.climate] HASS485Client 연결 실패
2025-08-06 14:57:34.621 INFO (MainThread) [homeassistant.components.binary_sensor] Setting up commax.binary_sensor
2025-08-06 14:57:34.621 ERROR (MainThread) [custom_components.commax.hass485_client] Unix Socket 연결 실패: [Errno 111] Connection refused
2025-08-06 14:57:34.621 ERROR (MainThread) [custom_components.commax.binary_sensor] HASS485Client 연결 실패
2025-08-06 14:57:34.621 INFO (MainThread) [homeassistant.components.switch] Setting up commax.switch
2025-08-06 14:57:34.622 ERROR (MainThread) [custom_components.commax.hass485_client] Unix Socket 연결 실패: [Errno 111] Connection refused
2025-08-06 14:57:34.622 ERROR (MainThread) [custom_components.commax.switch] HASS485Client 연결 실패
2025-08-06 14:57:34.622 INFO (MainThread) [homeassistant.components.button] Setting up commax.button
2025-08-06 14:57:34.623 ERROR (MainThread) [custom_components.commax.hass485_client] Unix Socket 연결 실패: [Errno 111] Connection refused
2025-08-06 14:57:34.623 ERROR (MainThread) [custom_components.commax.button] HASS485Client 연결 실패
2025-08-06 14:57:45.293 DEBUG (MainThread) [homeassistant.core] Bus:Handling <Event state_reported[L]: entity_id=sun.sun, old_last_reported=2025-08-06T14:57:30.292731+09:00, new_state=<state sun.sun=above_horizon; next_dawn=2025-08-06T20:12:19.937481+00:00, next_dusk=2025-08-06T11:04:07.962815+00:00, next_midnight=2025-08-06T15:37:59+00:00, next_noon=2025-08-07T03:37:59+00:00, next_rising=2025-08-06T20:41:22.994271+00:00, next_setting=2025-08-06T10:35:05.744028+00:00, elevation=53.17, azimuth=244.97, rising=False, friendly_name=Sun @ 2025-08-06T14:56:15.275112+09:00>>
2025-08-06 14:57:46.213 DEBUG (MainThread) [homeassistant.core] Bus:Handling <Event state_reported[L]: entity_id=fan.zhimi_airpurifier_m1, old_last_reported=2025-08-06T14:57:31.159355+09:00, new_state=<state fan.zhimi_airpurifier_m1=off; preset_modes=['Auto', 'Silent', 'Favorite', 'Idle'], preset_mode=None, extra_features=0, turbo_mode_supported=False, button_pressed=None, sleep_time=None, sleep_mode_learn_count=None, use_time=148003558, sleep_mode=None, friendly_name=공기청정기, supported_features=56 @ 2025-08-06T14:56:17.030242+09:00>>
2025-08-06 14:57:46.214 DEBUG (MainThread) [homeassistant.core] Bus:Handling <Event state_reported[L]: entity_id=number.zhimi_airpurifier_m1_favorite_level, old_last_reported=2025-08-06T14:57:31.159889+09:00, new_state=<state number.zhimi_airpurifier_m1_favorite_level=10; min=0, max=17, step=1, mode=auto, icon=mdi:star-cog, friendly_name=공기청정기 Favorite level @ 2025-08-06T14:56:17.038907+09:00>>
2025-08-06 14:57:46.214 DEBUG (MainThread) [homeassistant.core] Bus:Handling <Event state_reported[L]: entity_id=select.zhimi_airpurifier_m1_led_brightness, old_last_reported=2025-08-06T14:57:31.160111+09:00, new_state=<state select.zhimi_airpurifier_m1_led_brightness=bright; options=['bright', 'dim', 'off'], icon=mdi:brightness-6, friendly_name=공기청정기 Led Brightness @ 2025-08-06T14:56:17.051208+09:00>>
2025-08-06 14:57:46.214 DEBUG (MainThread) [homeassistant.core] Bus:Handling <Event state_reported[L]: entity_id=sensor.zhimi_airpurifier_m1_temperature, old_last_reported=2025-08-06T14:57:31.160366+09:00, new_state=<state sensor.zhimi_airpurifier_m1_temperature=26.1; state_class=measurement, unit_of_measurement=°C, device_class=temperature, friendly_name=온도 @ 2025-08-06T14:56:17.052840+09:00>>
2025-08-06 14:57:46.215 DEBUG (MainThread) [homeassistant.core] Bus:Handling <Event state_reported[L]: entity_id=sensor.zhimi_airpurifier_m1_humidity, old_last_reported=2025-08-06T14:57:31.160553+09:00, new_state=<state sensor.zhimi_airpurifier_m1_humidity=58; state_class=measurement, unit_of_measurement=%, device_class=humidity, friendly_name=공기청정기 습도 @ 2025-08-06T14:56:17.056397+09:00>>
2025-08-06 14:57:46.215 DEBUG (MainThread) [homeassistant.core] Bus:Handling <Event state_reported[L]: entity_id=sensor.zhimi_airpurifier_m1_motor_speed, old_last_reported=2025-08-06T14:57:31.160726+09:00, new_state=<state sensor.zhimi_airpurifier_m1_motor_speed=0; state_class=measurement, unit_of_measurement=rpm, icon=mdi:fast-forward, friendly_name=공기청정기 Motor speed @ 2025-08-06T14:56:17.056966+09:00>>
2025-08-06 14:57:46.215 DEBUG (MainThread) [homeassistant.core] Bus:Handling <Event state_reported[L]: entity_id=sensor.zhimi_airpurifier_m1_pm2_5, old_last_reported=2025-08-06T14:57:31.160935+09:00, new_state=<state sensor.zhimi_airpurifier_m1_pm2_5=10; state_class=measurement, unit_of_measurement=µg/m³, device_class=pm25, friendly_name=공기청정기 PM2.5 @ 2025-08-06T14:57:01.161038+09:00>>
2025-08-06 14:57:46.215 DEBUG (MainThread) [homeassistant.core] Bus:Handling <Event state_reported[L]: entity_id=sensor.zhimi_airpurifier_m1_filter_life_remaining, old_last_reported=2025-08-06T14:57:31.161122+09:00, new_state=<state sensor.zhimi_airpurifier_m1_filter_life_remaining=0; state_class=measurement, unit_of_measurement=%, icon=mdi:air-filter, friendly_name=공기청정기 Filter life remaining @ 2025-08-06T14:56:17.059700+09:00>>
2025-08-06 14:57:46.216 DEBUG (MainThread) [homeassistant.core] Bus:Handling <Event state_reported[L]: entity_id=sensor.zhimi_airpurifier_m1_filter_use, old_last_reported=2025-08-06T14:57:31.161298+09:00, new_state=<state sensor.zhimi_airpurifier_m1_filter_use=3500; state_class=measurement, unit_of_measurement=h, device_class=duration, icon=mdi:clock-outline, friendly_name=공기청정기 Filter use @ 2025-08-06T14:56:17.060199+09:00>>
2025-08-06 14:57:46.216 DEBUG (MainThread) [homeassistant.core] Bus:Handling <Event state_reported[L]: entity_id=switch.zhimi_airpurifier_m1_buzzer, old_last_reported=2025-08-06T14:57:31.161483+09:00, new_state=<state switch.zhimi_airpurifier_m1_buzzer=off; icon=mdi:volume-high, friendly_name=공기청정기 Buzzer @ 2025-08-06T14:56:17.062433+09:00>>
2025-08-06 14:57:46.216 DEBUG (MainThread) [homeassistant.core] Bus:Handling <Event state_reported[L]: entity_id=switch.zhimi_airpurifier_m1_child_lock, old_last_reported=2025-08-06T14:57:31.161644+09:00, new_state=<state switch.zhimi_airpurifier_m1_child_lock=off; icon=mdi:lock, friendly_name=공기청정기 차일드 락 @ 2025-08-06T14:56:17.062848+09:00>>
2025-08-06 14:57:46.216 DEBUG (MainThread) [homeassistant.core] Bus:Handling <Event state_reported[L]: entity_id=switch.zhimi_airpurifier_m1_led, old_last_reported=2025-08-06T14:57:31.161818+09:00, new_state=<state switch.zhimi_airpurifier_m1_led=off; icon=mdi:led-outline, friendly_name=공기청정기 LED @ 2025-08-06T14:56:17.063241+09:00>>
2025-08-06 14:57:46.216 DEBUG (MainThread) [homeassistant.core] Bus:Handling <Event state_reported[L]: entity_id=switch.zhimi_airpurifier_m1_learn_mode, old_last_reported=2025-08-06T14:57:31.161998+09:00, new_state=<state switch.zhimi_airpurifier_m1_learn_mode=off; icon=mdi:school-outline, friendly_name=공기청정기 Learn mode @ 2025-08-06T14:56:17.064033+09:00>>
2025-08-06 14:57:47.417 DEBUG (MainThread) [homeassistant.core] Bus:Handling <Event state_reported[L]: entity_id=binary_sensor.efm_networks_iptime_ax3000m_wan_status, old_last_reported=2025-08-06T14:57:17.413362+09:00, new_state=<state binary_sensor.efm_networks_iptime_ax3000m_wan_status=on; device_class=connectivity, friendly_name=EFM Networks ipTIME AX3000M WAN 상태 @ 2025-08-06T14:56:17.729902+09:00>>
2025-08-06 14:57:47.417 DEBUG (MainThread) [homeassistant.core] Bus:Handling <Event state_reported[L]: entity_id=sensor.efm_networks_iptime_ax3000m_external_ip, old_last_reported=2025-08-06T14:57:17.413851+09:00, new_state=<state sensor.efm_networks_iptime_ax3000m_external_ip=49.142.72.18; friendly_name=EFM Networks ipTIME AX3000M 외부 IP @ 2025-08-06T14:56:17.732085+09:00>>
2025-08-06 14:57:47.417 DEBUG (MainThread) [homeassistant.core] Bus:Handling <Event state_changed[L]: entity_id=sensor.efm_networks_iptime_ax3000m_download_speed, old_state=<state sensor.efm_networks_iptime_ax3000m_download_speed=1443.29272606303; state_class=measurement, unit_of_measurement=KiB/s, device_class=data_rate, friendly_name=EFM Networks ipTIME AX3000M 다운로드 속도 @ 2025-08-06T14:57:17.414089+09:00>, new_state=<state sensor.efm_networks_iptime_ax3000m_download_speed=11.022384220323; state_class=measurement, unit_of_measurement=KiB/s, device_class=data_rate, friendly_name=EFM Networks ipTIME AX3000M 다운로드 속도 @ 2025-08-06T14:57:47.417568+09:00>>
2025-08-06 14:57:47.418 DEBUG (MainThread) [homeassistant.core] Bus:Handling <Event state_changed[L]: entity_id=sensor.efm_networks_iptime_ax3000m_upload_speed, old_state=<state sensor.efm_networks_iptime_ax3000m_upload_speed=16.813393484033; state_class=measurement, unit_of_measurement=KiB/s, device_class=data_rate, friendly_name=EFM Networks ipTIME AX3000M 업로드 속도 @ 2025-08-06T14:57:17.414422+09:00>, new_state=<state sensor.efm_networks_iptime_ax3000m_upload_speed=6.54812538287007; state_class=measurement, unit_of_measurement=KiB/s, device_class=data_rate, friendly_name=EFM Networks ipTIME AX3000M 업로드 속도 @ 2025-08-06T14:57:47.418063+09:00>>
2025-08-06 14:57:49.250 DEBUG (MainThread) [homeassistant.core] Bus:Handling <Event ios.finished_launching[R]: sourceDeviceID=, sourceDeviceName=김준교의 iPhone, sourceDevicePermanentID=C3322DA2-EDC7-453D-82D6-91B55CB501D3>
2025-08-06 14:57:49.729 DEBUG (MainThread) [homeassistant.core] Bus:Handling <Event state_changed[L]: entity_id=device_tracker.gimjungyoyi_iphone, old_state=<state device_tracker.gimjungyoyi_iphone=home; source_type=gps, battery_level=60, latitude=37.50205705006861, longitude=126.95937225258767, gps_accuracy=15, altitude=80.85914412044828, vertical_accuracy=30, friendly_name=김준교의 iPhone @ 2025-08-06T14:56:16.710944+09:00>, new_state=<state device_tracker.gimjungyoyi_iphone=home; source_type=gps, battery_level=30, latitude=37.50204894980594, longitude=126.95931844726206, gps_accuracy=8, altitude=80.85914412044828, vertical_accuracy=30, friendly_name=김준교의 iPhone @ 2025-08-06T14:57:49.729308+09:00>>
2025-08-06 14:57:49.730 DEBUG (MainThread) [homeassistant.core] Bus:Handling <Event state_changed[L]: entity_id=person.gimjungyo, old_state=<state person.gimjungyo=home; editable=True, id=gimjungyo, device_trackers=['device_tracker.gimjungyoyi_iphone', 'device_tracker.gimjungyoyi_ipad'], latitude=37.50205526530521, longitude=126.95938130662636, gps_accuracy=14, source=device_tracker.gimjungyoyi_ipad, user_id=acdae19039da4fd6a1a78cbe5403a220, friendly_name=김준교 @ 2025-08-06T14:56:12.675251+09:00>, new_state=<state person.gimjungyo=home; editable=True, id=gimjungyo, device_trackers=['device_tracker.gimjungyoyi_iphone', 'device_tracker.gimjungyoyi_ipad'], latitude=37.50204894980594, longitude=126.95931844726206, gps_accuracy=8, source=device_tracker.gimjungyoyi_iphone, user_id=acdae19039da4fd6a1a78cbe5403a220, friendly_name=김준교 @ 2025-08-06T14:56:12.675251+09:00>>
2025-08-06 14:57:49.849 DEBUG (MainThread) [homeassistant.core] Bus:Handling <Event state_changed[L]: entity_id=sensor.gimjungyoyi_iphone_activity, old_state=<state sensor.gimjungyoyi_iphone_activity=Walking; Confidence=High, Types=['Walking'], icon=mdi:walk, friendly_name=김준교의 iPhone Activity @ 2025-08-06T14:56:16.713923+09:00>, new_state=<state sensor.gimjungyoyi_iphone_activity=Stationary; Confidence=High, Types=['Stationary'], icon=mdi:human-male, friendly_name=김준교의 iPhone Activity @ 2025-08-06T14:57:49.849441+09:00>>
2025-08-06 14:57:49.850 DEBUG (MainThread) [homeassistant.core] Bus:Handling <Event state_changed[L]: entity_id=sensor.gimjungyoyi_iphone_distance, old_state=<state sensor.gimjungyoyi_iphone_distance=86; unit_of_measurement=m, icon=mdi:hiking, friendly_name=김준교의 iPhone Distance @ 2025-08-06T14:56:16.729173+09:00>, new_state=<state sensor.gimjungyoyi_iphone_distance=137; unit_of_measurement=m, icon=mdi:hiking, friendly_name=김준교의 iPhone Distance @ 2025-08-06T14:57:49.850167+09:00>>
2025-08-06 14:57:49.850 DEBUG (MainThread) [homeassistant.core] Bus:Handling <Event state_reported[L]: entity_id=sensor.gimjungyoyi_iphone_floors_ascended, old_last_reported=2025-08-06T14:56:16.728712+09:00, new_state=<state sensor.gimjungyoyi_iphone_floors_ascended=0; unit_of_measurement=floors, icon=mdi:stairs-up, friendly_name=김준교의 iPhone Floors Ascended @ 2025-08-06T14:56:16.728712+09:00>>
2025-08-06 14:57:49.850 DEBUG (MainThread) [homeassistant.core] Bus:Handling <Event state_reported[L]: entity_id=sensor.gimjungyoyi_iphone_floors_descended, old_last_reported=2025-08-06T14:56:16.728200+09:00, new_state=<state sensor.gimjungyoyi_iphone_floors_descended=0; unit_of_measurement=floors, icon=mdi:stairs-down, friendly_name=김준교의 iPhone Floors Descended @ 2025-08-06T14:56:16.728200+09:00>>
2025-08-06 14:57:49.851 DEBUG (MainThread) [homeassistant.core] Bus:Handling <Event state_changed[L]: entity_id=sensor.gimjungyoyi_iphone_steps, old_state=<state sensor.gimjungyoyi_iphone_steps=132; unit_of_measurement=steps, icon=mdi:walk, friendly_name=김준교의 iPhone Steps @ 2025-08-06T14:56:16.729984+09:00>, new_state=<state sensor.gimjungyoyi_iphone_steps=196; unit_of_measurement=steps, icon=mdi:walk, friendly_name=김준교의 iPhone Steps @ 2025-08-06T14:57:49.851151+09:00>>
2025-08-06 14:57:49.851 DEBUG (MainThread) [homeassistant.core] Bus:Handling <Event state_changed[L]: entity_id=sensor.gimjungyoyi_iphone_average_active_pace, old_state=<state sensor.gimjungyoyi_iphone_average_active_pace=3; unit_of_measurement=m/s, icon=mdi:speedometer, friendly_name=김준교의 iPhone Average Active Pace @ 2025-08-06T14:56:16.730395+09:00>, new_state=<state sensor.gimjungyoyi_iphone_average_active_pace=2; unit_of_measurement=m/s, icon=mdi:speedometer, friendly_name=김준교의 iPhone Average Active Pace @ 2025-08-06T14:57:49.851451+09:00>>
2025-08-06 14:57:49.851 DEBUG (MainThread) [homeassistant.core] Bus:Handling <Event state_changed[L]: entity_id=sensor.gimjungyoyi_iphone_battery_level, old_state=<state sensor.gimjungyoyi_iphone_battery_level=60; unit_of_measurement=%, device_class=battery, icon=mdi:battery-60, friendly_name=김준교의 iPhone Battery Level @ 2025-08-06T14:56:16.729588+09:00>, new_state=<state sensor.gimjungyoyi_iphone_battery_level=30; unit_of_measurement=%, device_class=battery, icon=mdi:battery-30, friendly_name=김준교의 iPhone Battery Level @ 2025-08-06T14:57:49.851818+09:00>>
2025-08-06 14:57:49.852 DEBUG (MainThread) [homeassistant.core] Bus:Handling <Event state_changed[L]: entity_id=sensor.gimjungyoyi_iphone_battery_state, old_state=<state sensor.gimjungyoyi_iphone_battery_state=Not Charging; Low Power Mode=False, icon=mdi:battery-60, friendly_name=김준교의 iPhone Battery State @ 2025-08-06T14:56:16.730800+09:00>, new_state=<state sensor.gimjungyoyi_iphone_battery_state=Not Charging; Low Power Mode=False, icon=mdi:battery-30, friendly_name=김준교의 iPhone Battery State @ 2025-08-06T14:56:16.730800+09:00>>
2025-08-06 14:57:49.852 DEBUG (MainThread) [homeassistant.core] Bus:Handling <Event state_changed[L]: entity_id=sensor.gimjungyoyi_iphone_storage, old_state=<state sensor.gimjungyoyi_iphone_storage=51.76; Available=126.28GB, Available (Important)=153.70GB, Available (Opportunistic)=132.44GB, Total=255.88GB, unit_of_measurement=% available, icon=mdi:database, friendly_name=김준교의 iPhone Storage @ 2025-08-06T14:56:16.731199+09:00>, new_state=<state sensor.gimjungyoyi_iphone_storage=51.61; Available=125.92GB, Available (Important)=152.12GB, Available (Opportunistic)=132.07GB, Total=255.88GB, unit_of_measurement=% available, icon=mdi:database, friendly_name=김준교의 iPhone Storage @ 2025-08-06T14:57:49.852611+09:00>>
2025-08-06 14:57:49.853 DEBUG (MainThread) [homeassistant.core] Bus:Handling <Event state_reported[L]: entity_id=sensor.gimjungyoyi_iphone_ssid, old_last_reported=2025-08-06T14:56:16.731611+09:00, new_state=<state sensor.gimjungyoyi_iphone_ssid=honami; icon=mdi:wifi, friendly_name=김준교의 iPhone SSID @ 2025-08-06T14:56:16.731611+09:00>>
2025-08-06 14:57:49.853 DEBUG (MainThread) [homeassistant.core] Bus:Handling <Event state_reported[L]: entity_id=sensor.gimjungyoyi_iphone_bssid, old_last_reported=2025-08-06T14:56:16.732043+09:00, new_state=<state sensor.gimjungyoyi_iphone_bssid=5a:86:94:4a:fa:84; icon=mdi:wifi-star, friendly_name=김준교의 iPhone BSSID @ 2025-08-06T14:56:16.732043+09:00>>
2025-08-06 14:57:49.853 DEBUG (MainThread) [homeassistant.core] Bus:Handling <Event state_reported[L]: entity_id=sensor.gimjungyoyi_iphone_connection_type, old_last_reported=2025-08-06T14:56:16.732436+09:00, new_state=<state sensor.gimjungyoyi_iphone_connection_type=Wi-Fi; icon=mdi:wifi, friendly_name=김준교의 iPhone Connection Type @ 2025-08-06T14:56:16.732436+09:00>>
2025-08-06 14:57:49.854 DEBUG (MainThread) [homeassistant.core] Bus:Handling <Event state_reported[L]: entity_id=sensor.gimjungyoyi_iphone_sim_1, old_last_reported=2025-08-06T14:56:16.734208+09:00, new_state=<state sensor.gimjungyoyi_iphone_sim_1=--; Allows VoIP=True, Carrier ID=0000000100000001, Carrier Name=--, Current Radio Technology=Long-Term Evolution (LTE), ISO Country Code=--, Mobile Country Code=65535, Mobile Network Code=65535, icon=mdi:sim, friendly_name=김준교의 iPhone SIM 1 @ 2025-08-06T14:56:16.734208+09:00>>
2025-08-06 14:57:49.854 DEBUG (MainThread) [homeassistant.core] Bus:Handling <Event state_reported[L]: entity_id=sensor.gimjungyoyi_iphone_sim_2, old_last_reported=2025-08-06T14:56:16.733724+09:00, new_state=<state sensor.gimjungyoyi_iphone_sim_2=--; Allows VoIP=True, Carrier ID=0000000100000002, Carrier Name=--, ISO Country Code=--, Mobile Country Code=65535, Mobile Network Code=65535, icon=mdi:sim, friendly_name=김준교의 iPhone SIM 2 @ 2025-08-06T14:56:16.733724+09:00>>
2025-08-06 14:57:49.854 DEBUG (MainThread) [homeassistant.core] Bus:Handling <Event state_changed[L]: entity_id=sensor.gimjungyoyi_iphone_geocoded_location, old_state=<state sensor.gimjungyoyi_iphone_geocoded_location=대한민국
서울특별시
서울특별시
흑석동 339-5
06975; Administrative Area=서울특별시, Areas Of Interest=N/A, Country=대한민국, Inland Water=N/A, ISO Country Code=KR, Locality=서울특별시, Location=[37.50205705006861, 126.95937225258767], Name=흑석동 339-5, Ocean=N/A, Postal Code=06975, Sub Administrative Area=N/A, Sub Locality=흑석동, Sub Thoroughfare=339-5, Thoroughfare=흑석동, Time Zone=Asia/Seoul, Zones=['집'], icon=mdi:map, friendly_name=김준교의 iPhone Geocoded Location @ 2025-08-06T14:56:16.734607+09:00>, new_state=<state sensor.gimjungyoyi_iphone_geocoded_location=대한민국
서울특별시
서울특별시
흑석동 339
06975; Administrative Area=서울특별시, Areas Of Interest=N/A, Country=대한민국, Inland Water=N/A, ISO Country Code=KR, Locality=서울특별시, Location=[37.50204894980594, 126.95931844726206], Name=흑석동 339, Ocean=N/A, Postal Code=06975, Sub Administrative Area=N/A, Sub Locality=흑석동, Sub Thoroughfare=339, Thoroughfare=흑석동, Time Zone=Asia/Seoul, Zones=['집'], icon=mdi:map, friendly_name=김준교의 iPhone Geocoded Location @ 2025-08-06T14:57:49.854513+09:00>>
2025-08-06 14:57:49.855 DEBUG (MainThread) [homeassistant.core] Bus:Handling <Event state_reported[L]: entity_id=binary_sensor.gimjungyoyi_iphone_focus, old_last_reported=2025-08-06T14:56:16.699826+09:00, new_state=<state binary_sensor.gimjungyoyi_iphone_focus=off; icon=mdi:moon-waning-crescent, friendly_name=김준교의 iPhone Focus @ 2025-08-06T14:56:16.699826+09:00>>
2025-08-06 14:57:49.859 DEBUG (MainThread) [homeassistant.core] Bus:Handling <Event state_changed[L]: entity_id=sensor.gimjungyoyi_iphone_last_update_trigger, old_state=<state sensor.gimjungyoyi_iphone_last_update_trigger=Launch; icon=mdi:cellphone-wireless, friendly_name=김준교의 iPhone Last Update Trigger @ 2025-08-06T14:56:16.735303+09:00>, new_state=<state sensor.gimjungyoyi_iphone_last_update_trigger=Background Fetch; icon=mdi:cellphone-wireless, friendly_name=김준교의 iPhone Last Update Trigger @ 2025-08-06T14:57:49.858707+09:00>>
2025-08-06 14:57:49.859 DEBUG (MainThread) [homeassistant.core] Bus:Handling <Event state_reported[L]: entity_id=sensor.gimjungyoyi_iphone_app_version, old_last_reported=2025-08-06T14:56:16.735711+09:00, new_state=<state sensor.gimjungyoyi_iphone_app_version=2025.7.1; icon=mdi:cellphone, friendly_name=김준교의 iPhone App Version @ 2025-08-06T14:56:16.735711+09:00>>
2025-08-06 14:57:49.859 DEBUG (MainThread) [homeassistant.core] Bus:Handling <Event state_reported[L]: entity_id=sensor.gimjungyoyi_iphone_location_permission, old_last_reported=2025-08-06T14:56:16.736142+09:00, new_state=<state sensor.gimjungyoyi_iphone_location_permission=Authorized Always; icon=mdi:map, friendly_name=김준교의 iPhone Location permission @ 2025-08-06T14:56:16.736142+09:00>>
2025-08-06 14:57:49.860 DEBUG (MainThread) [homeassistant.core] Bus:Handling <Event state_reported[L]: entity_id=sensor.gimjungyoyi_iphone_audio_output, old_last_reported=2025-08-06T14:56:16.736500+09:00, new_state=<state sensor.gimjungyoyi_iphone_audio_output=Built-in Speaker; icon=mdi:volume-high, friendly_name=김준교의 iPhone Audio Output @ 2025-08-06T14:56:16.736500+09:00>>
2025-08-06 14:57:49.898 DEBUG (MainThread) [homeassistant.core] Bus:Handling <Event state_reported[L]: entity_id=sensor.gimjungyoyi_iphone_activity, old_last_reported=2025-08-06T14:57:49.849441+09:00, new_state=<state sensor.gimjungyoyi_iphone_activity=Stationary; Confidence=High, Types=['Stationary'], icon=mdi:human-male, friendly_name=김준교의 iPhone Activity @ 2025-08-06T14:57:49.849441+09:00>>
2025-08-06 14:57:49.898 DEBUG (MainThread) [homeassistant.core] Bus:Handling <Event state_reported[L]: entity_id=sensor.gimjungyoyi_iphone_distance, old_last_reported=2025-08-06T14:57:49.850167+09:00, new_state=<state sensor.gimjungyoyi_iphone_distance=137; unit_of_measurement=m, icon=mdi:hiking, friendly_name=김준교의 iPhone Distance @ 2025-08-06T14:57:49.850167+09:00>>
2025-08-06 14:57:49.898 DEBUG (MainThread) [homeassistant.core] Bus:Handling <Event state_reported[L]: entity_id=sensor.gimjungyoyi_iphone_floors_ascended, old_last_reported=2025-08-06T14:57:49.850520+09:00, new_state=<state sensor.gimjungyoyi_iphone_floors_ascended=0; unit_of_measurement=floors, icon=mdi:stairs-up, friendly_name=김준교의 iPhone Floors Ascended @ 2025-08-06T14:56:16.728712+09:00>>
2025-08-06 14:57:49.899 DEBUG (MainThread) [homeassistant.core] Bus:Handling <Event state_reported[L]: entity_id=sensor.gimjungyoyi_iphone_floors_descended, old_last_reported=2025-08-06T14:57:49.850866+09:00, new_state=<state sensor.gimjungyoyi_iphone_floors_descended=0; unit_of_measurement=floors, icon=mdi:stairs-down, friendly_name=김준교의 iPhone Floors Descended @ 2025-08-06T14:56:16.728200+09:00>>
2025-08-06 14:57:49.899 DEBUG (MainThread) [homeassistant.core] Bus:Handling <Event state_reported[L]: entity_id=sensor.gimjungyoyi_iphone_steps, old_last_reported=2025-08-06T14:57:49.851151+09:00, new_state=<state sensor.gimjungyoyi_iphone_steps=196; unit_of_measurement=steps, icon=mdi:walk, friendly_name=김준교의 iPhone Steps @ 2025-08-06T14:57:49.851151+09:00>>
2025-08-06 14:57:49.899 DEBUG (MainThread) [homeassistant.core] Bus:Handling <Event state_reported[L]: entity_id=sensor.gimjungyoyi_iphone_average_active_pace, old_last_reported=2025-08-06T14:57:49.851451+09:00, new_state=<state sensor.gimjungyoyi_iphone_average_active_pace=2; unit_of_measurement=m/s, icon=mdi:speedometer, friendly_name=김준교의 iPhone Average Active Pace @ 2025-08-06T14:57:49.851451+09:00>>
2025-08-06 14:57:49.899 DEBUG (MainThread) [homeassistant.core] Bus:Handling <Event state_reported[L]: entity_id=sensor.gimjungyoyi_iphone_battery_level, old_last_reported=2025-08-06T14:57:49.851818+09:00, new_state=<state sensor.gimjungyoyi_iphone_battery_level=30; unit_of_measurement=%, device_class=battery, icon=mdi:battery-30, friendly_name=김준교의 iPhone Battery Level @ 2025-08-06T14:57:49.851818+09:00>>
2025-08-06 14:57:49.900 DEBUG (MainThread) [homeassistant.core] Bus:Handling <Event state_reported[L]: entity_id=sensor.gimjungyoyi_iphone_battery_state, old_last_reported=2025-08-06T14:57:49.852253+09:00, new_state=<state sensor.gimjungyoyi_iphone_battery_state=Not Charging; Low Power Mode=False, icon=mdi:battery-30, friendly_name=김준교의 iPhone Battery State @ 2025-08-06T14:56:16.730800+09:00>>
2025-08-06 14:57:49.900 DEBUG (MainThread) [homeassistant.core] Bus:Handling <Event state_reported[L]: entity_id=sensor.gimjungyoyi_iphone_storage, old_last_reported=2025-08-06T14:57:49.852611+09:00, new_state=<state sensor.gimjungyoyi_iphone_storage=51.61; Available=125.92GB, Available (Important)=152.12GB, Available (Opportunistic)=132.07GB, Total=255.88GB, unit_of_measurement=% available, icon=mdi:database, friendly_name=김준교의 iPhone Storage @ 2025-08-06T14:57:49.852611+09:00>>
2025-08-06 14:57:49.902 DEBUG (MainThread) [homeassistant.core] Bus:Handling <Event state_reported[L]: entity_id=sensor.gimjungyoyi_iphone_ssid, old_last_reported=2025-08-06T14:57:49.853042+09:00, new_state=<state sensor.gimjungyoyi_iphone_ssid=honami; icon=mdi:wifi, friendly_name=김준교의 iPhone SSID @ 2025-08-06T14:56:16.731611+09:00>>
2025-08-06 14:57:49.902 DEBUG (MainThread) [homeassistant.core] Bus:Handling <Event state_reported[L]: entity_id=sensor.gimjungyoyi_iphone_bssid, old_last_reported=2025-08-06T14:57:49.853302+09:00, new_state=<state sensor.gimjungyoyi_iphone_bssid=5a:86:94:4a:fa:84; icon=mdi:wifi-star, friendly_name=김준교의 iPhone BSSID @ 2025-08-06T14:56:16.732043+09:00>>
2025-08-06 14:57:49.902 DEBUG (MainThread) [homeassistant.core] Bus:Handling <Event state_reported[L]: entity_id=sensor.gimjungyoyi_iphone_connection_type, old_last_reported=2025-08-06T14:57:49.853602+09:00, new_state=<state sensor.gimjungyoyi_iphone_connection_type=Wi-Fi; icon=mdi:wifi, friendly_name=김준교의 iPhone Connection Type @ 2025-08-06T14:56:16.732436+09:00>>
2025-08-06 14:57:49.902 DEBUG (MainThread) [homeassistant.core] Bus:Handling <Event state_reported[L]: entity_id=sensor.gimjungyoyi_iphone_sim_1, old_last_reported=2025-08-06T14:57:49.853911+09:00, new_state=<state sensor.gimjungyoyi_iphone_sim_1=--; Allows VoIP=True, Carrier ID=0000000100000001, Carrier Name=--, Current Radio Technology=Long-Term Evolution (LTE), ISO Country Code=--, Mobile Country Code=65535, Mobile Network Code=65535, icon=mdi:sim, friendly_name=김준교의 iPhone SIM 1 @ 2025-08-06T14:56:16.734208+09:00>>
2025-08-06 14:57:49.903 DEBUG (MainThread) [homeassistant.core] Bus:Handling <Event state_reported[L]: entity_id=sensor.gimjungyoyi_iphone_sim_2, old_last_reported=2025-08-06T14:57:49.854200+09:00, new_state=<state sensor.gimjungyoyi_iphone_sim_2=--; Allows VoIP=True, Carrier ID=0000000100000002, Carrier Name=--, ISO Country Code=--, Mobile Country Code=65535, Mobile Network Code=65535, icon=mdi:sim, friendly_name=김준교의 iPhone SIM 2 @ 2025-08-06T14:56:16.733724+09:00>>
2025-08-06 14:57:49.903 DEBUG (MainThread) [homeassistant.core] Bus:Handling <Event state_reported[L]: entity_id=binary_sensor.gimjungyoyi_iphone_focus, old_last_reported=2025-08-06T14:57:49.855012+09:00, new_state=<state binary_sensor.gimjungyoyi_iphone_focus=off; icon=mdi:moon-waning-crescent, friendly_name=김준교의 iPhone Focus @ 2025-08-06T14:56:16.699826+09:00>>
2025-08-06 14:57:49.904 DEBUG (MainThread) [homeassistant.core] Bus:Handling <Event state_changed[L]: entity_id=sensor.gimjungyoyi_iphone_last_update_trigger, old_state=<state sensor.gimjungyoyi_iphone_last_update_trigger=Background Fetch; icon=mdi:cellphone-wireless, friendly_name=김준교의 iPhone Last Update Trigger @ 2025-08-06T14:57:49.858707+09:00>, new_state=<state sensor.gimjungyoyi_iphone_last_update_trigger=Launch; icon=mdi:cellphone-wireless, friendly_name=김준교의 iPhone Last Update Trigger @ 2025-08-06T14:57:49.903934+09:00>>
2025-08-06 14:57:49.904 DEBUG (MainThread) [homeassistant.core] Bus:Handling <Event state_reported[L]: entity_id=sensor.gimjungyoyi_iphone_app_version, old_last_reported=2025-08-06T14:57:49.859398+09:00, new_state=<state sensor.gimjungyoyi_iphone_app_version=2025.7.1; icon=mdi:cellphone, friendly_name=김준교의 iPhone App Version @ 2025-08-06T14:56:16.735711+09:00>>
2025-08-06 14:57:49.904 DEBUG (MainThread) [homeassistant.core] Bus:Handling <Event state_reported[L]: entity_id=sensor.gimjungyoyi_iphone_location_permission, old_last_reported=2025-08-06T14:57:49.859722+09:00, new_state=<state sensor.gimjungyoyi_iphone_location_permission=Authorized Always; icon=mdi:map, friendly_name=김준교의 iPhone Location permission @ 2025-08-06T14:56:16.736142+09:00>>
2025-08-06 14:57:49.904 DEBUG (MainThread) [homeassistant.core] Bus:Handling <Event state_reported[L]: entity_id=sensor.gimjungyoyi_iphone_audio_output, old_last_reported=2025-08-06T14:57:49.860048+09:00, new_state=<state sensor.gimjungyoyi_iphone_audio_output=Built-in Speaker; icon=mdi:volume-high, friendly_name=김준교의 iPhone Audio Output @ 2025-08-06T14:56:16.736500+09:00>>
2025-08-06 14:57:59.802 DEBUG (MainThread) [homeassistant.core] Bus:Handling <Event state_changed[L]: entity_id=sensor.geosil_eeokeon_humidity, old_state=<state sensor.geosil_eeokeon_humidity=73; state_class=measurement, unit_of_measurement=%, device_class=humidity, friendly_name=거실 에어컨 습도 @ 2025-08-06T14:56:46.793286+09:00>, new_state=<state sensor.geosil_eeokeon_humidity=68; state_class=measurement, unit_of_measurement=%, device_class=humidity, friendly_name=거실 에어컨 습도 @ 2025-08-06T14:57:59.802447+09:00>>
2025-08-06 14:58:00.295 DEBUG (MainThread) [homeassistant.core] Bus:Handling <Event state_reported[L]: entity_id=sun.sun, old_last_reported=2025-08-06T14:57:45.293444+09:00, new_state=<state sun.sun=above_horizon; next_dawn=2025-08-06T20:12:19.937481+00:00, next_dusk=2025-08-06T11:04:07.962815+00:00, next_midnight=2025-08-06T15:37:59+00:00, next_noon=2025-08-07T03:37:59+00:00, next_rising=2025-08-06T20:41:22.994271+00:00, next_setting=2025-08-06T10:35:05.744028+00:00, elevation=53.17, azimuth=244.97, rising=False, friendly_name=Sun @ 2025-08-06T14:56:15.275112+09:00>>
2025-08-06 14:58:01.563 DEBUG (MainThread) [homeassistant.core] Bus:Handling <Event state_reported[L]: entity_id=fan.zhimi_airpurifier_m1, old_last_reported=2025-08-06T14:57:46.213686+09:00, new_state=<state fan.zhimi_airpurifier_m1=off; preset_modes=['Auto', 'Silent', 'Favorite', 'Idle'], preset_mode=None, extra_features=0, turbo_mode_supported=False, button_pressed=None, sleep_time=None, sleep_mode_learn_count=None, use_time=148003558, sleep_mode=None, friendly_name=공기청정기, supported_features=56 @ 2025-08-06T14:56:17.030242+09:00>>
2025-08-06 14:58:01.563 DEBUG (MainThread) [homeassistant.core] Bus:Handling <Event state_reported[L]: entity_id=number.zhimi_airpurifier_m1_favorite_level, old_last_reported=2025-08-06T14:57:46.214241+09:00, new_state=<state number.zhimi_airpurifier_m1_favorite_level=10; min=0, max=17, step=1, mode=auto, icon=mdi:star-cog, friendly_name=공기청정기 Favorite level @ 2025-08-06T14:56:17.038907+09:00>>
2025-08-06 14:58:01.563 DEBUG (MainThread) [homeassistant.core] Bus:Handling <Event state_reported[L]: entity_id=select.zhimi_airpurifier_m1_led_brightness, old_last_reported=2025-08-06T14:57:46.214456+09:00, new_state=<state select.zhimi_airpurifier_m1_led_brightness=bright; options=['bright', 'dim', 'off'], icon=mdi:brightness-6, friendly_name=공기청정기 Led Brightness @ 2025-08-06T14:56:17.051208+09:00>>
2025-08-06 14:58:01.564 DEBUG (MainThread) [homeassistant.core] Bus:Handling <Event state_reported[L]: entity_id=sensor.zhimi_airpurifier_m1_temperature, old_last_reported=2025-08-06T14:57:46.214752+09:00, new_state=<state sensor.zhimi_airpurifier_m1_temperature=26.1; state_class=measurement, unit_of_measurement=°C, device_class=temperature, friendly_name=온도 @ 2025-08-06T14:56:17.052840+09:00>>
2025-08-06 14:58:01.564 DEBUG (MainThread) [homeassistant.core] Bus:Handling <Event state_reported[L]: entity_id=sensor.zhimi_airpurifier_m1_humidity, old_last_reported=2025-08-06T14:57:46.215024+09:00, new_state=<state sensor.zhimi_airpurifier_m1_humidity=58; state_class=measurement, unit_of_measurement=%, device_class=humidity, friendly_name=공기청정기 습도 @ 2025-08-06T14:56:17.056397+09:00>>
2025-08-06 14:58:01.564 DEBUG (MainThread) [homeassistant.core] Bus:Handling <Event state_reported[L]: entity_id=sensor.zhimi_airpurifier_m1_motor_speed, old_last_reported=2025-08-06T14:57:46.215205+09:00, new_state=<state sensor.zhimi_airpurifier_m1_motor_speed=0; state_class=measurement, unit_of_measurement=rpm, icon=mdi:fast-forward, friendly_name=공기청정기 Motor speed @ 2025-08-06T14:56:17.056966+09:00>>
2025-08-06 14:58:01.564 DEBUG (MainThread) [homeassistant.core] Bus:Handling <Event state_changed[L]: entity_id=sensor.zhimi_airpurifier_m1_pm2_5, old_state=<state sensor.zhimi_airpurifier_m1_pm2_5=10; state_class=measurement, unit_of_measurement=µg/m³, device_class=pm25, friendly_name=공기청정기 PM2.5 @ 2025-08-06T14:57:01.161038+09:00>, new_state=<state sensor.zhimi_airpurifier_m1_pm2_5=16; state_class=measurement, unit_of_measurement=µg/m³, device_class=pm25, friendly_name=공기청정기 PM2.5 @ 2025-08-06T14:58:01.564745+09:00>>
2025-08-06 14:58:01.565 DEBUG (MainThread) [homeassistant.core] Bus:Handling <Event state_reported[L]: entity_id=sensor.zhimi_airpurifier_m1_filter_life_remaining, old_last_reported=2025-08-06T14:57:46.215606+09:00, new_state=<state sensor.zhimi_airpurifier_m1_filter_life_remaining=0; state_class=measurement, unit_of_measurement=%, icon=mdi:air-filter, friendly_name=공기청정기 Filter life remaining @ 2025-08-06T14:56:17.059700+09:00>>
2025-08-06 14:58:01.565 DEBUG (MainThread) [homeassistant.core] Bus:Handling <Event state_reported[L]: entity_id=sensor.zhimi_airpurifier_m1_filter_use, old_last_reported=2025-08-06T14:57:46.216002+09:00, new_state=<state sensor.zhimi_airpurifier_m1_filter_use=3500; state_class=measurement, unit_of_measurement=h, device_class=duration, icon=mdi:clock-outline, friendly_name=공기청정기 Filter use @ 2025-08-06T14:56:17.060199+09:00>>
2025-08-06 14:58:01.565 DEBUG (MainThread) [homeassistant.core] Bus:Handling <Event state_reported[L]: entity_id=switch.zhimi_airpurifier_m1_buzzer, old_last_reported=2025-08-06T14:57:46.216186+09:00, new_state=<state switch.zhimi_airpurifier_m1_buzzer=off; icon=mdi:volume-high, friendly_name=공기청정기 Buzzer @ 2025-08-06T14:56:17.062433+09:00>>
2025-08-06 14:58:01.578 DEBUG (MainThread) [homeassistant.core] Bus:Handling <Event state_reported[L]: entity_id=switch.zhimi_airpurifier_m1_child_lock, old_last_reported=2025-08-06T14:57:46.216346+09:00, new_state=<state switch.zhimi_airpurifier_m1_child_lock=off; icon=mdi:lock, friendly_name=공기청정기 차일드 락 @ 2025-08-06T14:56:17.062848+09:00>>
2025-08-06 14:58:01.579 DEBUG (MainThread) [homeassistant.core] Bus:Handling <Event state_reported[L]: entity_id=switch.zhimi_airpurifier_m1_led, old_last_reported=2025-08-06T14:57:46.216519+09:00, new_state=<state switch.zhimi_airpurifier_m1_led=off; icon=mdi:led-outline, friendly_name=공기청정기 LED @ 2025-08-06T14:56:17.063241+09:00>>
2025-08-06 14:58:01.580 DEBUG (MainThread) [homeassistant.core] Bus:Handling <Event state_reported[L]: entity_id=switch.zhimi_airpurifier_m1_learn_mode, old_last_reported=2025-08-06T14:57:46.216791+09:00, new_state=<state switch.zhimi_airpurifier_m1_learn_mode=off; icon=mdi:school-outline, friendly_name=공기청정기 Learn mode @ 2025-08-06T14:56:17.064033+09:00>>
2025-08-06 14:58:15.296 DEBUG (MainThread) [homeassistant.core] Bus:Handling <Event state_reported[L]: entity_id=sun.sun, old_last_reported=2025-08-06T14:58:00.295227+09:00, new_state=<state sun.sun=above_horizon; next_dawn=2025-08-06T20:12:19.937481+00:00, next_dusk=2025-08-06T11:04:07.962815+00:00, next_midnight=2025-08-06T15:37:59+00:00, next_noon=2025-08-07T03:37:59+00:00, next_rising=2025-08-06T20:41:22.994271+00:00, next_setting=2025-08-06T10:35:05.744028+00:00, elevation=53.17, azimuth=244.97, rising=False, friendly_name=Sun @ 2025-08-06T14:56:15.275112+09:00>>
2025-08-06 14:58:16.149 DEBUG (MainThread) [homeassistant.core] Bus:Handling <Event state_reported[L]: entity_id=fan.zhimi_airpurifier_m1, old_last_reported=2025-08-06T14:58:01.563146+09:00, new_state=<state fan.zhimi_airpurifier_m1=off; preset_modes=['Auto', 'Silent', 'Favorite', 'Idle'], preset_mode=None, extra_features=0, turbo_mode_supported=False, button_pressed=None, sleep_time=None, sleep_mode_learn_count=None, use_time=148003558, sleep_mode=None, friendly_name=공기청정기, supported_features=56 @ 2025-08-06T14:56:17.030242+09:00>>
2025-08-06 14:58:16.150 DEBUG (MainThread) [homeassistant.core] Bus:Handling <Event state_reported[L]: entity_id=number.zhimi_airpurifier_m1_favorite_level, old_last_reported=2025-08-06T14:58:01.563645+09:00, new_state=<state number.zhimi_airpurifier_m1_favorite_level=10; min=0, max=17, step=1, mode=auto, icon=mdi:star-cog, friendly_name=공기청정기 Favorite level @ 2025-08-06T14:56:17.038907+09:00>>
2025-08-06 14:58:16.150 DEBUG (MainThread) [homeassistant.core] Bus:Handling <Event state_reported[L]: entity_id=select.zhimi_airpurifier_m1_led_brightness, old_last_reported=2025-08-06T14:58:01.563898+09:00, new_state=<state select.zhimi_airpurifier_m1_led_brightness=bright; options=['bright', 'dim', 'off'], icon=mdi:brightness-6, friendly_name=공기청정기 Led Brightness @ 2025-08-06T14:56:17.051208+09:00>>
2025-08-06 14:58:16.150 DEBUG (MainThread) [homeassistant.core] Bus:Handling <Event state_reported[L]: entity_id=sensor.zhimi_airpurifier_m1_temperature, old_last_reported=2025-08-06T14:58:01.564165+09:00, new_state=<state sensor.zhimi_airpurifier_m1_temperature=26.1; state_class=measurement, unit_of_measurement=°C, device_class=temperature, friendly_name=온도 @ 2025-08-06T14:56:17.052840+09:00>>
2025-08-06 14:58:16.150 DEBUG (MainThread) [homeassistant.core] Bus:Handling <Event state_reported[L]: entity_id=sensor.zhimi_airpurifier_m1_humidity, old_last_reported=2025-08-06T14:58:01.564386+09:00, new_state=<state sensor.zhimi_airpurifier_m1_humidity=58; state_class=measurement, unit_of_measurement=%, device_class=humidity, friendly_name=공기청정기 습도 @ 2025-08-06T14:56:17.056397+09:00>>
2025-08-06 14:58:16.150 DEBUG (MainThread) [homeassistant.core] Bus:Handling <Event state_reported[L]: entity_id=sensor.zhimi_airpurifier_m1_motor_speed, old_last_reported=2025-08-06T14:58:01.564561+09:00, new_state=<state sensor.zhimi_airpurifier_m1_motor_speed=0; state_class=measurement, unit_of_measurement=rpm, icon=mdi:fast-forward, friendly_name=공기청정기 Motor speed @ 2025-08-06T14:56:17.056966+09:00>>
2025-08-06 14:58:16.151 DEBUG (MainThread) [homeassistant.core] Bus:Handling <Event state_changed[L]: entity_id=sensor.zhimi_airpurifier_m1_pm2_5, old_state=<state sensor.zhimi_airpurifier_m1_pm2_5=16; state_class=measurement, unit_of_measurement=µg/m³, device_class=pm25, friendly_name=공기청정기 PM2.5 @ 2025-08-06T14:58:01.564745+09:00>, new_state=<state sensor.zhimi_airpurifier_m1_pm2_5=17; state_class=measurement, unit_of_measurement=µg/m³, device_class=pm25, friendly_name=공기청정기 PM2.5 @ 2025-08-06T14:58:16.151028+09:00>>
2025-08-06 14:58:16.151 DEBUG (MainThread) [homeassistant.core] Bus:Handling <Event state_reported[L]: entity_id=sensor.zhimi_airpurifier_m1_filter_life_remaining, old_last_reported=2025-08-06T14:58:01.565167+09:00, new_state=<state sensor.zhimi_airpurifier_m1_filter_life_remaining=0; state_class=measurement, unit_of_measurement=%, icon=mdi:air-filter, friendly_name=공기청정기 Filter life remaining @ 2025-08-06T14:56:17.059700+09:00>>
2025-08-06 14:58:16.151 DEBUG (MainThread) [homeassistant.core] Bus:Handling <Event state_reported[L]: entity_id=sensor.zhimi_airpurifier_m1_filter_use, old_last_reported=2025-08-06T14:58:01.565366+09:00, new_state=<state sensor.zhimi_airpurifier_m1_filter_use=3500; state_class=measurement, unit_of_measurement=h, device_class=duration, icon=mdi:clock-outline, friendly_name=공기청정기 Filter use @ 2025-08-06T14:56:17.060199+09:00>>
2025-08-06 14:58:16.151 DEBUG (MainThread) [homeassistant.core] Bus:Handling <Event state_reported[L]: entity_id=switch.zhimi_airpurifier_m1_buzzer, old_last_reported=2025-08-06T14:58:01.565588+09:00, new_state=<state switch.zhimi_airpurifier_m1_buzzer=off; icon=mdi:volume-high, friendly_name=공기청정기 Buzzer @ 2025-08-06T14:56:17.062433+09:00>>
2025-08-06 14:58:16.151 DEBUG (MainThread) [homeassistant.core] Bus:Handling <Event state_reported[L]: entity_id=switch.zhimi_airpurifier_m1_child_lock, old_last_reported=2025-08-06T14:58:01.565740+09:00, new_state=<state switch.zhimi_airpurifier_m1_child_lock=off; icon=mdi:lock, friendly_name=공기청정기 차일드 락 @ 2025-08-06T14:56:17.062848+09:00>>
2025-08-06 14:58:16.152 DEBUG (MainThread) [homeassistant.core] Bus:Handling <Event state_reported[L]: entity_id=switch.zhimi_airpurifier_m1_led, old_last_reported=2025-08-06T14:58:01.579759+09:00, new_state=<state switch.zhimi_airpurifier_m1_led=off; icon=mdi:led-outline, friendly_name=공기청정기 LED @ 2025-08-06T14:56:17.063241+09:00>>
2025-08-06 14:58:16.152 DEBUG (MainThread) [homeassistant.core] Bus:Handling <Event state_reported[L]: entity_id=switch.zhimi_airpurifier_m1_learn_mode, old_last_reported=2025-08-06T14:58:01.580299+09:00, new_state=<state switch.zhimi_airpurifier_m1_learn_mode=off; icon=mdi:school-outline, friendly_name=공기청정기 Learn mode @ 2025-08-06T14:56:17.064033+09:00>>
2025-08-06 14:58:17.415 DEBUG (MainThread) [homeassistant.core] Bus:Handling <Event state_reported[L]: entity_id=binary_sensor.efm_networks_iptime_ax3000m_wan_status, old_last_reported=2025-08-06T14:57:47.416512+09:00, new_state=<state binary_sensor.efm_networks_iptime_ax3000m_wan_status=on; device_class=connectivity, friendly_name=EFM Networks ipTIME AX3000M WAN 상태 @ 2025-08-06T14:56:17.729902+09:00>>
2025-08-06 14:58:17.415 DEBUG (MainThread) [homeassistant.core] Bus:Handling <Event state_reported[L]: entity_id=sensor.efm_networks_iptime_ax3000m_external_ip, old_last_reported=2025-08-06T14:57:47.417346+09:00, new_state=<state sensor.efm_networks_iptime_ax3000m_external_ip=49.142.72.18; friendly_name=EFM Networks ipTIME AX3000M 외부 IP @ 2025-08-06T14:56:17.732085+09:00>>
2025-08-06 14:58:17.417 DEBUG (MainThread) [homeassistant.core] Bus:Handling <Event state_changed[L]: entity_id=sensor.efm_networks_iptime_ax3000m_download_speed, old_state=<state sensor.efm_networks_iptime_ax3000m_download_speed=11.022384220323; state_class=measurement, unit_of_measurement=KiB/s, device_class=data_rate, friendly_name=EFM Networks ipTIME AX3000M 다운로드 속도 @ 2025-08-06T14:57:47.417568+09:00>, new_state=<state sensor.efm_networks_iptime_ax3000m_download_speed=2873.55362175486; state_class=measurement, unit_of_measurement=KiB/s, device_class=data_rate, friendly_name=EFM Networks ipTIME AX3000M 다운로드 속도 @ 2025-08-06T14:58:17.417228+09:00>>
2025-08-06 14:58:17.417 DEBUG (MainThread) [homeassistant.core] Bus:Handling <Event state_changed[L]: entity_id=sensor.efm_networks_iptime_ax3000m_upload_speed, old_state=<state sensor.efm_networks_iptime_ax3000m_upload_speed=6.54812538287007; state_class=measurement, unit_of_measurement=KiB/s, device_class=data_rate, friendly_name=EFM Networks ipTIME AX3000M 업로드 속도 @ 2025-08-06T14:57:47.418063+09:00>, new_state=<state sensor.efm_networks_iptime_ax3000m_upload_speed=37.3198822599624; state_class=measurement, unit_of_measurement=KiB/s, device_class=data_rate, friendly_name=EFM Networks ipTIME AX3000M 업로드 속도 @ 2025-08-06T14:58:17.417652+09:00>>
2025-08-06 14:58:28.493 DEBUG (MainThread) [homeassistant.core] Bus:Handling <Event logging_changed[L]>
