2025-08-06 12:48:59.480 WARNING (SyncWorker_1) [homeassistant.loader] We found a custom integration commax which has not been tested by Home Assistant. This component might cause stability problems, be sure to disable it if you experience issues with Home Assistant
2025-08-06 12:48:59.481 WARNING (SyncWorker_1) [homeassistant.loader] We found a custom integration hacs which has not been tested by Home Assistant. This component might cause stability problems, be sure to disable it if you experience issues with Home Assistant
2025-08-06 12:48:59.481 WARNING (SyncWorker_1) [homeassistant.loader] We found a custom integration smartthinq_sensors which has not been tested by Home Assistant. This component might cause stability problems, be sure to disable it if you experience issues with Home Assistant
2025-08-06 12:49:02.153 DEBUG (MainThread) [homeassistant.core] Bus:Handling <Event service_registered[L]: domain=logger, service=set_default_level>
2025-08-06 12:49:02.153 DEBUG (MainThread) [homeassistant.core] Bus:Handling <Event service_registered[L]: domain=logger, service=set_level>
2025-08-06 12:49:02.377 INFO (MainThread) [homeassistant.setup] Setup of domain http took 0.23 seconds
2025-08-06 12:49:02.378 DEBUG (MainThread) [homeassistant.core] Bus:Handling <Event component_loaded[L]: component=http>
2025-08-06 12:49:02.378 INFO (MainThread) [homeassistant.setup] Setup of domain system_log took 0.23 seconds
2025-08-06 12:49:02.379 DEBUG (MainThread) [homeassistant.core] Bus:Handling <Event component_loaded[L]: component=system_log>
2025-08-06 12:49:02.388 INFO (MainThread) [homeassistant.setup] Setup of domain logger took 0.24 seconds
2025-08-06 12:49:02.388 DEBUG (MainThread) [homeassistant.core] Bus:Handling <Event component_loaded[L]: component=logger>
2025-08-06 12:49:02.388 INFO (MainThread) [homeassistant.setup] Setting up websocket_api
2025-08-06 12:49:02.389 INFO (MainThread) [homeassistant.setup] Setup of domain websocket_api took 0.00 seconds
2025-08-06 12:49:02.389 DEBUG (MainThread) [homeassistant.core] Bus:Handling <Event component_loaded[L]: component=websocket_api>
2025-08-06 12:49:02.402 INFO (MainThread) [homeassistant.setup] Setting up network
2025-08-06 12:49:02.420 INFO (MainThread) [homeassistant.setup] Setup of domain network took 0.02 seconds
2025-08-06 12:49:02.420 DEBUG (MainThread) [homeassistant.core] Bus:Handling <Event component_loaded[L]: component=network>
2025-08-06 12:49:02.421 INFO (MainThread) [homeassistant.bootstrap] Setting up stage frontend: {'frontend'} | set()
Dependencies: {'onboarding', 'api', 'repairs', 'search', 'diagnostics', 'lovelace', 'file_upload', 'auth', 'config', 'device_automation'} | {'system_log', 'http', 'websocket_api'}
2025-08-06 12:49:02.421 INFO (MainThread) [homeassistant.setup] Setting up auth
2025-08-06 12:49:02.423 INFO (MainThread) [homeassistant.setup] Setup of domain auth took 0.00 seconds
2025-08-06 12:49:02.424 DEBUG (MainThread) [homeassistant.core] Bus:Handling <Event component_loaded[L]: component=auth>
2025-08-06 12:49:02.424 INFO (MainThread) [homeassistant.setup] Setting up onboarding
2025-08-06 12:49:02.424 INFO (MainThread) [homeassistant.setup] Setup of domain onboarding took 0.00 seconds
2025-08-06 12:49:02.424 DEBUG (MainThread) [homeassistant.core] Bus:Handling <Event component_loaded[L]: component=onboarding>
2025-08-06 12:49:02.424 INFO (MainThread) [homeassistant.setup] Setting up api
2025-08-06 12:49:02.438 INFO (MainThread) [homeassistant.setup] Setup of domain api took 0.01 seconds
2025-08-06 12:49:02.439 DEBUG (MainThread) [homeassistant.core] Bus:Handling <Event component_loaded[L]: component=api>
2025-08-06 12:49:02.439 INFO (MainThread) [homeassistant.setup] Setting up repairs
2025-08-06 12:49:02.440 INFO (MainThread) [homeassistant.setup] Setup of domain repairs took 0.00 seconds
2025-08-06 12:49:02.440 DEBUG (MainThread) [homeassistant.core] Bus:Handling <Event component_loaded[L]: component=repairs>
2025-08-06 12:49:02.440 INFO (MainThread) [homeassistant.setup] Setting up search
2025-08-06 12:49:02.440 INFO (MainThread) [homeassistant.setup] Setup of domain search took 0.00 seconds
2025-08-06 12:49:02.441 DEBUG (MainThread) [homeassistant.core] Bus:Handling <Event component_loaded[L]: component=search>
2025-08-06 12:49:02.441 INFO (MainThread) [homeassistant.setup] Setting up config
2025-08-06 12:49:02.441 DEBUG (MainThread) [homeassistant.core] Bus:Handling <Event panels_updated[L]>
2025-08-06 12:49:02.441 DEBUG (MainThread) [homeassistant.core] Bus:Handling <Event component_loaded[L]: component=config.area_registry>
2025-08-06 12:49:02.441 DEBUG (MainThread) [homeassistant.core] Bus:Handling <Event component_loaded[L]: component=config.auth>
2025-08-06 12:49:02.441 DEBUG (MainThread) [homeassistant.core] Bus:Handling <Event component_loaded[L]: component=config.auth_provider_homeassistant>
2025-08-06 12:49:02.442 DEBUG (MainThread) [homeassistant.core] Bus:Handling <Event component_loaded[L]: component=config.automation>
2025-08-06 12:49:02.442 DEBUG (MainThread) [homeassistant.core] Bus:Handling <Event component_loaded[L]: component=config.category_registry>
2025-08-06 12:49:02.464 DEBUG (MainThread) [homeassistant.core] Bus:Handling <Event component_loaded[L]: component=config.config_entries>
2025-08-06 12:49:02.464 DEBUG (MainThread) [homeassistant.core] Bus:Handling <Event component_loaded[L]: component=config.core>
2025-08-06 12:49:02.464 DEBUG (MainThread) [homeassistant.core] Bus:Handling <Event component_loaded[L]: component=config.device_registry>
2025-08-06 12:49:02.465 DEBUG (MainThread) [homeassistant.core] Bus:Handling <Event component_loaded[L]: component=config.entity_registry>
2025-08-06 12:49:02.465 DEBUG (MainThread) [homeassistant.core] Bus:Handling <Event component_loaded[L]: component=config.floor_registry>
2025-08-06 12:49:02.465 DEBUG (MainThread) [homeassistant.core] Bus:Handling <Event component_loaded[L]: component=config.label_registry>
2025-08-06 12:49:02.466 DEBUG (MainThread) [homeassistant.core] Bus:Handling <Event component_loaded[L]: component=config.script>
2025-08-06 12:49:02.466 DEBUG (MainThread) [homeassistant.core] Bus:Handling <Event component_loaded[L]: component=config.scene>
2025-08-06 12:49:02.466 INFO (MainThread) [homeassistant.setup] Setup of domain config took 0.03 seconds
2025-08-06 12:49:02.466 DEBUG (MainThread) [homeassistant.core] Bus:Handling <Event component_loaded[L]: component=config>
2025-08-06 12:49:02.467 INFO (MainThread) [homeassistant.setup] Setting up device_automation
2025-08-06 12:49:02.467 INFO (MainThread) [homeassistant.setup] Setup of domain device_automation took 0.00 seconds
2025-08-06 12:49:02.467 DEBUG (MainThread) [homeassistant.core] Bus:Handling <Event component_loaded[L]: component=device_automation>
2025-08-06 12:49:02.468 INFO (MainThread) [homeassistant.setup] Setting up diagnostics
2025-08-06 12:49:02.469 INFO (MainThread) [homeassistant.setup] Setup of domain diagnostics took 0.00 seconds
2025-08-06 12:49:02.469 DEBUG (MainThread) [homeassistant.core] Bus:Handling <Event component_loaded[L]: component=diagnostics>
2025-08-06 12:49:02.470 INFO (MainThread) [homeassistant.setup] Setting up file_upload
2025-08-06 12:49:02.470 INFO (MainThread) [homeassistant.setup] Setup of domain file_upload took 0.00 seconds
2025-08-06 12:49:02.480 DEBUG (MainThread) [homeassistant.core] Bus:Handling <Event component_loaded[L]: component=file_upload>
2025-08-06 12:49:02.482 INFO (MainThread) [homeassistant.setup] Setting up lovelace
2025-08-06 12:49:02.482 DEBUG (MainThread) [homeassistant.core] Bus:Handling <Event panels_updated[L]>
2025-08-06 12:49:02.488 DEBUG (MainThread) [homeassistant.core] Bus:Handling <Event panels_updated[L]>
2025-08-06 12:49:02.489 INFO (MainThread) [homeassistant.setup] Setup of domain lovelace took 0.01 seconds
2025-08-06 12:49:02.490 DEBUG (MainThread) [homeassistant.core] Bus:Handling <Event component_loaded[L]: component=lovelace>
2025-08-06 12:49:02.548 INFO (MainThread) [homeassistant.setup] Setting up frontend
2025-08-06 12:49:02.567 DEBUG (MainThread) [homeassistant.core] Bus:Handling <Event panels_updated[L]>
2025-08-06 12:49:02.567 DEBUG (MainThread) [homeassistant.core] Bus:Handling <Event panels_updated[L]>
2025-08-06 12:49:02.568 DEBUG (MainThread) [homeassistant.core] Bus:Handling <Event service_registered[L]: domain=frontend, service=set_theme>
2025-08-06 12:49:02.568 DEBUG (MainThread) [homeassistant.core] Bus:Handling <Event service_registered[L]: domain=frontend, service=reload_themes>
2025-08-06 12:49:02.568 INFO (MainThread) [homeassistant.setup] Setup of domain frontend took 0.02 seconds
2025-08-06 12:49:02.568 DEBUG (MainThread) [homeassistant.core] Bus:Handling <Event component_loaded[L]: component=frontend>
2025-08-06 12:49:02.569 INFO (MainThread) [homeassistant.bootstrap] Setting up stage recorder: {'recorder'} | set()
Dependencies: set() | set()
2025-08-06 12:49:02.578 INFO (MainThread) [homeassistant.components.http] Now listening on port 8123
2025-08-06 12:49:02.579 INFO (MainThread) [homeassistant.setup] Setup of domain http took 0.01 seconds
2025-08-06 12:49:02.609 INFO (MainThread) [homeassistant.setup] Setting up recorder
2025-08-06 12:49:02.620 DEBUG (MainThread) [homeassistant.core] Bus:Handling <Event service_registered[L]: domain=recorder, service=purge>
2025-08-06 12:49:02.620 DEBUG (MainThread) [homeassistant.core] Bus:Handling <Event service_registered[L]: domain=recorder, service=purge_entities>
2025-08-06 12:49:02.620 DEBUG (MainThread) [homeassistant.core] Bus:Handling <Event service_registered[L]: domain=recorder, service=enable>
2025-08-06 12:49:02.620 DEBUG (MainThread) [homeassistant.core] Bus:Handling <Event service_registered[L]: domain=recorder, service=disable>
2025-08-06 12:49:02.620 DEBUG (MainThread) [homeassistant.core] Bus:Handling <Event service_registered[L]: domain=recorder, service=get_statistics>
2025-08-06 12:49:03.777 INFO (MainThread) [homeassistant.setup] Setup of domain recorder took 1.17 seconds
2025-08-06 12:49:03.786 DEBUG (MainThread) [homeassistant.core] Bus:Handling <Event component_loaded[L]: component=recorder>
2025-08-06 12:49:03.787 INFO (MainThread) [homeassistant.bootstrap] Nothing to set up in stage debugger: {'debugpy'}
2025-08-06 12:49:03.787 INFO (MainThread) [homeassistant.bootstrap] Setting up stage zeroconf: {'zeroconf'} | set()
Dependencies: set() | {'network', 'api', 'http', 'websocket_api'}
2025-08-06 12:49:03.789 INFO (MainThread) [homeassistant.setup] Setting up zeroconf
2025-08-06 12:49:03.822 INFO (MainThread) [homeassistant.components.zeroconf] Starting Zeroconf broadcast
2025-08-06 12:49:03.823 INFO (MainThread) [homeassistant.setup] Setup of domain zeroconf took 0.03 seconds
2025-08-06 12:49:03.823 DEBUG (MainThread) [homeassistant.core] Bus:Handling <Event component_loaded[L]: component=zeroconf>
2025-08-06 12:49:03.823 INFO (MainThread) [homeassistant.bootstrap] Setting up stage 1: {'ssdp', 'cloud', 'bluetooth', 'hassio', 'usb', 'dhcp'} | set()
Dependencies: {'ffmpeg', 'webhook', 'stt', 'tts', 'backup', 'conversation', 'wake_word', 'assist_pipeline', 'intent'} | {'websocket_api', 'repairs', 'http', 'auth', 'network'}
2025-08-06 12:49:03.869 INFO (MainThread) [homeassistant.setup] Setting up webhook
2025-08-06 12:49:03.870 INFO (MainThread) [homeassistant.setup] Setup of domain webhook took 0.00 seconds
2025-08-06 12:49:03.871 DEBUG (MainThread) [homeassistant.core] Bus:Handling <Event component_loaded[L]: component=webhook>
2025-08-06 12:49:03.871 INFO (MainThread) [homeassistant.setup] Setting up hassio
2025-08-06 12:49:03.937 INFO (MainThread) [homeassistant.setup] Setting up wake_word
2025-08-06 12:49:03.939 INFO (MainThread) [homeassistant.setup] Setup of domain wake_word took 0.00 seconds
2025-08-06 12:49:03.940 DEBUG (MainThread) [homeassistant.core] Bus:Handling <Event component_loaded[L]: component=wake_word>
2025-08-06 12:49:03.987 DEBUG (MainThread) [homeassistant.core] Bus:Handling <Event panels_updated[L]>
2025-08-06 12:49:04.036 DEBUG (MainThread) [homeassistant.core] Bus:Handling <Event service_registered[L]: domain=hassio, service=addon_start>
2025-08-06 12:49:04.037 DEBUG (MainThread) [homeassistant.core] Bus:Handling <Event service_registered[L]: domain=hassio, service=addon_stop>
2025-08-06 12:49:04.037 DEBUG (MainThread) [homeassistant.core] Bus:Handling <Event service_registered[L]: domain=hassio, service=addon_restart>
2025-08-06 12:49:04.037 DEBUG (MainThread) [homeassistant.core] Bus:Handling <Event service_registered[L]: domain=hassio, service=addon_stdin>
2025-08-06 12:49:04.037 DEBUG (MainThread) [homeassistant.core] Bus:Handling <Event service_registered[L]: domain=hassio, service=host_shutdown>
2025-08-06 12:49:04.037 DEBUG (MainThread) [homeassistant.core] Bus:Handling <Event service_registered[L]: domain=hassio, service=host_reboot>
2025-08-06 12:49:04.037 DEBUG (MainThread) [homeassistant.core] Bus:Handling <Event service_registered[L]: domain=hassio, service=backup_full>
2025-08-06 12:49:04.037 DEBUG (MainThread) [homeassistant.core] Bus:Handling <Event service_registered[L]: domain=hassio, service=backup_partial>
2025-08-06 12:49:04.037 DEBUG (MainThread) [homeassistant.core] Bus:Handling <Event service_registered[L]: domain=hassio, service=restore_full>
2025-08-06 12:49:04.037 DEBUG (MainThread) [homeassistant.core] Bus:Handling <Event service_registered[L]: domain=hassio, service=restore_partial>
2025-08-06 12:49:04.138 INFO (MainThread) [homeassistant.setup] Setting up stt
2025-08-06 12:49:04.140 INFO (MainThread) [homeassistant.setup] Setup of domain stt took 0.00 seconds
2025-08-06 12:49:04.140 DEBUG (MainThread) [homeassistant.core] Bus:Handling <Event component_loaded[L]: component=stt>
2025-08-06 12:49:04.140 INFO (MainThread) [homeassistant.setup] Setting up ffmpeg
2025-08-06 12:49:04.141 DEBUG (MainThread) [homeassistant.core] Bus:Handling <Event service_registered[L]: domain=ffmpeg, service=start>
2025-08-06 12:49:04.141 DEBUG (MainThread) [homeassistant.core] Bus:Handling <Event service_registered[L]: domain=ffmpeg, service=stop>
2025-08-06 12:49:04.141 DEBUG (MainThread) [homeassistant.core] Bus:Handling <Event service_registered[L]: domain=ffmpeg, service=restart>
2025-08-06 12:49:04.142 INFO (MainThread) [homeassistant.setup] Setup of domain ffmpeg took 0.00 seconds
2025-08-06 12:49:04.142 DEBUG (MainThread) [homeassistant.core] Bus:Handling <Event component_loaded[L]: component=ffmpeg>
2025-08-06 12:49:04.325 DEBUG (MainThread) [homeassistant.core] Bus:Handling <Event panels_updated[L]>
2025-08-06 12:49:04.325 DEBUG (MainThread) [homeassistant.core] Bus:Handling <Event panels_updated[L]>
2025-08-06 12:49:04.345 INFO (MainThread) [homeassistant.setup] Setting up intent
2025-08-06 12:49:04.346 INFO (MainThread) [homeassistant.setup] Setup of domain intent took 0.00 seconds
2025-08-06 12:49:04.346 DEBUG (MainThread) [homeassistant.core] Bus:Handling <Event component_loaded[L]: component=intent>
2025-08-06 12:49:04.601 DEBUG (MainThread) [homeassistant.core] Bus:Handling <Event call_service[L]: domain=system_log, service=write, service_data=logger=frontend.js.modern.202507023, message=Unhandled promise rejection from Chrome 138.0.0.0 on Windows 10
{
  "code": "not_found",
  "message": "Subscription not found."
}, level=debug>
2025-08-06 12:49:04.615 INFO (MainThread) [homeassistant.setup] Setting up ssdp
2025-08-06 12:49:04.650 INFO (MainThread) [homeassistant.setup] Setup of domain ssdp took 0.04 seconds
2025-08-06 12:49:04.650 DEBUG (MainThread) [homeassistant.core] Bus:Handling <Event component_loaded[L]: component=ssdp>
2025-08-06 12:49:04.680 INFO (MainThread) [homeassistant.setup] Setting up usb
2025-08-06 12:49:04.680 INFO (MainThread) [homeassistant.setup] Setup of domain usb took 0.00 seconds
2025-08-06 12:49:04.681 DEBUG (MainThread) [homeassistant.core] Bus:Handling <Event component_loaded[L]: component=usb>
2025-08-06 12:49:05.624 INFO (MainThread) [homeassistant.setup] Setup of domain hassio took 1.75 seconds
2025-08-06 12:49:05.812 INFO (MainThread) [homeassistant.setup] Setting up binary_sensor
2025-08-06 12:49:05.813 INFO (MainThread) [homeassistant.setup] Setup of domain binary_sensor took 0.00 seconds
2025-08-06 12:49:05.814 DEBUG (MainThread) [homeassistant.core] Bus:Handling <Event component_loaded[L]: component=binary_sensor>
2025-08-06 12:49:05.814 INFO (MainThread) [homeassistant.setup] Setting up sensor
2025-08-06 12:49:05.815 INFO (MainThread) [homeassistant.setup] Setup of domain sensor took 0.00 seconds
2025-08-06 12:49:05.815 DEBUG (MainThread) [homeassistant.core] Bus:Handling <Event component_loaded[L]: component=sensor>
2025-08-06 12:49:05.815 INFO (MainThread) [homeassistant.setup] Setting up update
2025-08-06 12:49:05.833 DEBUG (MainThread) [homeassistant.core] Bus:Handling <Event service_registered[L]: domain=update, service=install>
2025-08-06 12:49:05.833 DEBUG (MainThread) [homeassistant.core] Bus:Handling <Event service_registered[L]: domain=update, service=skip>
2025-08-06 12:49:05.833 DEBUG (MainThread) [homeassistant.core] Bus:Handling <Event service_registered[L]: domain=update, service=clear_skipped>
2025-08-06 12:49:05.833 INFO (MainThread) [homeassistant.setup] Setup of domain update took 0.02 seconds
2025-08-06 12:49:05.834 DEBUG (MainThread) [homeassistant.core] Bus:Handling <Event component_loaded[L]: component=update>
2025-08-06 12:49:05.858 INFO (MainThread) [homeassistant.components.binary_sensor] Setting up hassio.binary_sensor
2025-08-06 12:49:05.859 DEBUG (MainThread) [homeassistant.components.binary_sensor] Not adding entity 작동 중 because it's disabled
2025-08-06 12:49:05.859 DEBUG (MainThread) [homeassistant.components.binary_sensor] Not adding entity 작동 중 because it's disabled
2025-08-06 12:49:05.859 DEBUG (MainThread) [homeassistant.components.binary_sensor] Not adding entity 작동 중 because it's disabled
2025-08-06 12:49:05.859 DEBUG (MainThread) [homeassistant.components.binary_sensor] Not adding entity 작동 중 because it's disabled
2025-08-06 12:49:05.860 DEBUG (MainThread) [homeassistant.components.binary_sensor] Not adding entity 작동 중 because it's disabled
2025-08-06 12:49:05.885 INFO (MainThread) [homeassistant.components.sensor] Setting up hassio.sensor
2025-08-06 12:49:05.911 INFO (MainThread) [homeassistant.components.update] Setting up hassio.update
2025-08-06 12:49:05.922 DEBUG (MainThread) [homeassistant.core] Bus:Handling <Event state_changed[L]: entity_id=update.home_assistant_supervisor_update, old_state=None, new_state=<state update.home_assistant_supervisor_update=off; auto_update=True, display_precision=0, installed_version=2025.07.3, in_progress=False, latest_version=2025.07.3, release_summary=None, release_url=https://github.com/home-assistant/supervisor/releases/tag/2025.07.3, skipped_version=None, title=Home Assistant Supervisor, update_percentage=None, entity_picture=https://brands.home-assistant.io/hassio/icon.png, friendly_name=Home Assistant Supervisor Update, supported_features=1 @ 2025-08-06T12:49:05.913843+09:00>>
2025-08-06 12:49:05.923 DEBUG (MainThread) [homeassistant.core] Bus:Handling <Event state_changed[L]: entity_id=update.home_assistant_core_update, old_state=None, new_state=<state update.home_assistant_core_update=off; auto_update=False, display_precision=0, installed_version=2025.7.4, in_progress=False, latest_version=2025.7.4, release_summary=None, release_url=https://www.home-assistant.io/latest-release-notes/, skipped_version=None, title=Home Assistant Core, update_percentage=None, entity_picture=https://brands.home-assistant.io/homeassistant/icon.png, friendly_name=Home Assistant Core Update, supported_features=11 @ 2025-08-06T12:49:05.923457+09:00>>
2025-08-06 12:49:05.931 DEBUG (MainThread) [homeassistant.core] Bus:Handling <Event state_changed[L]: entity_id=update.zigbee2mqtt_update, old_state=None, new_state=<state update.zigbee2mqtt_update=off; auto_update=False, display_precision=0, installed_version=2.6.0-1, in_progress=False, latest_version=2.6.0-1, release_summary=None, release_url=None, skipped_version=None, title=Zigbee2MQTT, update_percentage=None, entity_picture=/api/hassio/addons/45df7312_zigbee2mqtt/icon, friendly_name=Zigbee2MQTT Update, supported_features=25 @ 2025-08-06T12:49:05.930818+09:00>>
2025-08-06 12:49:05.933 DEBUG (MainThread) [homeassistant.core] Bus:Handling <Event state_changed[L]: entity_id=update.studio_code_server_update, old_state=None, new_state=<state update.studio_code_server_update=off; auto_update=False, display_precision=0, installed_version=5.19.3, in_progress=False, latest_version=5.19.3, release_summary=None, release_url=None, skipped_version=None, title=Studio Code Server, update_percentage=None, entity_picture=/api/hassio/addons/a0d7b954_vscode/icon, friendly_name=Studio Code Server Update, supported_features=25 @ 2025-08-06T12:49:05.933408+09:00>>
2025-08-06 12:49:05.941 DEBUG (MainThread) [homeassistant.core] Bus:Handling <Event state_changed[L]: entity_id=update.get_hacs_update, old_state=None, new_state=<state update.get_hacs_update=off; auto_update=False, display_precision=0, installed_version=1.3.1, in_progress=False, latest_version=1.3.1, release_summary=None, release_url=None, skipped_version=None, title=Get HACS, update_percentage=None, entity_picture=/api/hassio/addons/cb646a50_get/icon, friendly_name=Get HACS Update, supported_features=25 @ 2025-08-06T12:49:05.941151+09:00>>
2025-08-06 12:49:05.942 DEBUG (MainThread) [homeassistant.core] Bus:Handling <Event state_changed[L]: entity_id=update.samba_share_update, old_state=None, new_state=<state update.samba_share_update=off; auto_update=False, display_precision=0, installed_version=12.5.2, in_progress=False, latest_version=12.5.2, release_summary=None, release_url=None, skipped_version=None, title=Samba share, update_percentage=None, entity_picture=/api/hassio/addons/core_samba/icon, friendly_name=Samba share Update, supported_features=25 @ 2025-08-06T12:49:05.942560+09:00>>
2025-08-06 12:49:05.943 DEBUG (MainThread) [homeassistant.core] Bus:Handling <Event state_changed[L]: entity_id=update.advanced_ssh_web_terminal_update, old_state=None, new_state=<state update.advanced_ssh_web_terminal_update=off; auto_update=False, display_precision=0, installed_version=21.0.2, in_progress=False, latest_version=21.0.2, release_summary=None, release_url=None, skipped_version=None, title=Advanced SSH & Web Terminal, update_percentage=None, entity_picture=/api/hassio/addons/a0d7b954_ssh/icon, friendly_name=Advanced SSH & Web Terminal Update, supported_features=25 @ 2025-08-06T12:49:05.943388+09:00>>
2025-08-06 12:49:05.944 DEBUG (MainThread) [homeassistant.core] Bus:Handling <Event state_changed[L]: entity_id=update.home_assistant_operating_system_update, old_state=None, new_state=<state update.home_assistant_operating_system_update=off; auto_update=False, display_precision=0, installed_version=16.0, in_progress=False, latest_version=16.0, release_summary=None, release_url=https://github.com/home-assistant/operating-system/releases/tag/16.0, skipped_version=None, title=Home Assistant Operating System, update_percentage=None, entity_picture=https://brands.home-assistant.io/homeassistant/icon.png, friendly_name=Home Assistant Operating System Update, supported_features=11 @ 2025-08-06T12:49:05.944149+09:00>>
2025-08-06 12:49:05.951 DEBUG (MainThread) [homeassistant.core] Bus:Handling <Event component_loaded[L]: component=hassio>
2025-08-06 12:49:05.956 INFO (MainThread) [homeassistant.setup] Setting up backup
2025-08-06 12:49:05.963 DEBUG (MainThread) [homeassistant.core] Bus:Handling <Event service_registered[L]: domain=backup, service=create_automatic>
2025-08-06 12:49:05.964 INFO (MainThread) [homeassistant.setup] Setup of domain backup took 0.01 seconds
2025-08-06 12:49:06.344 INFO (MainThread) [homeassistant.setup] Setting up dhcp
2025-08-06 12:49:06.345 INFO (MainThread) [homeassistant.setup] Setup of domain dhcp took 0.00 seconds
2025-08-06 12:49:06.345 DEBUG (MainThread) [homeassistant.core] Bus:Handling <Event component_loaded[L]: component=dhcp>
2025-08-06 12:49:06.410 INFO (MainThread) [homeassistant.setup] Setting up tts
2025-08-06 12:49:06.430 DEBUG (MainThread) [homeassistant.core] Bus:Handling <Event service_registered[L]: domain=tts, service=speak>
2025-08-06 12:49:06.430 DEBUG (MainThread) [homeassistant.core] Bus:Handling <Event service_registered[L]: domain=tts, service=clear_cache>
2025-08-06 12:49:06.431 INFO (MainThread) [homeassistant.setup] Setup of domain tts took 0.02 seconds
2025-08-06 12:49:06.431 DEBUG (MainThread) [homeassistant.core] Bus:Handling <Event component_loaded[L]: component=tts>
2025-08-06 12:49:06.552 INFO (MainThread) [homeassistant.setup] Setting up conversation
2025-08-06 12:49:06.554 DEBUG (MainThread) [homeassistant.core] Bus:Handling <Event state_changed[L]: entity_id=conversation.home_assistant, old_state=None, new_state=<state conversation.home_assistant=unknown; friendly_name=Home Assistant, supported_features=1 @ 2025-08-06T12:49:06.553530+09:00>>
2025-08-06 12:49:06.638 DEBUG (MainThread) [homeassistant.core] Bus:Handling <Event service_registered[L]: domain=conversation, service=process>
2025-08-06 12:49:06.639 DEBUG (MainThread) [homeassistant.core] Bus:Handling <Event service_registered[L]: domain=conversation, service=reload>
2025-08-06 12:49:06.639 INFO (MainThread) [homeassistant.setup] Setup of domain conversation took 0.09 seconds
2025-08-06 12:49:06.639 DEBUG (MainThread) [homeassistant.core] Bus:Handling <Event component_loaded[L]: component=conversation>
2025-08-06 12:49:06.644 INFO (MainThread) [homeassistant.setup] Setting up bluetooth
2025-08-06 12:49:06.663 INFO (MainThread) [homeassistant.setup] Setting up assist_pipeline
2025-08-06 12:49:06.666 INFO (MainThread) [homeassistant.setup] Setup of domain assist_pipeline took 0.00 seconds
2025-08-06 12:49:06.666 DEBUG (MainThread) [homeassistant.core] Bus:Handling <Event component_loaded[L]: component=assist_pipeline>
2025-08-06 12:49:06.758 INFO (MainThread) [homeassistant.setup] Setting up event
2025-08-06 12:49:06.759 INFO (MainThread) [homeassistant.setup] Setup of domain event took 0.00 seconds
2025-08-06 12:49:06.760 DEBUG (MainThread) [homeassistant.core] Bus:Handling <Event component_loaded[L]: component=event>
2025-08-06 12:49:06.826 INFO (MainThread) [homeassistant.components.sensor] Setting up backup.sensor
2025-08-06 12:49:06.828 DEBUG (MainThread) [homeassistant.core] Bus:Handling <Event state_changed[L]: entity_id=sensor.backup_backup_manager_state, old_state=None, new_state=<state sensor.backup_backup_manager_state=blocked; options=['idle', 'create_backup', 'blocked', 'receive_backup', 'restore_backup'], device_class=enum, friendly_name=Backup Backup Manager state @ 2025-08-06T12:49:06.828109+09:00>>
2025-08-06 12:49:06.833 DEBUG (MainThread) [homeassistant.core] Bus:Handling <Event state_changed[L]: entity_id=sensor.backup_next_scheduled_automatic_backup, old_state=None, new_state=<state sensor.backup_next_scheduled_automatic_backup=unknown; device_class=timestamp, friendly_name=Backup Next scheduled automatic backup @ 2025-08-06T12:49:06.833341+09:00>>
2025-08-06 12:49:06.834 DEBUG (MainThread) [homeassistant.core] Bus:Handling <Event state_changed[L]: entity_id=sensor.backup_last_successful_automatic_backup, old_state=None, new_state=<state sensor.backup_last_successful_automatic_backup=unknown; device_class=timestamp, friendly_name=Backup Last successful automatic backup @ 2025-08-06T12:49:06.834313+09:00>>
2025-08-06 12:49:06.834 DEBUG (MainThread) [homeassistant.core] Bus:Handling <Event state_changed[L]: entity_id=sensor.backup_last_attempted_automatic_backup, old_state=None, new_state=<state sensor.backup_last_attempted_automatic_backup=unknown; device_class=timestamp, friendly_name=Backup Last attempted automatic backup @ 2025-08-06T12:49:06.834757+09:00>>
2025-08-06 12:49:06.838 INFO (MainThread) [homeassistant.components.event] Setting up backup.event
2025-08-06 12:49:06.840 DEBUG (MainThread) [homeassistant.core] Bus:Handling <Event state_changed[L]: entity_id=event.backup_automatic_backup, old_state=None, new_state=<state event.backup_automatic_backup=unknown; event_types=['completed', 'failed', 'in_progress'], event_type=None, friendly_name=Backup Automatic backup @ 2025-08-06T12:49:06.839767+09:00>>
2025-08-06 12:49:06.847 DEBUG (MainThread) [homeassistant.core] Bus:Handling <Event component_loaded[L]: component=backup>
2025-08-06 12:49:06.858 DEBUG (MainThread) [homeassistant.core] Bus:Handling <Event state_reported[L]: entity_id=sensor.backup_backup_manager_state, old_last_reported=2025-08-06T12:49:06.828109+09:00, new_state=<state sensor.backup_backup_manager_state=blocked; options=['idle', 'create_backup', 'blocked', 'receive_backup', 'restore_backup'], device_class=enum, friendly_name=Backup Backup Manager state @ 2025-08-06T12:49:06.828109+09:00>>
2025-08-06 12:49:06.859 DEBUG (MainThread) [homeassistant.core] Bus:Handling <Event state_reported[L]: entity_id=sensor.backup_next_scheduled_automatic_backup, old_last_reported=2025-08-06T12:49:06.833341+09:00, new_state=<state sensor.backup_next_scheduled_automatic_backup=unknown; device_class=timestamp, friendly_name=Backup Next scheduled automatic backup @ 2025-08-06T12:49:06.833341+09:00>>
2025-08-06 12:49:06.859 DEBUG (MainThread) [homeassistant.core] Bus:Handling <Event state_reported[L]: entity_id=sensor.backup_last_successful_automatic_backup, old_last_reported=2025-08-06T12:49:06.834313+09:00, new_state=<state sensor.backup_last_successful_automatic_backup=unknown; device_class=timestamp, friendly_name=Backup Last successful automatic backup @ 2025-08-06T12:49:06.834313+09:00>>
2025-08-06 12:49:06.859 DEBUG (MainThread) [homeassistant.core] Bus:Handling <Event state_reported[L]: entity_id=sensor.backup_last_attempted_automatic_backup, old_last_reported=2025-08-06T12:49:06.834757+09:00, new_state=<state sensor.backup_last_attempted_automatic_backup=unknown; device_class=timestamp, friendly_name=Backup Last attempted automatic backup @ 2025-08-06T12:49:06.834757+09:00>>
2025-08-06 12:49:06.927 INFO (MainThread) [homeassistant.setup] Setup of domain bluetooth took 0.28 seconds
2025-08-06 12:49:06.928 DEBUG (MainThread) [homeassistant.core] Bus:Handling <Event component_loaded[L]: component=bluetooth>
2025-08-06 12:49:07.609 INFO (MainThread) [homeassistant.setup] Setting up cloud
2025-08-06 12:49:07.613 DEBUG (MainThread) [homeassistant.core] Bus:Handling <Event service_registered[L]: domain=cloud, service=remote_connect>
2025-08-06 12:49:07.617 DEBUG (MainThread) [homeassistant.core] Bus:Handling <Event service_registered[L]: domain=cloud, service=remote_disconnect>
2025-08-06 12:49:07.626 INFO (MainThread) [homeassistant.setup] Setup of domain cloud took 0.02 seconds
2025-08-06 12:49:07.626 DEBUG (MainThread) [homeassistant.core] Bus:Handling <Event component_loaded[L]: component=cloud>
2025-08-06 12:49:07.629 DEBUG (MainThread) [homeassistant.core] Bus:Handling <Event state_reported[L]: entity_id=sensor.backup_backup_manager_state, old_last_reported=2025-08-06T12:49:06.857424+09:00, new_state=<state sensor.backup_backup_manager_state=blocked; options=['idle', 'create_backup', 'blocked', 'receive_backup', 'restore_backup'], device_class=enum, friendly_name=Backup Backup Manager state @ 2025-08-06T12:49:06.828109+09:00>>
2025-08-06 12:49:07.630 DEBUG (MainThread) [homeassistant.core] Bus:Handling <Event state_reported[L]: entity_id=sensor.backup_next_scheduled_automatic_backup, old_last_reported=2025-08-06T12:49:06.859048+09:00, new_state=<state sensor.backup_next_scheduled_automatic_backup=unknown; device_class=timestamp, friendly_name=Backup Next scheduled automatic backup @ 2025-08-06T12:49:06.833341+09:00>>
2025-08-06 12:49:07.630 DEBUG (MainThread) [homeassistant.core] Bus:Handling <Event state_reported[L]: entity_id=sensor.backup_last_successful_automatic_backup, old_last_reported=2025-08-06T12:49:06.859249+09:00, new_state=<state sensor.backup_last_successful_automatic_backup=unknown; device_class=timestamp, friendly_name=Backup Last successful automatic backup @ 2025-08-06T12:49:06.834313+09:00>>
2025-08-06 12:49:07.630 DEBUG (MainThread) [homeassistant.core] Bus:Handling <Event state_reported[L]: entity_id=sensor.backup_last_attempted_automatic_backup, old_last_reported=2025-08-06T12:49:06.859404+09:00, new_state=<state sensor.backup_last_attempted_automatic_backup=unknown; device_class=timestamp, friendly_name=Backup Last attempted automatic backup @ 2025-08-06T12:49:06.834757+09:00>>
2025-08-06 12:49:07.644 INFO (MainThread) [homeassistant.bootstrap] Setting up stage 2: {'sun', 'radio_browser', 'scene', 'application_credentials', 'person', 'mobile_app', 'input_datetime', 'counter', 'analytics', 'hacs', 'shopping_list', 'input_boolean', 'google_translate', 'automation', 'hardware', 'script', 'input_number', 'input_text', 'default_config', 'go2rtc', 'smartthings', 'met', 'mqtt', 'zone', 'timer', 'dlna_dms', 'system_health', 'input_select', 'schedule', 'xiaomi_miio', 'tag', 'tasmota', 'cast', 'upnp', 'input_button'} | {'logger', 'hassio', 'frontend', 'backup', 'network'}
Dependencies: {'stream', 'image_upload', 'history', 'trace', 'homeassistant_alerts', 'my', 'energy', 'logbook', 'blueprint', 'media_source', 'camera'} | {'ffmpeg', 'auth', 'usb', 'persistent_notification', 'stt', 'lovelace', 'file_upload', 'system_log', 'recorder', 'wake_word', 'onboarding', 'repairs', 'webhook', 'hassio', 'search', 'frontend', 'tts', 'backup', 'conversation', 'network', 'zeroconf', 'device_automation', 'intent', 'ssdp', 'api', 'cloud', 'bluetooth', 'diagnostics', 'http', 'websocket_api', 'config', 'dhcp', 'assist_pipeline'}
2025-08-06 12:49:07.647 INFO (MainThread) [homeassistant.setup] Setting up scene
2025-08-06 12:49:07.660 DEBUG (MainThread) [homeassistant.core] Bus:Handling <Event service_registered[L]: domain=scene, service=turn_on>
2025-08-06 12:49:07.661 INFO (MainThread) [homeassistant.setup] Setup of domain scene took 0.01 seconds
2025-08-06 12:49:07.661 DEBUG (MainThread) [homeassistant.core] Bus:Handling <Event component_loaded[L]: component=scene>
2025-08-06 12:49:07.663 INFO (MainThread) [homeassistant.setup] Setting up camera
2025-08-06 12:49:07.665 DEBUG (MainThread) [homeassistant.core] Bus:Handling <Event service_registered[L]: domain=camera, service=enable_motion_detection>
2025-08-06 12:49:07.665 DEBUG (MainThread) [homeassistant.core] Bus:Handling <Event service_registered[L]: domain=camera, service=disable_motion_detection>
2025-08-06 12:49:07.676 DEBUG (MainThread) [homeassistant.core] Bus:Handling <Event service_registered[L]: domain=camera, service=turn_off>
2025-08-06 12:49:07.676 DEBUG (MainThread) [homeassistant.core] Bus:Handling <Event service_registered[L]: domain=camera, service=turn_on>
2025-08-06 12:49:07.679 DEBUG (MainThread) [homeassistant.core] Bus:Handling <Event service_registered[L]: domain=camera, service=snapshot>
2025-08-06 12:49:07.681 DEBUG (MainThread) [homeassistant.core] Bus:Handling <Event service_registered[L]: domain=camera, service=play_stream>
2025-08-06 12:49:07.681 DEBUG (MainThread) [homeassistant.core] Bus:Handling <Event service_registered[L]: domain=camera, service=record>
2025-08-06 12:49:07.683 INFO (MainThread) [homeassistant.setup] Setup of domain camera took 0.02 seconds
2025-08-06 12:49:07.683 DEBUG (MainThread) [homeassistant.core] Bus:Handling <Event component_loaded[L]: component=camera>
2025-08-06 12:49:07.703 INFO (MainThread) [homeassistant.setup] Setting up history
2025-08-06 12:49:07.704 DEBUG (MainThread) [homeassistant.core] Bus:Handling <Event panels_updated[L]>
2025-08-06 12:49:07.704 INFO (MainThread) [homeassistant.setup] Setup of domain history took 0.00 seconds
2025-08-06 12:49:07.705 DEBUG (MainThread) [homeassistant.core] Bus:Handling <Event component_loaded[L]: component=history>
2025-08-06 12:49:07.705 INFO (MainThread) [homeassistant.setup] Setting up image_upload
2025-08-06 12:49:07.707 INFO (MainThread) [homeassistant.setup] Setup of domain image_upload took 0.00 seconds
2025-08-06 12:49:07.707 DEBUG (MainThread) [homeassistant.core] Bus:Handling <Event component_loaded[L]: component=image_upload>
2025-08-06 12:49:07.707 INFO (MainThread) [homeassistant.setup] Setting up person
2025-08-06 12:49:07.716 INFO (MainThread) [homeassistant.setup] Setting up blueprint
2025-08-06 12:49:07.716 INFO (MainThread) [homeassistant.setup] Setup of domain blueprint took 0.00 seconds
2025-08-06 12:49:07.716 DEBUG (MainThread) [homeassistant.core] Bus:Handling <Event component_loaded[L]: component=blueprint>
2025-08-06 12:49:07.718 INFO (MainThread) [homeassistant.setup] Setting up input_boolean
2025-08-06 12:49:07.720 DEBUG (MainThread) [homeassistant.core] Bus:Handling <Event service_registered[L]: domain=input_boolean, service=reload>
2025-08-06 12:49:07.721 DEBUG (MainThread) [homeassistant.core] Bus:Handling <Event service_registered[L]: domain=input_boolean, service=turn_on>
2025-08-06 12:49:07.721 DEBUG (MainThread) [homeassistant.core] Bus:Handling <Event service_registered[L]: domain=input_boolean, service=turn_off>
2025-08-06 12:49:07.721 DEBUG (MainThread) [homeassistant.core] Bus:Handling <Event service_registered[L]: domain=input_boolean, service=toggle>
2025-08-06 12:49:07.721 INFO (MainThread) [homeassistant.setup] Setup of domain input_boolean took 0.00 seconds
2025-08-06 12:49:07.721 DEBUG (MainThread) [homeassistant.core] Bus:Handling <Event component_loaded[L]: component=input_boolean>
2025-08-06 12:49:07.732 INFO (MainThread) [homeassistant.setup] Setting up trace
2025-08-06 12:49:07.732 INFO (MainThread) [homeassistant.setup] Setup of domain trace took 0.00 seconds
2025-08-06 12:49:07.734 DEBUG (MainThread) [homeassistant.core] Bus:Handling <Event component_loaded[L]: component=trace>
2025-08-06 12:49:07.737 INFO (MainThread) [homeassistant.setup] Setting up script
2025-08-06 12:49:07.752 DEBUG (MainThread) [homeassistant.core] Bus:Handling <Event service_registered[L]: domain=script, service=reload>
2025-08-06 12:49:07.753 DEBUG (MainThread) [homeassistant.core] Bus:Handling <Event service_registered[L]: domain=script, service=turn_on>
2025-08-06 12:49:07.755 DEBUG (MainThread) [homeassistant.core] Bus:Handling <Event service_registered[L]: domain=script, service=turn_off>
2025-08-06 12:49:07.755 DEBUG (MainThread) [homeassistant.core] Bus:Handling <Event service_registered[L]: domain=script, service=toggle>
2025-08-06 12:49:07.755 INFO (MainThread) [homeassistant.setup] Setup of domain script took 0.02 seconds
2025-08-06 12:49:07.762 DEBUG (MainThread) [homeassistant.core] Bus:Handling <Event component_loaded[L]: component=script>
2025-08-06 12:49:07.763 INFO (MainThread) [homeassistant.setup] Setting up input_number
2025-08-06 12:49:07.765 DEBUG (MainThread) [homeassistant.core] Bus:Handling <Event service_registered[L]: domain=input_number, service=reload>
2025-08-06 12:49:07.765 DEBUG (MainThread) [homeassistant.core] Bus:Handling <Event service_registered[L]: domain=input_number, service=set_value>
2025-08-06 12:49:07.766 DEBUG (MainThread) [homeassistant.core] Bus:Handling <Event service_registered[L]: domain=input_number, service=increment>
2025-08-06 12:49:07.766 DEBUG (MainThread) [homeassistant.core] Bus:Handling <Event service_registered[L]: domain=input_number, service=decrement>
2025-08-06 12:49:07.766 INFO (MainThread) [homeassistant.setup] Setup of domain input_number took 0.00 seconds
2025-08-06 12:49:07.766 DEBUG (MainThread) [homeassistant.core] Bus:Handling <Event component_loaded[L]: component=input_number>
2025-08-06 12:49:07.767 INFO (MainThread) [homeassistant.setup] Setting up logbook
2025-08-06 12:49:07.767 DEBUG (MainThread) [homeassistant.core] Bus:Handling <Event panels_updated[L]>
2025-08-06 12:49:07.768 DEBUG (MainThread) [homeassistant.core] Bus:Handling <Event service_registered[L]: domain=logbook, service=log>
2025-08-06 12:49:07.768 INFO (MainThread) [homeassistant.setup] Setup of domain logbook took 0.00 seconds
2025-08-06 12:49:07.768 DEBUG (MainThread) [homeassistant.core] Bus:Handling <Event component_loaded[L]: component=logbook>
2025-08-06 12:49:07.779 INFO (MainThread) [homeassistant.setup] Setting up media_source
2025-08-06 12:49:07.779 DEBUG (MainThread) [homeassistant.core] Bus:Handling <Event panels_updated[L]>
2025-08-06 12:49:07.783 INFO (MainThread) [homeassistant.setup] Setup of domain media_source took 0.00 seconds
2025-08-06 12:49:07.783 DEBUG (MainThread) [homeassistant.core] Bus:Handling <Event component_loaded[L]: component=media_source>
2025-08-06 12:49:07.784 INFO (MainThread) [homeassistant.setup] Setting up stream
2025-08-06 12:49:07.920 INFO (MainThread) [homeassistant.setup] Setting up zone
2025-08-06 12:49:07.921 DEBUG (MainThread) [homeassistant.core] Bus:Handling <Event service_registered[L]: domain=zone, service=reload>
2025-08-06 12:49:07.938 DEBUG (MainThread) [homeassistant.core] Bus:Handling <Event state_changed[L]: entity_id=zone.home, old_state=None, new_state=<state zone.home=0; latitude=37.50206958952469, longitude=126.95912763476375, radius=100, passive=False, persons=[], editable=True, icon=mdi:home, friendly_name=집 @ 2025-08-06T12:49:07.922496+09:00>>
2025-08-06 12:49:07.939 INFO (MainThread) [homeassistant.setup] Setup of domain zone took 0.02 seconds
2025-08-06 12:49:07.939 DEBUG (MainThread) [homeassistant.core] Bus:Handling <Event component_loaded[L]: component=zone>
2025-08-06 12:49:07.945 INFO (MainThread) [homeassistant.setup] Setting up timer
2025-08-06 12:49:07.949 DEBUG (MainThread) [homeassistant.core] Bus:Handling <Event service_registered[L]: domain=timer, service=reload>
2025-08-06 12:49:07.955 DEBUG (MainThread) [homeassistant.core] Bus:Handling <Event service_registered[L]: domain=timer, service=start>
2025-08-06 12:49:07.956 DEBUG (MainThread) [homeassistant.core] Bus:Handling <Event service_registered[L]: domain=timer, service=pause>
2025-08-06 12:49:07.956 DEBUG (MainThread) [homeassistant.core] Bus:Handling <Event service_registered[L]: domain=timer, service=cancel>
2025-08-06 12:49:07.956 DEBUG (MainThread) [homeassistant.core] Bus:Handling <Event service_registered[L]: domain=timer, service=finish>
2025-08-06 12:49:07.959 DEBUG (MainThread) [homeassistant.core] Bus:Handling <Event service_registered[L]: domain=timer, service=change>
2025-08-06 12:49:07.959 INFO (MainThread) [homeassistant.setup] Setup of domain timer took 0.01 seconds
2025-08-06 12:49:07.960 DEBUG (MainThread) [homeassistant.core] Bus:Handling <Event component_loaded[L]: component=timer>
2025-08-06 12:49:07.961 INFO (MainThread) [homeassistant.setup] Setting up system_health
2025-08-06 12:49:07.966 INFO (MainThread) [homeassistant.setup] Setup of domain system_health took 0.00 seconds
2025-08-06 12:49:07.966 DEBUG (MainThread) [homeassistant.core] Bus:Handling <Event component_loaded[L]: component=system_health>
2025-08-06 12:49:07.968 INFO (MainThread) [homeassistant.setup] Setting up input_select
2025-08-06 12:49:07.969 DEBUG (MainThread) [homeassistant.core] Bus:Handling <Event service_registered[L]: domain=input_select, service=reload>
2025-08-06 12:49:07.969 DEBUG (MainThread) [homeassistant.core] Bus:Handling <Event service_registered[L]: domain=input_select, service=select_first>
2025-08-06 12:49:07.969 DEBUG (MainThread) [homeassistant.core] Bus:Handling <Event service_registered[L]: domain=input_select, service=select_last>
2025-08-06 12:49:07.970 DEBUG (MainThread) [homeassistant.core] Bus:Handling <Event service_registered[L]: domain=input_select, service=select_next>
2025-08-06 12:49:07.970 DEBUG (MainThread) [homeassistant.core] Bus:Handling <Event service_registered[L]: domain=input_select, service=select_option>
2025-08-06 12:49:07.978 DEBUG (MainThread) [homeassistant.core] Bus:Handling <Event service_registered[L]: domain=input_select, service=select_previous>
2025-08-06 12:49:07.981 DEBUG (MainThread) [homeassistant.core] Bus:Handling <Event service_registered[L]: domain=input_select, service=set_options>
2025-08-06 12:49:07.981 INFO (MainThread) [homeassistant.setup] Setup of domain input_select took 0.01 seconds
2025-08-06 12:49:07.981 DEBUG (MainThread) [homeassistant.core] Bus:Handling <Event component_loaded[L]: component=input_select>
2025-08-06 12:49:08.000 INFO (MainThread) [homeassistant.setup] Setting up input_button
2025-08-06 12:49:08.003 DEBUG (MainThread) [homeassistant.core] Bus:Handling <Event service_registered[L]: domain=input_button, service=reload>
2025-08-06 12:49:08.003 DEBUG (MainThread) [homeassistant.core] Bus:Handling <Event service_registered[L]: domain=input_button, service=press>
2025-08-06 12:49:08.003 INFO (MainThread) [homeassistant.setup] Setup of domain input_button took 0.00 seconds
2025-08-06 12:49:08.003 DEBUG (MainThread) [homeassistant.core] Bus:Handling <Event component_loaded[L]: component=input_button>
2025-08-06 12:49:08.004 DEBUG (MainThread) [homeassistant.core] Bus:Handling <Event service_registered[L]: domain=tts, service=cloud_say>
2025-08-06 12:49:08.052 DEBUG (MainThread) [homeassistant.core] Bus:Handling <Event state_changed[L]: entity_id=person.gimjungyo, old_state=None, new_state=<state person.gimjungyo=home; editable=True, id=gimjungyo, device_trackers=['device_tracker.gimjungyoyi_iphone', 'device_tracker.gimjungyoyi_ipad'], latitude=37.50205526530521, longitude=126.95938130662636, gps_accuracy=14, source=person.gimjungyo, user_id=acdae19039da4fd6a1a78cbe5403a220, friendly_name=김준교 @ 2025-08-06T12:49:08.051963+09:00>>
2025-08-06 12:49:08.053 DEBUG (MainThread) [homeassistant.core] Bus:Handling <Event state_changed[L]: entity_id=zone.home, old_state=<state zone.home=0; latitude=37.50206958952469, longitude=126.95912763476375, radius=100, passive=False, persons=[], editable=True, icon=mdi:home, friendly_name=집 @ 2025-08-06T12:49:07.922496+09:00>, new_state=<state zone.home=1; latitude=37.50206958952469, longitude=126.95912763476375, radius=100, passive=False, persons=['person.gimjungyo'], editable=True, icon=mdi:home, friendly_name=집 @ 2025-08-06T12:49:08.053559+09:00>>
2025-08-06 12:49:08.074 INFO (MainThread) [homeassistant.components.scene] Setting up homeassistant.scene
2025-08-06 12:49:08.074 DEBUG (MainThread) [homeassistant.core] Bus:Handling <Event service_registered[L]: domain=scene, service=reload>
2025-08-06 12:49:08.090 DEBUG (MainThread) [homeassistant.core] Bus:Handling <Event service_registered[L]: domain=scene, service=apply>
2025-08-06 12:49:08.097 DEBUG (MainThread) [homeassistant.core] Bus:Handling <Event service_registered[L]: domain=scene, service=create>
2025-08-06 12:49:08.097 DEBUG (MainThread) [homeassistant.core] Bus:Handling <Event service_registered[L]: domain=scene, service=delete>
2025-08-06 12:49:08.130 INFO (MainThread) [homeassistant.setup] Setting up sun
2025-08-06 12:49:08.132 INFO (MainThread) [homeassistant.setup] Setup of domain sun took 0.00 seconds
2025-08-06 12:49:08.287 DEBUG (MainThread) [homeassistant.core] Bus:Handling <Event state_changed[L]: entity_id=sun.sun, old_state=None, new_state=<state sun.sun=above_horizon; next_dawn=2025-08-06T20:12:19.937481+00:00, next_dusk=2025-08-06T11:04:07.962815+00:00, next_midnight=2025-08-06T15:37:59+00:00, next_noon=2025-08-07T03:37:59+00:00, next_rising=2025-08-06T20:41:22.994271+00:00, next_setting=2025-08-06T10:35:05.744028+00:00, elevation=69.0, azimuth=187.4, rising=False, friendly_name=Sun @ 2025-08-06T12:49:08.286914+09:00>>
2025-08-06 12:49:08.288 DEBUG (MainThread) [homeassistant.core] Bus:Handling <Event state_reported[L]: entity_id=sun.sun, old_last_reported=2025-08-06T12:49:08.286914+09:00, new_state=<state sun.sun=above_horizon; next_dawn=2025-08-06T20:12:19.937481+00:00, next_dusk=2025-08-06T11:04:07.962815+00:00, next_midnight=2025-08-06T15:37:59+00:00, next_noon=2025-08-07T03:37:59+00:00, next_rising=2025-08-06T20:41:22.994271+00:00, next_setting=2025-08-06T10:35:05.744028+00:00, elevation=69.0, azimuth=187.4, rising=False, friendly_name=Sun @ 2025-08-06T12:49:08.286914+09:00>>
2025-08-06 12:49:08.400 DEBUG (MainThread) [homeassistant.core] Bus:Handling <Event service_registered[L]: domain=person, service=reload>
2025-08-06 12:49:08.401 INFO (MainThread) [homeassistant.setup] Setup of domain person took 0.69 seconds
2025-08-06 12:49:08.401 DEBUG (MainThread) [homeassistant.core] Bus:Handling <Event component_loaded[L]: component=person>
2025-08-06 12:49:08.413 INFO (MainThread) [homeassistant.components.binary_sensor] Setting up sun.binary_sensor
2025-08-06 12:49:08.415 DEBUG (MainThread) [homeassistant.components.binary_sensor] Not adding entity Solar rising because it's disabled
2025-08-06 12:49:08.416 INFO (MainThread) [homeassistant.components.sensor] Setting up sun.sensor
2025-08-06 12:49:08.417 DEBUG (MainThread) [homeassistant.core] Bus:Handling <Event state_changed[L]: entity_id=sensor.sun_next_dawn, old_state=None, new_state=<state sensor.sun_next_dawn=2025-08-06T20:12:19+00:00; device_class=timestamp, friendly_name=Sun 다음 새벽 @ 2025-08-06T12:49:08.417442+09:00>>
2025-08-06 12:49:08.425 DEBUG (MainThread) [homeassistant.core] Bus:Handling <Event state_changed[L]: entity_id=sensor.sun_next_dusk, old_state=None, new_state=<state sensor.sun_next_dusk=2025-08-06T11:04:07+00:00; device_class=timestamp, friendly_name=Sun 다음 황혼 @ 2025-08-06T12:49:08.424384+09:00>>
2025-08-06 12:49:08.427 DEBUG (MainThread) [homeassistant.core] Bus:Handling <Event state_changed[L]: entity_id=sensor.sun_next_midnight, old_state=None, new_state=<state sensor.sun_next_midnight=2025-08-06T15:37:59+00:00; device_class=timestamp, friendly_name=Sun 다음 자정 @ 2025-08-06T12:49:08.426964+09:00>>
2025-08-06 12:49:08.429 DEBUG (MainThread) [homeassistant.core] Bus:Handling <Event state_changed[L]: entity_id=sensor.sun_next_noon, old_state=None, new_state=<state sensor.sun_next_noon=2025-08-07T03:37:59+00:00; device_class=timestamp, friendly_name=Sun 다음 정오 @ 2025-08-06T12:49:08.429382+09:00>>
2025-08-06 12:49:08.431 DEBUG (MainThread) [homeassistant.core] Bus:Handling <Event state_changed[L]: entity_id=sensor.sun_next_rising, old_state=None, new_state=<state sensor.sun_next_rising=2025-08-06T20:41:22+00:00; device_class=timestamp, friendly_name=Sun 다음 해돋이 @ 2025-08-06T12:49:08.430888+09:00>>
2025-08-06 12:49:08.432 DEBUG (MainThread) [homeassistant.core] Bus:Handling <Event state_changed[L]: entity_id=sensor.sun_next_setting, old_state=None, new_state=<state sensor.sun_next_setting=2025-08-06T10:35:05+00:00; device_class=timestamp, friendly_name=Sun 다음 해넘이 @ 2025-08-06T12:49:08.432765+09:00>>
2025-08-06 12:49:08.441 DEBUG (MainThread) [homeassistant.core] Bus:Handling <Event component_loaded[L]: component=sun>
2025-08-06 12:49:08.989 INFO (MainThread) [homeassistant.setup] Setup of domain stream took 1.21 seconds
2025-08-06 12:49:08.991 DEBUG (MainThread) [homeassistant.core] Bus:Handling <Event component_loaded[L]: component=stream>
2025-08-06 12:49:09.013 INFO (MainThread) [homeassistant.setup] Setting up radio_browser
2025-08-06 12:49:09.013 INFO (MainThread) [homeassistant.setup] Setup of domain radio_browser took 0.00 seconds
2025-08-06 12:49:09.038 INFO (MainThread) [homeassistant.setup] Setting up application_credentials
2025-08-06 12:49:09.039 INFO (MainThread) [homeassistant.setup] Setup of domain application_credentials took 0.00 seconds
2025-08-06 12:49:09.039 DEBUG (MainThread) [homeassistant.core] Bus:Handling <Event component_loaded[L]: component=application_credentials>
2025-08-06 12:49:09.058 INFO (MainThread) [homeassistant.setup] Setting up tag
2025-08-06 12:49:09.060 INFO (MainThread) [homeassistant.setup] Setup of domain tag took 0.00 seconds
2025-08-06 12:49:09.060 DEBUG (MainThread) [homeassistant.core] Bus:Handling <Event component_loaded[L]: component=tag>
2025-08-06 12:49:09.071 INFO (MainThread) [homeassistant.setup] Setting up input_datetime
2025-08-06 12:49:09.073 DEBUG (MainThread) [homeassistant.core] Bus:Handling <Event service_registered[L]: domain=input_datetime, service=reload>
2025-08-06 12:49:09.075 DEBUG (MainThread) [homeassistant.core] Bus:Handling <Event service_registered[L]: domain=input_datetime, service=set_datetime>
2025-08-06 12:49:09.075 INFO (MainThread) [homeassistant.setup] Setup of domain input_datetime took 0.00 seconds
2025-08-06 12:49:09.075 DEBUG (MainThread) [homeassistant.core] Bus:Handling <Event component_loaded[L]: component=input_datetime>
2025-08-06 12:49:09.126 INFO (MainThread) [homeassistant.setup] Setting up energy
2025-08-06 12:49:09.127 DEBUG (MainThread) [homeassistant.core] Bus:Handling <Event panels_updated[L]>
2025-08-06 12:49:09.127 INFO (MainThread) [homeassistant.setup] Setup of domain energy took 0.00 seconds
2025-08-06 12:49:09.128 DEBUG (MainThread) [homeassistant.core] Bus:Handling <Event component_loaded[L]: component=energy>
2025-08-06 12:49:09.136 INFO (MainThread) [homeassistant.setup] Setting up counter
2025-08-06 12:49:09.138 DEBUG (MainThread) [homeassistant.core] Bus:Handling <Event service_registered[L]: domain=counter, service=increment>
2025-08-06 12:49:09.138 DEBUG (MainThread) [homeassistant.core] Bus:Handling <Event service_registered[L]: domain=counter, service=decrement>
2025-08-06 12:49:09.138 DEBUG (MainThread) [homeassistant.core] Bus:Handling <Event service_registered[L]: domain=counter, service=reset>
2025-08-06 12:49:09.139 DEBUG (MainThread) [homeassistant.core] Bus:Handling <Event service_registered[L]: domain=counter, service=set_value>
2025-08-06 12:49:09.139 INFO (MainThread) [homeassistant.setup] Setup of domain counter took 0.00 seconds
2025-08-06 12:49:09.139 DEBUG (MainThread) [homeassistant.core] Bus:Handling <Event component_loaded[L]: component=counter>
2025-08-06 12:49:09.312 INFO (MainThread) [homeassistant.setup] Setting up hacs
2025-08-06 12:49:09.312 INFO (MainThread) [homeassistant.setup] Setup of domain hacs took 0.00 seconds
2025-08-06 12:49:09.313 INFO (MainThread) [custom_components.hacs] 
-------------------------------------------------------------------
HACS (Home Assistant Community Store)

Version: 2.0.5
This is a custom integration
If you have any issues with this you need to open an issue here:
https://github.com/hacs/integration/issues
-------------------------------------------------------------------

2025-08-06 12:49:09.363 INFO (MainThread) [homeassistant.setup] Setting up shopping_list
2025-08-06 12:49:09.363 INFO (MainThread) [homeassistant.setup] Setup of domain shopping_list took 0.00 seconds
2025-08-06 12:49:09.364 INFO (MainThread) [homeassistant.setup] Setting up google_translate
2025-08-06 12:49:09.364 INFO (MainThread) [homeassistant.setup] Setup of domain google_translate took 0.00 seconds
2025-08-06 12:49:09.732 DEBUG (MainThread) [homeassistant.core] Bus:Handling <Event service_registered[L]: domain=shopping_list, service=add_item>
2025-08-06 12:49:09.732 DEBUG (MainThread) [homeassistant.core] Bus:Handling <Event service_registered[L]: domain=shopping_list, service=remove_item>
2025-08-06 12:49:09.733 DEBUG (MainThread) [homeassistant.core] Bus:Handling <Event service_registered[L]: domain=shopping_list, service=complete_item>
2025-08-06 12:49:09.733 DEBUG (MainThread) [homeassistant.core] Bus:Handling <Event service_registered[L]: domain=shopping_list, service=incomplete_item>
2025-08-06 12:49:09.733 DEBUG (MainThread) [homeassistant.core] Bus:Handling <Event service_registered[L]: domain=shopping_list, service=complete_all>
2025-08-06 12:49:09.733 DEBUG (MainThread) [homeassistant.core] Bus:Handling <Event service_registered[L]: domain=shopping_list, service=incomplete_all>
2025-08-06 12:49:09.733 DEBUG (MainThread) [homeassistant.core] Bus:Handling <Event service_registered[L]: domain=shopping_list, service=clear_completed_items>
2025-08-06 12:49:09.733 DEBUG (MainThread) [homeassistant.core] Bus:Handling <Event service_registered[L]: domain=shopping_list, service=sort>
2025-08-06 12:49:09.735 INFO (MainThread) [homeassistant.setup] Setting up homeassistant_alerts
2025-08-06 12:49:09.735 INFO (MainThread) [homeassistant.setup] Setup of domain homeassistant_alerts took 0.00 seconds
2025-08-06 12:49:09.736 DEBUG (MainThread) [homeassistant.core] Bus:Handling <Event component_loaded[L]: component=homeassistant_alerts>
2025-08-06 12:49:09.736 INFO (MainThread) [custom_components.hacs] <HacsData restore> Restore started
2025-08-06 12:49:09.943 INFO (MainThread) [homeassistant.setup] Setting up automation
2025-08-06 12:49:09.968 DEBUG (MainThread) [homeassistant.core] Bus:Handling <Event state_changed[L]: entity_id=automation.geosil_beoteun_1_geosil_eeokeon_togeul, old_state=None, new_state=<state automation.geosil_beoteun_1_geosil_eeokeon_togeul=on; id=1754384697297, last_triggered=2025-08-05T22:36:31.754036+09:00, mode=single, current=0, friendly_name=거실 버튼 1 -> 거실 에어컨 토글 @ 2025-08-06T12:49:09.946148+09:00>>
2025-08-06 12:49:09.969 DEBUG (MainThread) [homeassistant.core] Bus:Handling <Event service_registered[L]: domain=automation, service=trigger>
2025-08-06 12:49:09.969 DEBUG (MainThread) [homeassistant.core] Bus:Handling <Event service_registered[L]: domain=automation, service=toggle>
2025-08-06 12:49:09.969 DEBUG (MainThread) [homeassistant.core] Bus:Handling <Event service_registered[L]: domain=automation, service=turn_on>
2025-08-06 12:49:09.970 DEBUG (MainThread) [homeassistant.core] Bus:Handling <Event service_registered[L]: domain=automation, service=turn_off>
2025-08-06 12:49:09.970 DEBUG (MainThread) [homeassistant.core] Bus:Handling <Event service_registered[L]: domain=automation, service=reload>
2025-08-06 12:49:09.970 INFO (MainThread) [homeassistant.setup] Setup of domain automation took 0.03 seconds
2025-08-06 12:49:09.970 DEBUG (MainThread) [homeassistant.core] Bus:Handling <Event component_loaded[L]: component=automation>
2025-08-06 12:49:10.033 INFO (MainThread) [homeassistant.setup] Setting up hardware
2025-08-06 12:49:10.034 INFO (MainThread) [homeassistant.setup] Setting up input_text
2025-08-06 12:49:10.043 DEBUG (MainThread) [homeassistant.core] Bus:Handling <Event service_registered[L]: domain=input_text, service=reload>
2025-08-06 12:49:10.044 DEBUG (MainThread) [homeassistant.core] Bus:Handling <Event service_registered[L]: domain=input_text, service=set_value>
2025-08-06 12:49:10.045 INFO (MainThread) [homeassistant.setup] Setup of domain input_text took 0.01 seconds
2025-08-06 12:49:10.045 DEBUG (MainThread) [homeassistant.core] Bus:Handling <Event component_loaded[L]: component=input_text>
2025-08-06 12:49:10.343 INFO (MainThread) [homeassistant.setup] Setup of domain hardware took 0.31 seconds
2025-08-06 12:49:10.344 DEBUG (MainThread) [homeassistant.core] Bus:Handling <Event component_loaded[L]: component=hardware>
2025-08-06 12:49:10.659 INFO (MainThread) [custom_components.hacs] <HacsData restore> Restore done
2025-08-06 12:49:10.662 INFO (MainThread) [custom_components.hacs] Enable category: integration
2025-08-06 12:49:10.663 INFO (MainThread) [custom_components.hacs] Enable category: plugin
2025-08-06 12:49:10.663 INFO (MainThread) [custom_components.hacs] Enable category: template
2025-08-06 12:49:10.678 INFO (MainThread) [custom_components.hacs] Enable category: theme
2025-08-06 12:49:10.697 INFO (MainThread) [homeassistant.setup] Setting up go2rtc
2025-08-06 12:49:10.699 INFO (MainThread) [homeassistant.setup] Setting up my
2025-08-06 12:49:10.699 DEBUG (MainThread) [homeassistant.core] Bus:Handling <Event panels_updated[L]>
2025-08-06 12:49:10.699 INFO (MainThread) [homeassistant.setup] Setup of domain my took 0.00 seconds
2025-08-06 12:49:10.700 DEBUG (MainThread) [homeassistant.core] Bus:Handling <Event component_loaded[L]: component=my>
2025-08-06 12:49:10.700 INFO (MainThread) [homeassistant.setup] Setting up met
2025-08-06 12:49:10.701 INFO (MainThread) [homeassistant.setup] Setup of domain met took 0.00 seconds
2025-08-06 12:49:10.731 INFO (MainThread) [homeassistant.setup] Setting up mqtt
2025-08-06 12:49:10.746 DEBUG (MainThread) [homeassistant.core] Bus:Handling <Event service_registered[L]: domain=mqtt, service=publish>
2025-08-06 12:49:10.775 DEBUG (MainThread) [homeassistant.core] Bus:Handling <Event service_registered[L]: domain=mqtt, service=dump>
2025-08-06 12:49:10.776 INFO (MainThread) [homeassistant.setup] Setup of domain mqtt took 0.04 seconds
2025-08-06 12:49:10.779 INFO (MainThread) [homeassistant.setup] Setting up dlna_dms
2025-08-06 12:49:10.807 INFO (MainThread) [homeassistant.setup] Setup of domain dlna_dms took 0.03 seconds
2025-08-06 12:49:10.867 INFO (MainThread) [homeassistant.setup] Setting up schedule
2025-08-06 12:49:10.891 DEBUG (MainThread) [homeassistant.core] Bus:Handling <Event service_registered[L]: domain=schedule, service=reload>
2025-08-06 12:49:10.893 DEBUG (MainThread) [homeassistant.core] Bus:Handling <Event service_registered[L]: domain=schedule, service=get_schedule>
2025-08-06 12:49:10.893 INFO (MainThread) [homeassistant.setup] Setup of domain schedule took 0.03 seconds
2025-08-06 12:49:10.894 DEBUG (MainThread) [homeassistant.core] Bus:Handling <Event component_loaded[L]: component=schedule>
2025-08-06 12:49:10.894 DEBUG (MainThread) [homeassistant.core] Bus:Handling <Event component_loaded[L]: component=radio_browser>
2025-08-06 12:49:10.929 DEBUG (MainThread) [homeassistant.core] Bus:Handling <Event panels_updated[L]>
2025-08-06 12:49:11.746 WARNING (ImportExecutor_0) [py.warnings] /usr/local/lib/python3.13/site-packages/miio/miot_device.py:23: FutureWarning: functools.partial will be a method descriptor in future Python versions; wrap it in enum.member() if you want to preserve the old behavior
  Bool = partial(_str2bool)

2025-08-06 12:49:11.960 INFO (MainThread) [homeassistant.setup] Setup of domain go2rtc took 1.26 seconds
2025-08-06 12:49:12.036 DEBUG (MainThread) [homeassistant.core] Bus:Handling <Event component_loaded[L]: component=go2rtc>
2025-08-06 12:49:12.080 DEBUG (MainThread) [homeassistant.core] Bus:Handling <Event component_loaded[L]: component=dlna_dms>
2025-08-06 12:49:12.368 INFO (MainThread) [homeassistant.setup] Setting up xiaomi_miio
2025-08-06 12:49:12.368 INFO (MainThread) [homeassistant.setup] Setup of domain xiaomi_miio took 0.00 seconds
2025-08-06 12:49:12.523 WARNING (ImportExecutor_0) [py.warnings] /usr/local/lib/python3.13/site-packages/google/__init__.py:2: UserWarning: pkg_resources is deprecated as an API. See https://setuptools.pypa.io/en/latest/pkg_resources.html. The pkg_resources package is slated for removal as early as 2025-11-30. Refrain from using this package or pin to Setuptools<81.
  __import__('pkg_resources').declare_namespace(__name__)

2025-08-06 12:49:13.851 INFO (MainThread) [homeassistant.setup] Setting up cast
2025-08-06 12:49:13.851 INFO (MainThread) [homeassistant.setup] Setup of domain cast took 0.00 seconds
2025-08-06 12:49:13.853 DEBUG (MainThread) [homeassistant.core] Bus:Handling <Event service_registered[L]: domain=cast, service=show_lovelace_view>
2025-08-06 12:49:13.912 INFO (MainThread) [homeassistant.setup] Setting up upnp
2025-08-06 12:49:13.912 INFO (MainThread) [homeassistant.setup] Setup of domain upnp took 0.00 seconds
2025-08-06 12:49:14.333 DEBUG (MainThread) [homeassistant.core] Bus:Handling <Event device_registry_updated[L]: action=update, device_id=9bf5a689239271ebcc1c30796aaf6403, changes=identifiers={('upnp_serial_number', '12345678'), ('upnp_host', '192.168.0.1'), ('upnp', 'uuid:fc4ec57e-b051-11db-88f8-5886940afa87::urn:schemas-upnp-org:device:InternetGatewayDevice:1')}>
2025-08-06 12:49:15.455 INFO (MainThread) [homeassistant.setup] Setting up smartthings
2025-08-06 12:49:15.455 INFO (MainThread) [homeassistant.setup] Setup of domain smartthings took 0.00 seconds
2025-08-06 12:49:15.545 INFO (MainThread) [homeassistant.setup] Setting up mobile_app
2025-08-06 12:49:15.546 INFO (MainThread) [homeassistant.setup] Setting up notify
2025-08-06 12:49:15.548 DEBUG (MainThread) [homeassistant.core] Bus:Handling <Event service_registered[L]: domain=notify, service=send_message>
2025-08-06 12:49:15.548 DEBUG (MainThread) [homeassistant.core] Bus:Handling <Event service_registered[L]: domain=notify, service=persistent_notification>
2025-08-06 12:49:15.549 INFO (MainThread) [homeassistant.setup] Setup of domain notify took 0.00 seconds
2025-08-06 12:49:15.549 DEBUG (MainThread) [homeassistant.core] Bus:Handling <Event component_loaded[L]: component=notify>
2025-08-06 12:49:15.549 INFO (MainThread) [homeassistant.setup] Setup of domain mobile_app took 0.00 seconds
2025-08-06 12:49:15.550 INFO (MainThread) [homeassistant.setup] Setting up device_tracker
2025-08-06 12:49:15.562 INFO (MainThread) [homeassistant.setup] Setup of domain device_tracker took 0.01 seconds
2025-08-06 12:49:15.562 DEBUG (MainThread) [homeassistant.core] Bus:Handling <Event component_loaded[L]: component=device_tracker>
2025-08-06 12:49:15.570 INFO (MainThread) [homeassistant.components.binary_sensor] Setting up mobile_app.binary_sensor
2025-08-06 12:49:15.582 DEBUG (MainThread) [homeassistant.core] Bus:Handling <Event state_changed[L]: entity_id=binary_sensor.gimjungyoyi_iphone_focus, old_state=None, new_state=<state binary_sensor.gimjungyoyi_iphone_focus=off; icon=mdi:moon-waning-crescent, friendly_name=김준교의 iPhone Focus @ 2025-08-06T12:49:15.571701+09:00>>
2025-08-06 12:49:15.584 DEBUG (MainThread) [homeassistant.core] Bus:Handling <Event service_registered[L]: domain=device_tracker, service=see>
2025-08-06 12:49:15.585 INFO (MainThread) [homeassistant.setup] Setting up analytics
2025-08-06 12:49:15.586 INFO (MainThread) [homeassistant.setup] Setup of domain analytics took 0.00 seconds
2025-08-06 12:49:15.586 DEBUG (MainThread) [homeassistant.core] Bus:Handling <Event component_loaded[L]: component=analytics>
2025-08-06 12:49:15.611 INFO (MainThread) [homeassistant.components.device_tracker] Setting up mobile_app.device_tracker
2025-08-06 12:49:15.615 DEBUG (MainThread) [homeassistant.core] Bus:Handling <Event state_changed[L]: entity_id=device_tracker.gimjungyoyi_iphone, old_state=None, new_state=<state device_tracker.gimjungyoyi_iphone=home; source_type=gps, battery_level=75, latitude=37.50205705006861, longitude=126.95937225258767, gps_accuracy=15, altitude=80.85914412044828, vertical_accuracy=30, friendly_name=김준교의 iPhone @ 2025-08-06T12:49:15.612849+09:00>>
2025-08-06 12:49:15.622 INFO (MainThread) [homeassistant.components.sensor] Setting up mobile_app.sensor
2025-08-06 12:49:15.626 DEBUG (MainThread) [homeassistant.core] Bus:Handling <Event state_changed[L]: entity_id=sensor.gimjungyoyi_iphone_activity, old_state=None, new_state=<state sensor.gimjungyoyi_iphone_activity=Stationary; Confidence=High, Types=['Stationary'], icon=mdi:human-male, friendly_name=김준교의 iPhone Activity @ 2025-08-06T12:49:15.625728+09:00>>
2025-08-06 12:49:15.633 DEBUG (MainThread) [homeassistant.core] Bus:Handling <Event state_changed[L]: entity_id=sensor.gimjungyoyi_iphone_floors_descended, old_state=None, new_state=<state sensor.gimjungyoyi_iphone_floors_descended=0; unit_of_measurement=floors, icon=mdi:stairs-down, friendly_name=김준교의 iPhone Floors Descended @ 2025-08-06T12:49:15.627566+09:00>>
2025-08-06 12:49:15.635 DEBUG (MainThread) [homeassistant.core] Bus:Handling <Event state_changed[L]: entity_id=sensor.gimjungyoyi_iphone_floors_ascended, old_state=None, new_state=<state sensor.gimjungyoyi_iphone_floors_ascended=0; unit_of_measurement=floors, icon=mdi:stairs-up, friendly_name=김준교의 iPhone Floors Ascended @ 2025-08-06T12:49:15.635449+09:00>>
2025-08-06 12:49:15.636 DEBUG (MainThread) [homeassistant.core] Bus:Handling <Event state_changed[L]: entity_id=sensor.gimjungyoyi_iphone_distance, old_state=None, new_state=<state sensor.gimjungyoyi_iphone_distance=81; unit_of_measurement=m, icon=mdi:hiking, friendly_name=김준교의 iPhone Distance @ 2025-08-06T12:49:15.636533+09:00>>
2025-08-06 12:49:15.638 DEBUG (MainThread) [homeassistant.core] Bus:Handling <Event state_changed[L]: entity_id=sensor.gimjungyoyi_iphone_battery_level, old_state=None, new_state=<state sensor.gimjungyoyi_iphone_battery_level=75; unit_of_measurement=%, device_class=battery, icon=mdi:battery-70, friendly_name=김준교의 iPhone Battery Level @ 2025-08-06T12:49:15.637767+09:00>>
2025-08-06 12:49:15.639 DEBUG (MainThread) [homeassistant.core] Bus:Handling <Event state_changed[L]: entity_id=sensor.gimjungyoyi_iphone_steps, old_state=None, new_state=<state sensor.gimjungyoyi_iphone_steps=125; unit_of_measurement=steps, icon=mdi:walk, friendly_name=김준교의 iPhone Steps @ 2025-08-06T12:49:15.638885+09:00>>
2025-08-06 12:49:15.639 DEBUG (MainThread) [homeassistant.core] Bus:Handling <Event state_changed[L]: entity_id=sensor.gimjungyoyi_iphone_average_active_pace, old_state=None, new_state=<state sensor.gimjungyoyi_iphone_average_active_pace=2; unit_of_measurement=m/s, icon=mdi:speedometer, friendly_name=김준교의 iPhone Average Active Pace @ 2025-08-06T12:49:15.639564+09:00>>
2025-08-06 12:49:15.648 DEBUG (MainThread) [homeassistant.core] Bus:Handling <Event state_changed[L]: entity_id=sensor.gimjungyoyi_iphone_battery_state, old_state=None, new_state=<state sensor.gimjungyoyi_iphone_battery_state=Not Charging; Low Power Mode=False, icon=mdi:battery-70, friendly_name=김준교의 iPhone Battery State @ 2025-08-06T12:49:15.648217+09:00>>
2025-08-06 12:49:15.655 DEBUG (MainThread) [homeassistant.core] Bus:Handling <Event state_changed[L]: entity_id=sensor.gimjungyoyi_iphone_storage, old_state=None, new_state=<state sensor.gimjungyoyi_iphone_storage=51.58; Available=125.98GB, Available (Important)=153.38GB, Available (Opportunistic)=131.97GB, Total=255.88GB, unit_of_measurement=% available, icon=mdi:database, friendly_name=김준교의 iPhone Storage @ 2025-08-06T12:49:15.654550+09:00>>
2025-08-06 12:49:15.660 DEBUG (MainThread) [homeassistant.core] Bus:Handling <Event state_changed[L]: entity_id=sensor.gimjungyoyi_iphone_ssid, old_state=None, new_state=<state sensor.gimjungyoyi_iphone_ssid=honami; icon=mdi:wifi, friendly_name=김준교의 iPhone SSID @ 2025-08-06T12:49:15.660445+09:00>>
2025-08-06 12:49:15.664 DEBUG (MainThread) [homeassistant.core] Bus:Handling <Event state_changed[L]: entity_id=sensor.gimjungyoyi_iphone_bssid, old_state=None, new_state=<state sensor.gimjungyoyi_iphone_bssid=88:36:6c:c7:1:7e; icon=mdi:wifi-star, friendly_name=김준교의 iPhone BSSID @ 2025-08-06T12:49:15.664243+09:00>>
2025-08-06 12:49:15.665 DEBUG (MainThread) [homeassistant.core] Bus:Handling <Event state_changed[L]: entity_id=sensor.gimjungyoyi_iphone_connection_type, old_state=None, new_state=<state sensor.gimjungyoyi_iphone_connection_type=Wi-Fi; icon=mdi:wifi, friendly_name=김준교의 iPhone Connection Type @ 2025-08-06T12:49:15.665293+09:00>>
2025-08-06 12:49:15.676 DEBUG (MainThread) [homeassistant.core] Bus:Handling <Event state_changed[L]: entity_id=sensor.gimjungyoyi_iphone_sim_2, old_state=None, new_state=<state sensor.gimjungyoyi_iphone_sim_2=--; Allows VoIP=True, Carrier ID=0000000100000002, Carrier Name=--, ISO Country Code=--, Mobile Country Code=65535, Mobile Network Code=65535, icon=mdi:sim, friendly_name=김준교의 iPhone SIM 2 @ 2025-08-06T12:49:15.675567+09:00>>
2025-08-06 12:49:15.698 DEBUG (MainThread) [homeassistant.core] Bus:Handling <Event state_changed[L]: entity_id=sensor.gimjungyoyi_iphone_sim_1, old_state=None, new_state=<state sensor.gimjungyoyi_iphone_sim_1=--; Allows VoIP=True, Carrier ID=0000000100000001, Carrier Name=--, Current Radio Technology=Long-Term Evolution (LTE), ISO Country Code=--, Mobile Country Code=65535, Mobile Network Code=65535, icon=mdi:sim, friendly_name=김준교의 iPhone SIM 1 @ 2025-08-06T12:49:15.698448+09:00>>
2025-08-06 12:49:15.699 DEBUG (MainThread) [homeassistant.core] Bus:Handling <Event state_changed[L]: entity_id=sensor.gimjungyoyi_iphone_geocoded_location, old_state=None, new_state=<state sensor.gimjungyoyi_iphone_geocoded_location=대한민국
서울특별시
서울특별시
흑석동 339-5
06975; Administrative Area=서울특별시, Areas Of Interest=N/A, Country=대한민국, Inland Water=N/A, ISO Country Code=KR, Locality=서울특별시, Location=[37.50205705006861, 126.95937225258767], Name=흑석동 339-5, Ocean=N/A, Postal Code=06975, Sub Administrative Area=N/A, Sub Locality=흑석동, Sub Thoroughfare=339-5, Thoroughfare=흑석동, Time Zone=Asia/Seoul, Zones=['집'], icon=mdi:map, friendly_name=김준교의 iPhone Geocoded Location @ 2025-08-06T12:49:15.699285+09:00>>
2025-08-06 12:49:15.700 DEBUG (MainThread) [homeassistant.core] Bus:Handling <Event state_changed[L]: entity_id=sensor.gimjungyoyi_iphone_last_update_trigger, old_state=None, new_state=<state sensor.gimjungyoyi_iphone_last_update_trigger=Background Fetch; icon=mdi:cellphone-wireless, friendly_name=김준교의 iPhone Last Update Trigger @ 2025-08-06T12:49:15.699947+09:00>>
2025-08-06 12:49:15.701 DEBUG (MainThread) [homeassistant.core] Bus:Handling <Event state_changed[L]: entity_id=sensor.gimjungyoyi_iphone_app_version, old_state=None, new_state=<state sensor.gimjungyoyi_iphone_app_version=2025.7.1; icon=mdi:cellphone, friendly_name=김준교의 iPhone App Version @ 2025-08-06T12:49:15.701055+09:00>>
2025-08-06 12:49:15.701 DEBUG (MainThread) [homeassistant.core] Bus:Handling <Event state_changed[L]: entity_id=sensor.gimjungyoyi_iphone_location_permission, old_state=None, new_state=<state sensor.gimjungyoyi_iphone_location_permission=Authorized Always; icon=mdi:map, friendly_name=김준교의 iPhone Location permission @ 2025-08-06T12:49:15.701650+09:00>>
2025-08-06 12:49:15.702 DEBUG (MainThread) [homeassistant.core] Bus:Handling <Event state_changed[L]: entity_id=sensor.gimjungyoyi_iphone_audio_output, old_state=None, new_state=<state sensor.gimjungyoyi_iphone_audio_output=Built-in Speaker; icon=mdi:volume-high, friendly_name=김준교의 iPhone Audio Output @ 2025-08-06T12:49:15.702131+09:00>>
2025-08-06 12:49:15.707 INFO (MainThread) [homeassistant.components.binary_sensor] Setting up mobile_app.binary_sensor
2025-08-06 12:49:15.710 DEBUG (MainThread) [homeassistant.core] Bus:Handling <Event state_changed[L]: entity_id=binary_sensor.gimjungyoyi_ipad_focus, old_state=None, new_state=<state binary_sensor.gimjungyoyi_ipad_focus=on; icon=mdi:moon-waning-crescent, friendly_name=김준교의 iPad Focus @ 2025-08-06T12:49:15.709622+09:00>>
2025-08-06 12:49:15.715 INFO (MainThread) [homeassistant.components.device_tracker] Setting up mobile_app.device_tracker
2025-08-06 12:49:15.716 DEBUG (MainThread) [homeassistant.core] Bus:Handling <Event state_changed[L]: entity_id=device_tracker.gimjungyoyi_ipad, old_state=None, new_state=<state device_tracker.gimjungyoyi_ipad=home; source_type=gps, battery_level=10, latitude=37.50205526530521, longitude=126.95938130662636, gps_accuracy=14, altitude=63.852939416329185, vertical_accuracy=30, friendly_name=김준교의 iPad @ 2025-08-06T12:49:15.716713+09:00>>
2025-08-06 12:49:15.720 INFO (MainThread) [homeassistant.components.sensor] Setting up mobile_app.sensor
2025-08-06 12:49:15.722 DEBUG (MainThread) [homeassistant.core] Bus:Handling <Event state_changed[L]: entity_id=sensor.gimjungyoyi_ipad_activity, old_state=None, new_state=<state sensor.gimjungyoyi_ipad_activity=Stationary; Confidence=High, Types=['Stationary'], icon=mdi:human-male, friendly_name=김준교의 iPad Activity @ 2025-08-06T12:49:15.722395+09:00>>
2025-08-06 12:49:15.723 DEBUG (MainThread) [homeassistant.core] Bus:Handling <Event state_changed[L]: entity_id=sensor.gimjungyoyi_ipad_battery_level, old_state=None, new_state=<state sensor.gimjungyoyi_ipad_battery_level=10; unit_of_measurement=%, device_class=battery, icon=mdi:battery-10, friendly_name=김준교의 iPad Battery Level @ 2025-08-06T12:49:15.723137+09:00>>
2025-08-06 12:49:15.723 DEBUG (MainThread) [homeassistant.core] Bus:Handling <Event state_changed[L]: entity_id=sensor.gimjungyoyi_ipad_connection_type, old_state=None, new_state=<state sensor.gimjungyoyi_ipad_connection_type=Wi-Fi; icon=mdi:wifi, friendly_name=김준교의 iPad Connection Type @ 2025-08-06T12:49:15.723587+09:00>>
2025-08-06 12:49:15.724 DEBUG (MainThread) [homeassistant.core] Bus:Handling <Event state_changed[L]: entity_id=sensor.gimjungyoyi_ipad_storage, old_state=None, new_state=<state sensor.gimjungyoyi_ipad_storage=29.10; Available=64.03GB, Available (Important)=85.53GB, Available (Opportunistic)=74.38GB, Total=255.58GB, unit_of_measurement=% available, icon=mdi:database, friendly_name=김준교의 iPad Storage @ 2025-08-06T12:49:15.724056+09:00>>
2025-08-06 12:49:15.724 DEBUG (MainThread) [homeassistant.core] Bus:Handling <Event state_changed[L]: entity_id=sensor.gimjungyoyi_ipad_battery_state, old_state=None, new_state=<state sensor.gimjungyoyi_ipad_battery_state=Not Charging; Low Power Mode=False, icon=mdi:battery-10, friendly_name=김준교의 iPad Battery State @ 2025-08-06T12:49:15.724510+09:00>>
2025-08-06 12:49:15.725 DEBUG (MainThread) [homeassistant.core] Bus:Handling <Event state_changed[L]: entity_id=sensor.gimjungyoyi_ipad_geocoded_location, old_state=None, new_state=<state sensor.gimjungyoyi_ipad_geocoded_location=대한민국
서울특별시
서울특별시
흑석동 339-5
06975; Administrative Area=서울특별시, Areas Of Interest=N/A, Country=대한민국, Inland Water=N/A, ISO Country Code=KR, Locality=서울특별시, Location=[37.50205526530521, 126.95938130662636], Name=흑석동 339-5, Ocean=N/A, Postal Code=06975, Sub Administrative Area=N/A, Sub Locality=흑석동, Sub Thoroughfare=339-5, Thoroughfare=흑석동, Time Zone=Asia/Seoul, Zones=[], icon=mdi:map, friendly_name=김준교의 iPad Geocoded Location @ 2025-08-06T12:49:15.724949+09:00>>
2025-08-06 12:49:15.725 DEBUG (MainThread) [homeassistant.core] Bus:Handling <Event state_changed[L]: entity_id=sensor.gimjungyoyi_ipad_last_update_trigger, old_state=None, new_state=<state sensor.gimjungyoyi_ipad_last_update_trigger=Manual; icon=mdi:cellphone-wireless, friendly_name=김준교의 iPad Last Update Trigger @ 2025-08-06T12:49:15.725465+09:00>>
2025-08-06 12:49:15.734 DEBUG (MainThread) [homeassistant.core] Bus:Handling <Event state_changed[L]: entity_id=sensor.gimjungyoyi_ipad_app_version, old_state=None, new_state=<state sensor.gimjungyoyi_ipad_app_version=2025.7.1; icon=mdi:cellphone, friendly_name=김준교의 iPad App Version @ 2025-08-06T12:49:15.733905+09:00>>
2025-08-06 12:49:15.738 DEBUG (MainThread) [homeassistant.core] Bus:Handling <Event state_changed[L]: entity_id=sensor.gimjungyoyi_ipad_location_permission, old_state=None, new_state=<state sensor.gimjungyoyi_ipad_location_permission=Authorized when in use; icon=mdi:map, friendly_name=김준교의 iPad Location permission @ 2025-08-06T12:49:15.737799+09:00>>
2025-08-06 12:49:15.748 DEBUG (MainThread) [homeassistant.core] Bus:Handling <Event state_changed[L]: entity_id=sensor.gimjungyoyi_ipad_audio_output, old_state=None, new_state=<state sensor.gimjungyoyi_ipad_audio_output=Built-in Speaker; icon=mdi:volume-high, friendly_name=김준교의 iPad Audio Output @ 2025-08-06T12:49:15.747419+09:00>>
2025-08-06 12:49:15.749 DEBUG (MainThread) [homeassistant.core] Bus:Handling <Event state_changed[L]: entity_id=sensor.gimjungyoyi_ipad_ssid, old_state=None, new_state=<state sensor.gimjungyoyi_ipad_ssid=honami; icon=mdi:wifi, friendly_name=김준교의 iPad SSID @ 2025-08-06T12:49:15.749319+09:00>>
2025-08-06 12:49:15.754 DEBUG (MainThread) [homeassistant.core] Bus:Handling <Event state_changed[L]: entity_id=sensor.gimjungyoyi_ipad_bssid, old_state=None, new_state=<state sensor.gimjungyoyi_ipad_bssid=88:36:6c:c7:1:7e; icon=mdi:wifi-star, friendly_name=김준교의 iPad BSSID @ 2025-08-06T12:49:15.754709+09:00>>
2025-08-06 12:49:15.756 INFO (MainThread) [homeassistant.setup] Setting up todo
2025-08-06 12:49:15.756 DEBUG (MainThread) [homeassistant.core] Bus:Handling <Event panels_updated[L]>
2025-08-06 12:49:15.767 DEBUG (MainThread) [homeassistant.core] Bus:Handling <Event service_registered[L]: domain=todo, service=add_item>
2025-08-06 12:49:15.769 DEBUG (MainThread) [homeassistant.core] Bus:Handling <Event service_registered[L]: domain=todo, service=update_item>
2025-08-06 12:49:15.770 DEBUG (MainThread) [homeassistant.core] Bus:Handling <Event service_registered[L]: domain=todo, service=remove_item>
2025-08-06 12:49:15.773 DEBUG (MainThread) [homeassistant.core] Bus:Handling <Event service_registered[L]: domain=todo, service=get_items>
2025-08-06 12:49:15.773 DEBUG (MainThread) [homeassistant.core] Bus:Handling <Event service_registered[L]: domain=todo, service=remove_completed_items>
2025-08-06 12:49:15.773 INFO (MainThread) [homeassistant.setup] Setup of domain todo took 0.02 seconds
2025-08-06 12:49:15.786 DEBUG (MainThread) [homeassistant.core] Bus:Handling <Event component_loaded[L]: component=todo>
2025-08-06 12:49:15.811 INFO (MainThread) [homeassistant.components.sensor] Setting up energy.sensor
2025-08-06 12:49:15.826 DEBUG (MainThread) [homeassistant.core] Bus:Handling <Event component_loaded[L]: component=mobile_app>
2025-08-06 12:49:15.836 INFO (MainThread) [homeassistant.components.notify] Setting up notify.mobile_app
2025-08-06 12:49:15.850 INFO (MainThread) [homeassistant.setup] Setting up default_config
2025-08-06 12:49:15.851 INFO (MainThread) [homeassistant.setup] Setup of domain default_config took 0.00 seconds
2025-08-06 12:49:15.851 DEBUG (MainThread) [homeassistant.core] Bus:Handling <Event component_loaded[L]: component=default_config>
2025-08-06 12:49:15.871 DEBUG (MainThread) [homeassistant.core] Bus:Handling <Event service_registered[L]: domain=notify, service=mobile_app_gimjungyoyi_iphone>
2025-08-06 12:49:15.873 DEBUG (MainThread) [homeassistant.core] Bus:Handling <Event service_registered[L]: domain=notify, service=mobile_app_gimjungyoyi_ipad>
2025-08-06 12:49:15.874 DEBUG (MainThread) [homeassistant.core] Bus:Handling <Event service_registered[L]: domain=notify, service=notify>
2025-08-06 12:49:15.901 INFO (MainThread) [homeassistant.components.tts] Setting up google_translate.tts
2025-08-06 12:49:15.904 DEBUG (MainThread) [homeassistant.core] Bus:Handling <Event state_changed[L]: entity_id=tts.google_translate_en_com, old_state=None, new_state=<state tts.google_translate_en_com=unknown; friendly_name=Google Translate en com @ 2025-08-06T12:49:15.903539+09:00>>
2025-08-06 12:49:15.914 DEBUG (MainThread) [homeassistant.core] Bus:Handling <Event component_loaded[L]: component=google_translate>
2025-08-06 12:49:15.948 INFO (MainThread) [homeassistant.components.todo] Setting up shopping_list.todo
2025-08-06 12:49:15.950 DEBUG (MainThread) [homeassistant.core] Bus:Handling <Event state_changed[L]: entity_id=todo.shopping_list, old_state=None, new_state=<state todo.shopping_list=0; friendly_name=쇼핑 리스트, supported_features=15 @ 2025-08-06T12:49:15.949594+09:00>>
2025-08-06 12:49:15.971 DEBUG (MainThread) [homeassistant.core] Bus:Handling <Event component_loaded[L]: component=shopping_list>
2025-08-06 12:49:16.433 INFO (MainThread) [homeassistant.setup] Setting up switch
2025-08-06 12:49:16.434 DEBUG (MainThread) [homeassistant.core] Bus:Handling <Event service_registered[L]: domain=switch, service=turn_off>
2025-08-06 12:49:16.434 DEBUG (MainThread) [homeassistant.core] Bus:Handling <Event service_registered[L]: domain=switch, service=turn_on>
2025-08-06 12:49:16.434 DEBUG (MainThread) [homeassistant.core] Bus:Handling <Event service_registered[L]: domain=switch, service=toggle>
2025-08-06 12:49:16.434 INFO (MainThread) [homeassistant.setup] Setup of domain switch took 0.00 seconds
2025-08-06 12:49:16.435 DEBUG (MainThread) [homeassistant.core] Bus:Handling <Event component_loaded[L]: component=switch>
2025-08-06 12:49:16.437 INFO (MainThread) [homeassistant.setup] Setting up weather
2025-08-06 12:49:16.438 DEBUG (MainThread) [homeassistant.core] Bus:Handling <Event service_registered[L]: domain=weather, service=get_forecasts>
2025-08-06 12:49:16.438 INFO (MainThread) [homeassistant.setup] Setup of domain weather took 0.00 seconds
2025-08-06 12:49:16.438 DEBUG (MainThread) [homeassistant.core] Bus:Handling <Event component_loaded[L]: component=weather>
2025-08-06 12:49:16.474 INFO (MainThread) [homeassistant.components.update] Setting up hacs.update
2025-08-06 12:49:16.479 DEBUG (MainThread) [homeassistant.core] Bus:Handling <Event state_changed[L]: entity_id=update.hacs_update, old_state=None, new_state=<state update.hacs_update=off; auto_update=False, display_precision=0, installed_version=2.0.5, in_progress=False, latest_version=2.0.5, release_summary=None, release_url=https://github.com/hacs/integration/releases/2.0.5, skipped_version=None, title=None, update_percentage=None, entity_picture=https://brands.home-assistant.io/_/hacs/icon.png, friendly_name=HACS update, supported_features=23 @ 2025-08-06T12:49:16.478509+09:00>>
2025-08-06 12:49:16.480 DEBUG (MainThread) [homeassistant.core] Bus:Handling <Event state_changed[L]: entity_id=update.smartthinq_lge_sensors_update, old_state=None, new_state=<state update.smartthinq_lge_sensors_update=off; auto_update=False, display_precision=0, installed_version=v0.41.1, in_progress=False, latest_version=v0.41.1, release_summary=None, release_url=https://github.com/ollo69/ha-smartthinq-sensors/releases/v0.41.1, skipped_version=None, title=None, update_percentage=None, entity_picture=https://brands.home-assistant.io/_/smartthinq_sensors/icon.png, friendly_name=SmartThinQ LGE Sensors update, supported_features=23 @ 2025-08-06T12:49:16.480487+09:00>>
2025-08-06 12:49:16.488 INFO (MainThread) [homeassistant.components.switch] Setting up hacs.switch
2025-08-06 12:49:16.504 DEBUG (MainThread) [homeassistant.components.switch] Not adding entity Pre-release because it's disabled
2025-08-06 12:49:16.504 DEBUG (MainThread) [homeassistant.components.switch] Not adding entity Pre-release because it's disabled
2025-08-06 12:49:16.513 INFO (MainThread) [custom_components.hacs] Stage changed: setup
2025-08-06 12:49:16.514 INFO (MainThread) [custom_components.hacs] Stage changed: waiting
2025-08-06 12:49:16.514 INFO (MainThread) [custom_components.hacs] Setup complete, waiting for Home Assistant before startup tasks starts
2025-08-06 12:49:16.528 INFO (MainThread) [homeassistant.components.weather] Setting up met.weather
2025-08-06 12:49:16.547 DEBUG (MainThread) [homeassistant.core] Bus:Handling <Event state_changed[L]: entity_id=weather.forecast_jib, old_state=None, new_state=<state weather.forecast_jib=rainy; temperature=25.8, dew_point=23.6, temperature_unit=°C, humidity=88, cloud_coverage=100.0, uv_index=9.1, pressure=1002.1, pressure_unit=hPa, wind_bearing=249.9, wind_speed=14.8, wind_speed_unit=km/h, visibility_unit=km, precipitation_unit=mm, attribution=Weather forecast from met.no, delivered by the Norwegian Meteorological Institute., friendly_name=Forecast 집, supported_features=3 @ 2025-08-06T12:49:16.530759+09:00>>
2025-08-06 12:49:16.572 DEBUG (MainThread) [homeassistant.core] Bus:Handling <Event component_loaded[L]: component=hacs>
2025-08-06 12:49:16.617 DEBUG (MainThread) [homeassistant.core] Bus:Handling <Event component_loaded[L]: component=met>
2025-08-06 12:49:16.633 INFO (MainThread) [homeassistant.setup] Setting up button
2025-08-06 12:49:16.633 DEBUG (MainThread) [homeassistant.core] Bus:Handling <Event service_registered[L]: domain=button, service=press>
2025-08-06 12:49:16.634 INFO (MainThread) [homeassistant.setup] Setup of domain button took 0.00 seconds
2025-08-06 12:49:16.634 DEBUG (MainThread) [homeassistant.core] Bus:Handling <Event component_loaded[L]: component=button>
2025-08-06 12:49:16.634 INFO (MainThread) [homeassistant.setup] Setting up fan
2025-08-06 12:49:16.635 DEBUG (MainThread) [homeassistant.core] Bus:Handling <Event service_registered[L]: domain=fan, service=turn_on>
2025-08-06 12:49:16.635 DEBUG (MainThread) [homeassistant.core] Bus:Handling <Event service_registered[L]: domain=fan, service=turn_off>
2025-08-06 12:49:16.635 DEBUG (MainThread) [homeassistant.core] Bus:Handling <Event service_registered[L]: domain=fan, service=toggle>
2025-08-06 12:49:16.636 DEBUG (MainThread) [homeassistant.core] Bus:Handling <Event service_registered[L]: domain=fan, service=increase_speed>
2025-08-06 12:49:16.637 DEBUG (MainThread) [homeassistant.core] Bus:Handling <Event service_registered[L]: domain=fan, service=decrease_speed>
2025-08-06 12:49:16.638 DEBUG (MainThread) [homeassistant.core] Bus:Handling <Event service_registered[L]: domain=fan, service=oscillate>
2025-08-06 12:49:16.655 DEBUG (MainThread) [homeassistant.core] Bus:Handling <Event service_registered[L]: domain=fan, service=set_direction>
2025-08-06 12:49:16.657 DEBUG (MainThread) [homeassistant.core] Bus:Handling <Event service_registered[L]: domain=fan, service=set_percentage>
2025-08-06 12:49:16.658 DEBUG (MainThread) [homeassistant.core] Bus:Handling <Event service_registered[L]: domain=fan, service=set_preset_mode>
2025-08-06 12:49:16.658 INFO (MainThread) [homeassistant.setup] Setup of domain fan took 0.02 seconds
2025-08-06 12:49:16.659 DEBUG (MainThread) [homeassistant.core] Bus:Handling <Event component_loaded[L]: component=fan>
2025-08-06 12:49:16.660 INFO (MainThread) [homeassistant.setup] Setting up number
2025-08-06 12:49:16.661 DEBUG (MainThread) [homeassistant.core] Bus:Handling <Event service_registered[L]: domain=number, service=set_value>
2025-08-06 12:49:16.661 INFO (MainThread) [homeassistant.setup] Setup of domain number took 0.00 seconds
2025-08-06 12:49:16.661 DEBUG (MainThread) [homeassistant.core] Bus:Handling <Event component_loaded[L]: component=number>
2025-08-06 12:49:16.661 INFO (MainThread) [homeassistant.setup] Setting up select
2025-08-06 12:49:16.662 DEBUG (MainThread) [homeassistant.core] Bus:Handling <Event service_registered[L]: domain=select, service=select_first>
2025-08-06 12:49:16.662 DEBUG (MainThread) [homeassistant.core] Bus:Handling <Event service_registered[L]: domain=select, service=select_last>
2025-08-06 12:49:16.662 DEBUG (MainThread) [homeassistant.core] Bus:Handling <Event service_registered[L]: domain=select, service=select_next>
2025-08-06 12:49:16.663 DEBUG (MainThread) [homeassistant.core] Bus:Handling <Event service_registered[L]: domain=select, service=select_option>
2025-08-06 12:49:16.663 DEBUG (MainThread) [homeassistant.core] Bus:Handling <Event service_registered[L]: domain=select, service=select_previous>
2025-08-06 12:49:16.665 INFO (MainThread) [homeassistant.setup] Setup of domain select took 0.00 seconds
2025-08-06 12:49:16.665 DEBUG (MainThread) [homeassistant.core] Bus:Handling <Event component_loaded[L]: component=select>
2025-08-06 12:49:16.702 INFO (MainThread) [homeassistant.components.binary_sensor] Setting up xiaomi_miio.binary_sensor
2025-08-06 12:49:16.725 INFO (MainThread) [homeassistant.components.button] Setting up xiaomi_miio.button
2025-08-06 12:49:16.741 INFO (MainThread) [homeassistant.components.fan] Setting up xiaomi_miio.fan
2025-08-06 12:49:16.742 DEBUG (MainThread) [homeassistant.core] Bus:Handling <Event service_registered[L]: domain=xiaomi_miio, service=fan_reset_filter>
2025-08-06 12:49:16.743 DEBUG (MainThread) [homeassistant.core] Bus:Handling <Event service_registered[L]: domain=xiaomi_miio, service=fan_set_extra_features>
2025-08-06 12:49:16.745 DEBUG (MainThread) [homeassistant.core] Bus:Handling <Event state_changed[L]: entity_id=fan.zhimi_airpurifier_m1, old_state=None, new_state=<state fan.zhimi_airpurifier_m1=off; preset_modes=['Auto', 'Silent', 'Favorite', 'Idle'], preset_mode=None, extra_features=0, turbo_mode_supported=False, button_pressed=None, sleep_time=None, sleep_mode_learn_count=None, use_time=148003558, sleep_mode=None, friendly_name=공기청정기, supported_features=56 @ 2025-08-06T12:49:16.743908+09:00>>
2025-08-06 12:49:16.767 INFO (MainThread) [homeassistant.components.number] Setting up xiaomi_miio.number
2025-08-06 12:49:16.770 DEBUG (MainThread) [homeassistant.core] Bus:Handling <Event state_changed[L]: entity_id=number.zhimi_airpurifier_m1_favorite_level, old_state=None, new_state=<state number.zhimi_airpurifier_m1_favorite_level=10; min=0, max=17, step=1, mode=auto, icon=mdi:star-cog, friendly_name=공기청정기 Favorite level @ 2025-08-06T12:49:16.769225+09:00>>
2025-08-06 12:49:16.788 INFO (MainThread) [homeassistant.components.select] Setting up xiaomi_miio.select
2025-08-06 12:49:16.789 DEBUG (MainThread) [homeassistant.core] Bus:Handling <Event state_changed[L]: entity_id=select.zhimi_airpurifier_m1_led_brightness, old_state=None, new_state=<state select.zhimi_airpurifier_m1_led_brightness=bright; options=['bright', 'dim', 'off'], icon=mdi:brightness-6, friendly_name=공기청정기 Led Brightness @ 2025-08-06T12:49:16.789280+09:00>>
2025-08-06 12:49:16.796 INFO (MainThread) [homeassistant.components.sensor] Setting up xiaomi_miio.sensor
2025-08-06 12:49:16.818 DEBUG (MainThread) [homeassistant.core] Bus:Handling <Event state_changed[L]: entity_id=sensor.zhimi_airpurifier_m1_temperature, old_state=None, new_state=<state sensor.zhimi_airpurifier_m1_temperature=26.3; state_class=measurement, unit_of_measurement=°C, device_class=temperature, friendly_name=온도 @ 2025-08-06T12:49:16.798304+09:00>>
2025-08-06 12:49:16.831 DEBUG (MainThread) [homeassistant.core] Bus:Handling <Event state_changed[L]: entity_id=sensor.zhimi_airpurifier_m1_humidity, old_state=None, new_state=<state sensor.zhimi_airpurifier_m1_humidity=59; state_class=measurement, unit_of_measurement=%, device_class=humidity, friendly_name=공기청정기 습도 @ 2025-08-06T12:49:16.825535+09:00>>
2025-08-06 12:49:16.833 DEBUG (MainThread) [homeassistant.core] Bus:Handling <Event state_changed[L]: entity_id=sensor.zhimi_airpurifier_m1_motor_speed, old_state=None, new_state=<state sensor.zhimi_airpurifier_m1_motor_speed=0; state_class=measurement, unit_of_measurement=rpm, icon=mdi:fast-forward, friendly_name=공기청정기 Motor speed @ 2025-08-06T12:49:16.832864+09:00>>
2025-08-06 12:49:16.833 DEBUG (MainThread) [homeassistant.core] Bus:Handling <Event state_changed[L]: entity_id=sensor.zhimi_airpurifier_m1_pm2_5, old_state=None, new_state=<state sensor.zhimi_airpurifier_m1_pm2_5=37; state_class=measurement, unit_of_measurement=µg/m³, device_class=pm25, friendly_name=공기청정기 PM2.5 @ 2025-08-06T12:49:16.833575+09:00>>
2025-08-06 12:49:16.834 DEBUG (MainThread) [homeassistant.core] Bus:Handling <Event state_changed[L]: entity_id=sensor.zhimi_airpurifier_m1_filter_life_remaining, old_state=None, new_state=<state sensor.zhimi_airpurifier_m1_filter_life_remaining=0; state_class=measurement, unit_of_measurement=%, icon=mdi:air-filter, friendly_name=공기청정기 Filter life remaining @ 2025-08-06T12:49:16.834153+09:00>>
2025-08-06 12:49:16.846 DEBUG (MainThread) [homeassistant.core] Bus:Handling <Event state_changed[L]: entity_id=sensor.zhimi_airpurifier_m1_filter_use, old_state=None, new_state=<state sensor.zhimi_airpurifier_m1_filter_use=3500; state_class=measurement, unit_of_measurement=h, device_class=duration, icon=mdi:clock-outline, friendly_name=공기청정기 Filter use @ 2025-08-06T12:49:16.834726+09:00>>
2025-08-06 12:49:16.855 INFO (MainThread) [homeassistant.components.switch] Setting up xiaomi_miio.switch
2025-08-06 12:49:16.859 DEBUG (MainThread) [homeassistant.core] Bus:Handling <Event state_changed[L]: entity_id=switch.zhimi_airpurifier_m1_buzzer, old_state=None, new_state=<state switch.zhimi_airpurifier_m1_buzzer=off; icon=mdi:volume-high, friendly_name=공기청정기 Buzzer @ 2025-08-06T12:49:16.858531+09:00>>
2025-08-06 12:49:16.860 DEBUG (MainThread) [homeassistant.core] Bus:Handling <Event state_changed[L]: entity_id=switch.zhimi_airpurifier_m1_child_lock, old_state=None, new_state=<state switch.zhimi_airpurifier_m1_child_lock=off; icon=mdi:lock, friendly_name=공기청정기 차일드 락 @ 2025-08-06T12:49:16.860435+09:00>>
2025-08-06 12:49:16.861 DEBUG (MainThread) [homeassistant.core] Bus:Handling <Event state_changed[L]: entity_id=switch.zhimi_airpurifier_m1_led, old_state=None, new_state=<state switch.zhimi_airpurifier_m1_led=off; icon=mdi:led-outline, friendly_name=공기청정기 LED @ 2025-08-06T12:49:16.861523+09:00>>
2025-08-06 12:49:16.874 DEBUG (MainThread) [homeassistant.core] Bus:Handling <Event state_changed[L]: entity_id=switch.zhimi_airpurifier_m1_learn_mode, old_state=None, new_state=<state switch.zhimi_airpurifier_m1_learn_mode=off; icon=mdi:school-outline, friendly_name=공기청정기 Learn mode @ 2025-08-06T12:49:16.873943+09:00>>
2025-08-06 12:49:16.917 INFO (MainThread) [homeassistant.setup] Setting up media_player
2025-08-06 12:49:16.922 DEBUG (MainThread) [homeassistant.core] Bus:Handling <Event service_registered[L]: domain=media_player, service=turn_on>
2025-08-06 12:49:16.923 DEBUG (MainThread) [homeassistant.core] Bus:Handling <Event service_registered[L]: domain=media_player, service=turn_off>
2025-08-06 12:49:16.923 DEBUG (MainThread) [homeassistant.core] Bus:Handling <Event service_registered[L]: domain=media_player, service=toggle>
2025-08-06 12:49:16.923 DEBUG (MainThread) [homeassistant.core] Bus:Handling <Event service_registered[L]: domain=media_player, service=volume_up>
2025-08-06 12:49:16.933 DEBUG (MainThread) [homeassistant.core] Bus:Handling <Event service_registered[L]: domain=media_player, service=volume_down>
2025-08-06 12:49:16.934 DEBUG (MainThread) [homeassistant.core] Bus:Handling <Event service_registered[L]: domain=media_player, service=media_play_pause>
2025-08-06 12:49:16.934 DEBUG (MainThread) [homeassistant.core] Bus:Handling <Event service_registered[L]: domain=media_player, service=media_play>
2025-08-06 12:49:16.935 DEBUG (MainThread) [homeassistant.core] Bus:Handling <Event service_registered[L]: domain=media_player, service=media_pause>
2025-08-06 12:49:16.937 DEBUG (MainThread) [homeassistant.core] Bus:Handling <Event service_registered[L]: domain=media_player, service=media_stop>
2025-08-06 12:49:16.955 DEBUG (MainThread) [homeassistant.core] Bus:Handling <Event service_registered[L]: domain=media_player, service=media_next_track>
2025-08-06 12:49:16.956 DEBUG (MainThread) [homeassistant.core] Bus:Handling <Event service_registered[L]: domain=media_player, service=media_previous_track>
2025-08-06 12:49:16.956 DEBUG (MainThread) [homeassistant.core] Bus:Handling <Event service_registered[L]: domain=media_player, service=clear_playlist>
2025-08-06 12:49:16.956 DEBUG (MainThread) [homeassistant.core] Bus:Handling <Event service_registered[L]: domain=media_player, service=volume_set>
2025-08-06 12:49:16.957 DEBUG (MainThread) [homeassistant.core] Bus:Handling <Event service_registered[L]: domain=media_player, service=volume_mute>
2025-08-06 12:49:16.957 DEBUG (MainThread) [homeassistant.core] Bus:Handling <Event service_registered[L]: domain=media_player, service=media_seek>
2025-08-06 12:49:16.958 DEBUG (MainThread) [homeassistant.core] Bus:Handling <Event service_registered[L]: domain=media_player, service=join>
2025-08-06 12:49:16.960 DEBUG (MainThread) [homeassistant.core] Bus:Handling <Event service_registered[L]: domain=media_player, service=select_source>
2025-08-06 12:49:16.960 DEBUG (MainThread) [homeassistant.core] Bus:Handling <Event service_registered[L]: domain=media_player, service=select_sound_mode>
2025-08-06 12:49:16.968 DEBUG (MainThread) [homeassistant.core] Bus:Handling <Event service_registered[L]: domain=media_player, service=play_media>
2025-08-06 12:49:16.969 DEBUG (MainThread) [homeassistant.core] Bus:Handling <Event service_registered[L]: domain=media_player, service=browse_media>
2025-08-06 12:49:16.974 DEBUG (MainThread) [homeassistant.core] Bus:Handling <Event service_registered[L]: domain=media_player, service=search_media>
2025-08-06 12:49:16.975 DEBUG (MainThread) [homeassistant.core] Bus:Handling <Event service_registered[L]: domain=media_player, service=shuffle_set>
2025-08-06 12:49:16.975 DEBUG (MainThread) [homeassistant.core] Bus:Handling <Event service_registered[L]: domain=media_player, service=unjoin>
2025-08-06 12:49:16.989 DEBUG (MainThread) [homeassistant.core] Bus:Handling <Event service_registered[L]: domain=media_player, service=repeat_set>
2025-08-06 12:49:16.989 INFO (MainThread) [homeassistant.setup] Setup of domain media_player took 0.07 seconds
2025-08-06 12:49:16.992 DEBUG (MainThread) [homeassistant.core] Bus:Handling <Event component_loaded[L]: component=media_player>
2025-08-06 12:49:17.008 DEBUG (MainThread) [homeassistant.core] Bus:Handling <Event component_loaded[L]: component=xiaomi_miio>
2025-08-06 12:49:17.115 INFO (MainThread) [homeassistant.components.binary_sensor] Setting up upnp.binary_sensor
2025-08-06 12:49:17.118 DEBUG (MainThread) [homeassistant.core] Bus:Handling <Event state_changed[L]: entity_id=binary_sensor.efm_networks_iptime_ax3000m_wan_status, old_state=None, new_state=<state binary_sensor.efm_networks_iptime_ax3000m_wan_status=on; device_class=connectivity, friendly_name=EFM Networks ipTIME AX3000M WAN 상태 @ 2025-08-06T12:49:17.118024+09:00>>
2025-08-06 12:49:17.228 INFO (MainThread) [homeassistant.components.sensor] Setting up upnp.sensor
2025-08-06 12:49:17.244 DEBUG (MainThread) [homeassistant.core] Bus:Handling <Event state_changed[L]: entity_id=sensor.efm_networks_iptime_ax3000m_external_ip, old_state=None, new_state=<state sensor.efm_networks_iptime_ax3000m_external_ip=49.142.72.18; friendly_name=EFM Networks ipTIME AX3000M 외부 IP @ 2025-08-06T12:49:17.243913+09:00>>
2025-08-06 12:49:17.273 DEBUG (MainThread) [homeassistant.core] Bus:Handling <Event state_changed[L]: entity_id=sensor.efm_networks_iptime_ax3000m_download_speed, old_state=None, new_state=<state sensor.efm_networks_iptime_ax3000m_download_speed=unknown; state_class=measurement, unit_of_measurement=KiB/s, device_class=data_rate, friendly_name=EFM Networks ipTIME AX3000M 다운로드 속도 @ 2025-08-06T12:49:17.256432+09:00>>
2025-08-06 12:49:17.276 DEBUG (MainThread) [homeassistant.core] Bus:Handling <Event state_changed[L]: entity_id=sensor.efm_networks_iptime_ax3000m_upload_speed, old_state=None, new_state=<state sensor.efm_networks_iptime_ax3000m_upload_speed=unknown; state_class=measurement, unit_of_measurement=KiB/s, device_class=data_rate, friendly_name=EFM Networks ipTIME AX3000M 업로드 속도 @ 2025-08-06T12:49:17.276237+09:00>>
2025-08-06 12:49:17.289 DEBUG (MainThread) [homeassistant.core] Bus:Handling <Event component_loaded[L]: component=upnp>
2025-08-06 12:49:17.309 INFO (MainThread) [homeassistant.components.media_player] Setting up cast.media_player
2025-08-06 12:49:17.364 DEBUG (MainThread) [homeassistant.core] Bus:Handling <Event component_loaded[L]: component=cast>
2025-08-06 12:49:17.479 INFO (MainThread) [homeassistant.components.sensor] Setting up mqtt.sensor
2025-08-06 12:49:17.488 INFO (MainThread) [homeassistant.components.switch] Setting up mqtt.switch
2025-08-06 12:49:17.504 INFO (MainThread) [homeassistant.components.button] Setting up mqtt.button
2025-08-06 12:49:17.526 INFO (MainThread) [homeassistant.components.binary_sensor] Setting up mqtt.binary_sensor
2025-08-06 12:49:17.672 DEBUG (MainThread) [homeassistant.core] Bus:Handling <Event state_changed[L]: entity_id=media_player.geosil, old_state=None, new_state=<state media_player.geosil=unavailable; device_class=speaker, friendly_name=구글홈, supported_features=131968 @ 2025-08-06T12:49:17.656754+09:00>>
2025-08-06 12:49:17.673 INFO (MainThread) [homeassistant.components.select] Setting up mqtt.select
2025-08-06 12:49:17.683 DEBUG (MainThread) [homeassistant.core] Bus:Handling <Event entity_registry_updated[L]: action=update, entity_id=media_player.geosil, changes=supported_features=131968>
2025-08-06 12:49:17.684 DEBUG (MainThread) [homeassistant.core] Bus:Handling <Event state_changed[L]: entity_id=media_player.geosil, old_state=<state media_player.geosil=unavailable; device_class=speaker, friendly_name=구글홈, supported_features=131968 @ 2025-08-06T12:49:17.656754+09:00>, new_state=<state media_player.geosil=unavailable; device_class=speaker, friendly_name=구글홈, supported_features=152449 @ 2025-08-06T12:49:17.656754+09:00>>
2025-08-06 12:49:17.689 DEBUG (MainThread) [homeassistant.core] Bus:Handling <Event state_reported[L]: entity_id=media_player.geosil, old_last_reported=2025-08-06T12:49:17.683852+09:00, new_state=<state media_player.geosil=unavailable; device_class=speaker, friendly_name=구글홈, supported_features=152449 @ 2025-08-06T12:49:17.656754+09:00>>
2025-08-06 12:49:17.694 DEBUG (MainThread) [homeassistant.core] Bus:Handling <Event service_registered[L]: domain=mqtt, service=reload>
2025-08-06 12:49:17.703 DEBUG (MainThread) [homeassistant.core] Bus:Handling <Event component_loaded[L]: component=mqtt>
2025-08-06 12:49:17.807 DEBUG (MainThread) [homeassistant.core] Bus:Handling <Event state_changed[L]: entity_id=media_player.geosil, old_state=<state media_player.geosil=unavailable; device_class=speaker, friendly_name=구글홈, supported_features=152449 @ 2025-08-06T12:49:17.656754+09:00>, new_state=<state media_player.geosil=off; device_class=speaker, friendly_name=구글홈, supported_features=152449 @ 2025-08-06T12:49:17.807230+09:00>>
2025-08-06 12:49:17.828 DEBUG (MainThread) [homeassistant.core] Bus:Handling <Event entity_registry_updated[L]: action=update, entity_id=media_player.geosil, changes=supported_features=152449>
2025-08-06 12:49:17.830 DEBUG (MainThread) [homeassistant.core] Bus:Handling <Event state_changed[L]: entity_id=media_player.geosil, old_state=<state media_player.geosil=off; device_class=speaker, friendly_name=구글홈, supported_features=152449 @ 2025-08-06T12:49:17.807230+09:00>, new_state=<state media_player.geosil=off; device_class=speaker, friendly_name=구글홈, supported_features=152461 @ 2025-08-06T12:49:17.807230+09:00>>
2025-08-06 12:49:17.831 DEBUG (MainThread) [homeassistant.core] Bus:Handling <Event state_reported[L]: entity_id=media_player.geosil, old_last_reported=2025-08-06T12:49:17.830156+09:00, new_state=<state media_player.geosil=off; device_class=speaker, friendly_name=구글홈, supported_features=152461 @ 2025-08-06T12:49:17.807230+09:00>>
2025-08-06 12:49:17.992 INFO (MainThread) [homeassistant.setup] Setting up tasmota
2025-08-06 12:49:17.993 INFO (MainThread) [homeassistant.setup] Setup of domain tasmota took 0.00 seconds
2025-08-06 12:49:18.048 INFO (MainThread) [homeassistant.setup] Setting up cover
2025-08-06 12:49:18.049 DEBUG (MainThread) [homeassistant.core] Bus:Handling <Event service_registered[L]: domain=cover, service=open_cover>
2025-08-06 12:49:18.050 DEBUG (MainThread) [homeassistant.core] Bus:Handling <Event service_registered[L]: domain=cover, service=close_cover>
2025-08-06 12:49:18.051 DEBUG (MainThread) [homeassistant.core] Bus:Handling <Event service_registered[L]: domain=cover, service=set_cover_position>
2025-08-06 12:49:18.056 DEBUG (MainThread) [homeassistant.core] Bus:Handling <Event service_registered[L]: domain=cover, service=stop_cover>
2025-08-06 12:49:18.057 DEBUG (MainThread) [homeassistant.core] Bus:Handling <Event service_registered[L]: domain=cover, service=toggle>
2025-08-06 12:49:18.057 DEBUG (MainThread) [homeassistant.core] Bus:Handling <Event service_registered[L]: domain=cover, service=open_cover_tilt>
2025-08-06 12:49:18.057 DEBUG (MainThread) [homeassistant.core] Bus:Handling <Event service_registered[L]: domain=cover, service=close_cover_tilt>
2025-08-06 12:49:18.058 DEBUG (MainThread) [homeassistant.core] Bus:Handling <Event service_registered[L]: domain=cover, service=stop_cover_tilt>
2025-08-06 12:49:18.059 DEBUG (MainThread) [homeassistant.core] Bus:Handling <Event service_registered[L]: domain=cover, service=set_cover_tilt_position>
2025-08-06 12:49:18.060 DEBUG (MainThread) [homeassistant.core] Bus:Handling <Event service_registered[L]: domain=cover, service=toggle_cover_tilt>
2025-08-06 12:49:18.060 INFO (MainThread) [homeassistant.setup] Setup of domain cover took 0.01 seconds
2025-08-06 12:49:18.064 DEBUG (MainThread) [homeassistant.core] Bus:Handling <Event component_loaded[L]: component=cover>
2025-08-06 12:49:18.071 INFO (MainThread) [homeassistant.setup] Setting up light
2025-08-06 12:49:18.099 DEBUG (MainThread) [homeassistant.core] Bus:Handling <Event service_registered[L]: domain=light, service=turn_on>
2025-08-06 12:49:18.100 DEBUG (MainThread) [homeassistant.core] Bus:Handling <Event service_registered[L]: domain=light, service=turn_off>
2025-08-06 12:49:18.101 DEBUG (MainThread) [homeassistant.core] Bus:Handling <Event service_registered[L]: domain=light, service=toggle>
2025-08-06 12:49:18.101 INFO (MainThread) [homeassistant.setup] Setup of domain light took 0.03 seconds
2025-08-06 12:49:18.102 DEBUG (MainThread) [homeassistant.core] Bus:Handling <Event component_loaded[L]: component=light>
2025-08-06 12:49:18.114 INFO (MainThread) [homeassistant.components.binary_sensor] Setting up tasmota.binary_sensor
2025-08-06 12:49:18.167 INFO (MainThread) [homeassistant.components.cover] Setting up tasmota.cover
2025-08-06 12:49:18.171 INFO (MainThread) [homeassistant.components.fan] Setting up tasmota.fan
2025-08-06 12:49:18.186 INFO (MainThread) [homeassistant.components.light] Setting up tasmota.light
2025-08-06 12:49:18.187 INFO (MainThread) [homeassistant.components.sensor] Setting up tasmota.sensor
2025-08-06 12:49:18.188 INFO (MainThread) [homeassistant.components.switch] Setting up tasmota.switch
2025-08-06 12:49:18.194 DEBUG (MainThread) [homeassistant.core] Bus:Handling <Event component_loaded[L]: component=tasmota>
2025-08-06 12:49:18.332 INFO (MainThread) [homeassistant.setup] Setting up climate
2025-08-06 12:49:18.333 DEBUG (MainThread) [homeassistant.core] Bus:Handling <Event service_registered[L]: domain=climate, service=turn_on>
2025-08-06 12:49:18.333 DEBUG (MainThread) [homeassistant.core] Bus:Handling <Event service_registered[L]: domain=climate, service=turn_off>
2025-08-06 12:49:18.333 DEBUG (MainThread) [homeassistant.core] Bus:Handling <Event service_registered[L]: domain=climate, service=toggle>
2025-08-06 12:49:18.334 DEBUG (MainThread) [homeassistant.core] Bus:Handling <Event service_registered[L]: domain=climate, service=set_hvac_mode>
2025-08-06 12:49:18.335 DEBUG (MainThread) [homeassistant.core] Bus:Handling <Event service_registered[L]: domain=climate, service=set_preset_mode>
2025-08-06 12:49:18.337 DEBUG (MainThread) [homeassistant.core] Bus:Handling <Event service_registered[L]: domain=climate, service=set_temperature>
2025-08-06 12:49:18.368 DEBUG (MainThread) [homeassistant.core] Bus:Handling <Event service_registered[L]: domain=climate, service=set_humidity>
2025-08-06 12:49:18.370 DEBUG (MainThread) [homeassistant.core] Bus:Handling <Event service_registered[L]: domain=climate, service=set_fan_mode>
2025-08-06 12:49:18.371 DEBUG (MainThread) [homeassistant.core] Bus:Handling <Event service_registered[L]: domain=climate, service=set_swing_mode>
2025-08-06 12:49:18.372 DEBUG (MainThread) [homeassistant.core] Bus:Handling <Event service_registered[L]: domain=climate, service=set_swing_horizontal_mode>
2025-08-06 12:49:18.373 INFO (MainThread) [homeassistant.setup] Setup of domain climate took 0.04 seconds
2025-08-06 12:49:18.378 DEBUG (MainThread) [homeassistant.core] Bus:Handling <Event component_loaded[L]: component=climate>
2025-08-06 12:49:18.380 INFO (MainThread) [homeassistant.setup] Setting up lock
2025-08-06 12:49:18.380 DEBUG (MainThread) [homeassistant.core] Bus:Handling <Event service_registered[L]: domain=lock, service=unlock>
2025-08-06 12:49:18.381 DEBUG (MainThread) [homeassistant.core] Bus:Handling <Event service_registered[L]: domain=lock, service=lock>
2025-08-06 12:49:18.381 DEBUG (MainThread) [homeassistant.core] Bus:Handling <Event service_registered[L]: domain=lock, service=open>
2025-08-06 12:49:18.381 INFO (MainThread) [homeassistant.setup] Setup of domain lock took 0.00 seconds
2025-08-06 12:49:18.381 DEBUG (MainThread) [homeassistant.core] Bus:Handling <Event component_loaded[L]: component=lock>
2025-08-06 12:49:18.383 INFO (MainThread) [homeassistant.setup] Setting up valve
2025-08-06 12:49:18.396 DEBUG (MainThread) [homeassistant.core] Bus:Handling <Event service_registered[L]: domain=valve, service=open_valve>
2025-08-06 12:49:18.401 DEBUG (MainThread) [homeassistant.core] Bus:Handling <Event service_registered[L]: domain=valve, service=close_valve>
2025-08-06 12:49:18.402 DEBUG (MainThread) [homeassistant.core] Bus:Handling <Event service_registered[L]: domain=valve, service=set_valve_position>
2025-08-06 12:49:18.402 DEBUG (MainThread) [homeassistant.core] Bus:Handling <Event service_registered[L]: domain=valve, service=stop_valve>
2025-08-06 12:49:18.402 DEBUG (MainThread) [homeassistant.core] Bus:Handling <Event service_registered[L]: domain=valve, service=toggle>
2025-08-06 12:49:18.448 INFO (MainThread) [homeassistant.setup] Setup of domain valve took 0.06 seconds
2025-08-06 12:49:18.448 DEBUG (MainThread) [homeassistant.core] Bus:Handling <Event component_loaded[L]: component=valve>
2025-08-06 12:49:18.449 INFO (MainThread) [homeassistant.setup] Setting up water_heater
2025-08-06 12:49:18.449 DEBUG (MainThread) [homeassistant.core] Bus:Handling <Event service_registered[L]: domain=water_heater, service=turn_on>
2025-08-06 12:49:18.449 DEBUG (MainThread) [homeassistant.core] Bus:Handling <Event service_registered[L]: domain=water_heater, service=turn_off>
2025-08-06 12:49:18.452 DEBUG (MainThread) [homeassistant.core] Bus:Handling <Event service_registered[L]: domain=water_heater, service=set_away_mode>
2025-08-06 12:49:18.452 DEBUG (MainThread) [homeassistant.core] Bus:Handling <Event service_registered[L]: domain=water_heater, service=set_temperature>
2025-08-06 12:49:18.453 DEBUG (MainThread) [homeassistant.core] Bus:Handling <Event service_registered[L]: domain=water_heater, service=set_operation_mode>
2025-08-06 12:49:18.453 INFO (MainThread) [homeassistant.setup] Setup of domain water_heater took 0.00 seconds
2025-08-06 12:49:18.453 DEBUG (MainThread) [homeassistant.core] Bus:Handling <Event component_loaded[L]: component=water_heater>
2025-08-06 12:49:18.462 INFO (MainThread) [homeassistant.components.binary_sensor] Setting up smartthings.binary_sensor
2025-08-06 12:49:18.467 DEBUG (MainThread) [homeassistant.core] Bus:Handling <Event state_changed[L]: entity_id=binary_sensor.naengjanggo_fridge_door, old_state=None, new_state=<state binary_sensor.naengjanggo_fridge_door=off; device_class=door, friendly_name=냉장고 Fridge door @ 2025-08-06T12:49:18.466535+09:00>>
2025-08-06 12:49:18.468 DEBUG (MainThread) [homeassistant.core] Bus:Handling <Event state_changed[L]: entity_id=binary_sensor.naengjanggo_freezer_door, old_state=None, new_state=<state binary_sensor.naengjanggo_freezer_door=off; device_class=door, friendly_name=냉장고 Freezer door @ 2025-08-06T12:49:18.468291+09:00>>
2025-08-06 12:49:18.475 DEBUG (MainThread) [homeassistant.core] Bus:Handling <Event state_changed[L]: entity_id=binary_sensor.naengjanggo_coolselect_door, old_state=None, new_state=<state binary_sensor.naengjanggo_coolselect_door=off; device_class=door, friendly_name=냉장고 CoolSelect+ door @ 2025-08-06T12:49:18.475715+09:00>>
2025-08-06 12:49:18.483 INFO (MainThread) [homeassistant.components.button] Setting up smartthings.button
2025-08-06 12:49:18.506 INFO (MainThread) [homeassistant.components.climate] Setting up smartthings.climate
2025-08-06 12:49:18.529 DEBUG (MainThread) [homeassistant.core] Bus:Handling <Event state_changed[L]: entity_id=climate.geosil_eeokeon, old_state=None, new_state=<state climate.geosil_eeokeon=cool; hvac_modes=[<HVACMode.OFF: 'off'>, <HVACMode.COOL: 'cool'>, <HVACMode.DRY: 'dry'>, <HVACMode.FAN_ONLY: 'fan_only'>], min_temp=7, max_temp=35, fan_modes=['auto', '1', '2', '3', '4', '5'], preset_modes=['windFree'], swing_modes=['off', 'horizontal'], current_temperature=22, temperature=18, fan_mode=5, preset_mode=None, swing_mode=horizontal, drlc_status_duration=0, drlc_status_start=1970-01-01T00:00:00Z, drlc_status_override=False, drlc_status_level=0, friendly_name=거실 에어컨, supported_features=441 @ 2025-08-06T12:49:18.526759+09:00>>
2025-08-06 12:49:18.531 INFO (MainThread) [homeassistant.components.cover] Setting up smartthings.cover
2025-08-06 12:49:18.533 INFO (MainThread) [homeassistant.components.event] Setting up smartthings.event
2025-08-06 12:49:18.534 INFO (MainThread) [homeassistant.components.fan] Setting up smartthings.fan
2025-08-06 12:49:18.539 INFO (MainThread) [homeassistant.components.light] Setting up smartthings.light
2025-08-06 12:49:18.541 INFO (MainThread) [homeassistant.components.lock] Setting up smartthings.lock
2025-08-06 12:49:18.541 INFO (MainThread) [homeassistant.components.media_player] Setting up smartthings.media_player
2025-08-06 12:49:18.542 INFO (MainThread) [homeassistant.components.number] Setting up smartthings.number
2025-08-06 12:49:18.543 DEBUG (MainThread) [homeassistant.core] Bus:Handling <Event state_changed[L]: entity_id=number.naengjanggo_fridge_temperature, old_state=None, new_state=<state number.naengjanggo_fridge_temperature=3; min=0, max=5, step=1, mode=auto, unit_of_measurement=°C, device_class=temperature, friendly_name=냉장고 Fridge temperature @ 2025-08-06T12:49:18.542898+09:00>>
2025-08-06 12:49:18.546 DEBUG (MainThread) [homeassistant.core] Bus:Handling <Event state_changed[L]: entity_id=number.naengjanggo_freezer_temperature, old_state=None, new_state=<state number.naengjanggo_freezer_temperature=-20; min=-23, max=-17, step=1, mode=auto, unit_of_measurement=°C, device_class=temperature, friendly_name=냉장고 Freezer temperature @ 2025-08-06T12:49:18.546603+09:00>>
2025-08-06 12:49:18.555 INFO (MainThread) [homeassistant.components.scene] Setting up smartthings.scene
2025-08-06 12:49:18.564 INFO (MainThread) [homeassistant.components.select] Setting up smartthings.select
2025-08-06 12:49:18.572 INFO (MainThread) [homeassistant.components.sensor] Setting up smartthings.sensor
2025-08-06 12:49:18.582 DEBUG (MainThread) [homeassistant.core] Bus:Handling <Event state_changed[L]: entity_id=sensor.geosil_eeokeon_volume, old_state=None, new_state=<state sensor.geosil_eeokeon_volume=100; unit_of_measurement=%, friendly_name=거실 에어컨 Volume @ 2025-08-06T12:49:18.582300+09:00>>
2025-08-06 12:49:18.595 DEBUG (MainThread) [homeassistant.core] Bus:Handling <Event state_changed[L]: entity_id=sensor.geosil_eeokeon_energy, old_state=None, new_state=<state sensor.geosil_eeokeon_energy=159.662; state_class=total_increasing, unit_of_measurement=kWh, device_class=energy, friendly_name=거실 에어컨 에너지 @ 2025-08-06T12:49:18.586588+09:00>>
2025-08-06 12:49:18.614 DEBUG (MainThread) [homeassistant.core] Bus:Handling <Event state_changed[L]: entity_id=sensor.geosil_eeokeon_power, old_state=None, new_state=<state sensor.geosil_eeokeon_power=732.0; state_class=measurement, power_consumption_start=2025-08-06T03:24:45Z, power_consumption_end=2025-08-06T03:36:15Z, unit_of_measurement=W, device_class=power, friendly_name=거실 에어컨 전원 @ 2025-08-06T12:49:18.608908+09:00>>
2025-08-06 12:49:18.620 DEBUG (MainThread) [homeassistant.core] Bus:Handling <Event state_changed[L]: entity_id=sensor.geosil_eeokeon_energy_difference, old_state=None, new_state=<state sensor.geosil_eeokeon_energy_difference=0.147; state_class=total, unit_of_measurement=kWh, device_class=energy, friendly_name=거실 에어컨 Energy difference @ 2025-08-06T12:49:18.619904+09:00>>
2025-08-06 12:49:18.622 DEBUG (MainThread) [homeassistant.core] Bus:Handling <Event state_changed[L]: entity_id=sensor.geosil_eeokeon_power_energy, old_state=None, new_state=<state sensor.geosil_eeokeon_power_energy=0.137115947236617; state_class=total, unit_of_measurement=kWh, device_class=energy, friendly_name=거실 에어컨 전력 에너지 @ 2025-08-06T12:49:18.622462+09:00>>
2025-08-06 12:49:18.624 DEBUG (MainThread) [homeassistant.core] Bus:Handling <Event state_changed[L]: entity_id=sensor.geosil_eeokeon_energy_saved, old_state=None, new_state=<state sensor.geosil_eeokeon_energy_saved=0.0; state_class=total_increasing, unit_of_measurement=kWh, device_class=energy, friendly_name=거실 에어컨 Energy saved @ 2025-08-06T12:49:18.624216+09:00>>
2025-08-06 12:49:18.625 DEBUG (MainThread) [homeassistant.core] Bus:Handling <Event state_changed[L]: entity_id=sensor.geosil_eeokeon_humidity, old_state=None, new_state=<state sensor.geosil_eeokeon_humidity=62; state_class=measurement, unit_of_measurement=%, device_class=humidity, friendly_name=거실 에어컨 습도 @ 2025-08-06T12:49:18.625146+09:00>>
2025-08-06 12:49:18.626 DEBUG (MainThread) [homeassistant.core] Bus:Handling <Event state_changed[L]: entity_id=sensor.geosil_eeokeon_temperature, old_state=None, new_state=<state sensor.geosil_eeokeon_temperature=22; state_class=measurement, unit_of_measurement=°C, device_class=temperature, friendly_name=거실 에어컨 온도 @ 2025-08-06T12:49:18.625891+09:00>>
2025-08-06 12:49:18.626 DEBUG (MainThread) [homeassistant.core] Bus:Handling <Event state_changed[L]: entity_id=sensor.naengjanggo_energy, old_state=None, new_state=<state sensor.naengjanggo_energy=2997.872; state_class=total_increasing, unit_of_measurement=kWh, device_class=energy, friendly_name=냉장고 에너지 @ 2025-08-06T12:49:18.626564+09:00>>
2025-08-06 12:49:18.635 DEBUG (MainThread) [homeassistant.core] Bus:Handling <Event state_changed[L]: entity_id=sensor.naengjanggo_power, old_state=None, new_state=<state sensor.naengjanggo_power=664; state_class=measurement, power_consumption_start=2025-08-06T03:38:01Z, power_consumption_end=2025-08-06T03:48:25Z, unit_of_measurement=W, device_class=power, friendly_name=냉장고 전원 @ 2025-08-06T12:49:18.635361+09:00>>
2025-08-06 12:49:18.636 DEBUG (MainThread) [homeassistant.core] Bus:Handling <Event state_changed[L]: entity_id=sensor.naengjanggo_energy_difference, old_state=None, new_state=<state sensor.naengjanggo_energy_difference=0.0; state_class=total, unit_of_measurement=kWh, device_class=energy, friendly_name=냉장고 Energy difference @ 2025-08-06T12:49:18.636260+09:00>>
2025-08-06 12:49:18.641 DEBUG (MainThread) [homeassistant.core] Bus:Handling <Event state_changed[L]: entity_id=sensor.naengjanggo_power_energy, old_state=None, new_state=<state sensor.naengjanggo_power_energy=0.115161946662797; state_class=total, unit_of_measurement=kWh, device_class=energy, friendly_name=냉장고 전력 에너지 @ 2025-08-06T12:49:18.640244+09:00>>
2025-08-06 12:49:18.642 DEBUG (MainThread) [homeassistant.core] Bus:Handling <Event state_changed[L]: entity_id=sensor.naengjanggo_energy_saved, old_state=None, new_state=<state sensor.naengjanggo_energy_saved=0.0; state_class=total_increasing, unit_of_measurement=kWh, device_class=energy, friendly_name=냉장고 Energy saved @ 2025-08-06T12:49:18.642109+09:00>>
2025-08-06 12:49:18.642 DEBUG (MainThread) [homeassistant.core] Bus:Handling <Event state_changed[L]: entity_id=sensor.naengjanggo_fridge_temperature, old_state=None, new_state=<state sensor.naengjanggo_fridge_temperature=3; state_class=measurement, unit_of_measurement=°C, device_class=temperature, friendly_name=냉장고 Fridge temperature @ 2025-08-06T12:49:18.642666+09:00>>
2025-08-06 12:49:18.645 DEBUG (MainThread) [homeassistant.core] Bus:Handling <Event state_changed[L]: entity_id=sensor.naengjanggo_freezer_temperature, old_state=None, new_state=<state sensor.naengjanggo_freezer_temperature=-20; state_class=measurement, unit_of_measurement=°C, device_class=temperature, friendly_name=냉장고 Freezer temperature @ 2025-08-06T12:49:18.645159+09:00>>
2025-08-06 12:49:18.652 INFO (MainThread) [homeassistant.components.switch] Setting up smartthings.switch
2025-08-06 12:49:18.655 DEBUG (MainThread) [homeassistant.core] Bus:Handling <Event state_changed[L]: entity_id=switch.naengjanggo_power_cool, old_state=None, new_state=<state switch.naengjanggo_power_cool=off; friendly_name=냉장고 Power cool @ 2025-08-06T12:49:18.655408+09:00>>
2025-08-06 12:49:18.657 DEBUG (MainThread) [homeassistant.core] Bus:Handling <Event state_changed[L]: entity_id=switch.naengjanggo_power_freeze, old_state=None, new_state=<state switch.naengjanggo_power_freeze=off; friendly_name=냉장고 Power freeze @ 2025-08-06T12:49:18.656741+09:00>>
2025-08-06 12:49:18.660 INFO (MainThread) [homeassistant.components.update] Setting up smartthings.update
2025-08-06 12:49:18.666 INFO (MainThread) [homeassistant.components.valve] Setting up smartthings.valve
2025-08-06 12:49:18.669 INFO (MainThread) [homeassistant.components.water_heater] Setting up smartthings.water_heater
2025-08-06 12:49:18.673 DEBUG (MainThread) [homeassistant.core] Bus:Handling <Event component_loaded[L]: component=smartthings>
2025-08-06 12:49:18.682 INFO (MainThread) [homeassistant.bootstrap] Home Assistant initialized in 19.20s
2025-08-06 12:49:18.683 INFO (MainThread) [homeassistant.core] Starting Home Assistant
2025-08-06 12:49:18.683 DEBUG (MainThread) [homeassistant.core] Bus:Handling <Event core_config_updated[L]>
2025-08-06 12:49:18.683 DEBUG (MainThread) [homeassistant.core] Bus:Handling <Event homeassistant_start[L]>
2025-08-06 12:49:18.684 DEBUG (MainThread) [homeassistant.core] Bus:Handling <Event state_changed[L]: entity_id=media_player.geosil_2, old_state=None, new_state=<state media_player.geosil_2=unavailable; restored=True, friendly_name=크롬캐스트, supported_features=131968 @ 2025-08-06T12:49:18.683995+09:00>>
2025-08-06 12:49:18.684 DEBUG (MainThread) [homeassistant.core] Bus:Handling <Event state_changed[L]: entity_id=binary_sensor.zigbee2mqtt_bridge_connection_state, old_state=None, new_state=<state binary_sensor.zigbee2mqtt_bridge_connection_state=unavailable; restored=True, device_class=connectivity, friendly_name=Connection state, supported_features=0 @ 2025-08-06T12:49:18.684306+09:00>>
2025-08-06 12:49:18.684 DEBUG (MainThread) [homeassistant.core] Bus:Handling <Event state_changed[L]: entity_id=button.zigbee2mqtt_bridge_restart, old_state=None, new_state=<state button.zigbee2mqtt_bridge_restart=unavailable; restored=True, device_class=restart, friendly_name=Restart, supported_features=0 @ 2025-08-06T12:49:18.684536+09:00>>
2025-08-06 12:49:18.685 DEBUG (MainThread) [homeassistant.core] Bus:Handling <Event state_changed[L]: entity_id=select.zigbee2mqtt_bridge_log_level, old_state=None, new_state=<state select.zigbee2mqtt_bridge_log_level=unavailable; restored=True, options=['error', 'warning', 'info', 'debug'], friendly_name=Log level, supported_features=0 @ 2025-08-06T12:49:18.684746+09:00>>
2025-08-06 12:49:18.685 DEBUG (MainThread) [homeassistant.core] Bus:Handling <Event state_changed[L]: entity_id=sensor.zigbee2mqtt_bridge_version, old_state=None, new_state=<state sensor.zigbee2mqtt_bridge_version=unavailable; restored=True, icon=mdi:zigbee, friendly_name=Version, supported_features=0 @ 2025-08-06T12:49:18.685135+09:00>>
2025-08-06 12:49:18.685 DEBUG (MainThread) [homeassistant.core] Bus:Handling <Event state_changed[L]: entity_id=switch.zigbee2mqtt_bridge_permit_join, old_state=None, new_state=<state switch.zigbee2mqtt_bridge_permit_join=unavailable; restored=True, icon=mdi:human-greeting-proximity, friendly_name=Permit join, supported_features=0 @ 2025-08-06T12:49:18.685330+09:00>>
2025-08-06 12:49:18.685 DEBUG (MainThread) [homeassistant.core] Bus:Handling <Event state_changed[L]: entity_id=sensor.geosil_beoteun1_battery, old_state=None, new_state=<state sensor.geosil_beoteun1_battery=unavailable; restored=True, state_class=measurement, device_class=battery, friendly_name=배터리, supported_features=0, unit_of_measurement=% @ 2025-08-06T12:49:18.685530+09:00>>
2025-08-06 12:49:18.685 DEBUG (MainThread) [homeassistant.core] Bus:Handling <Event state_changed[L]: entity_id=select.geosil_beoteun1_operation_mode, old_state=None, new_state=<state select.geosil_beoteun1_operation_mode=unavailable; restored=True, options=['command', 'event'], icon=mdi:tune, friendly_name=Operation mode, supported_features=0 @ 2025-08-06T12:49:18.685765+09:00>>
2025-08-06 12:49:18.686 DEBUG (MainThread) [homeassistant.core] Bus:Handling <Event state_changed[L]: entity_id=sensor.0xa4c13857052a9c52_battery, old_state=None, new_state=<state sensor.0xa4c13857052a9c52_battery=unavailable; restored=True, state_class=measurement, device_class=battery, friendly_name=배터리, supported_features=0, unit_of_measurement=% @ 2025-08-06T12:49:18.686041+09:00>>
2025-08-06 12:49:18.686 DEBUG (MainThread) [homeassistant.core] Bus:Handling <Event state_changed[L]: entity_id=sensor.0xa4c13857052a9c52_temperature, old_state=None, new_state=<state sensor.0xa4c13857052a9c52_temperature=unavailable; restored=True, state_class=measurement, device_class=temperature, friendly_name=온도, supported_features=0, unit_of_measurement=°C @ 2025-08-06T12:49:18.686286+09:00>>
2025-08-06 12:49:18.686 DEBUG (MainThread) [homeassistant.core] Bus:Handling <Event state_changed[L]: entity_id=sensor.0xa4c13857052a9c52_humidity, old_state=None, new_state=<state sensor.0xa4c13857052a9c52_humidity=unavailable; restored=True, state_class=measurement, device_class=humidity, friendly_name=습도, supported_features=0, unit_of_measurement=% @ 2025-08-06T12:49:18.686509+09:00>>
2025-08-06 12:49:18.686 DEBUG (MainThread) [homeassistant.core] Bus:Handling <Event state_changed[L]: entity_id=sensor.0xa4c13857052a9c52_voltage, old_state=None, new_state=<state sensor.0xa4c13857052a9c52_voltage=unavailable; restored=True, state_class=measurement, device_class=voltage, friendly_name=전압, supported_features=0, unit_of_measurement=mV @ 2025-08-06T12:49:18.686709+09:00>>
2025-08-06 12:49:18.687 DEBUG (MainThread) [homeassistant.core] Bus:Handling <Event state_changed[L]: entity_id=sensor.tasmota_last_restart_time, old_state=None, new_state=<state sensor.tasmota_last_restart_time=unavailable; restored=True, device_class=timestamp, friendly_name=Last Restart Time, supported_features=0 @ 2025-08-06T12:49:18.686962+09:00>>
2025-08-06 12:49:18.687 DEBUG (MainThread) [homeassistant.core] Bus:Handling <Event state_changed[L]: entity_id=sensor.tasmota_wifi_connect_count, old_state=None, new_state=<state sensor.tasmota_wifi_connect_count=unavailable; restored=True, icon=mdi:counter, friendly_name=WiFi Connect Count, supported_features=0 @ 2025-08-06T12:49:18.687178+09:00>>
2025-08-06 12:49:18.687 DEBUG (MainThread) [homeassistant.core] Bus:Handling <Event state_changed[L]: entity_id=sensor.tasmota_mqtt_connect_count, old_state=None, new_state=<state sensor.tasmota_mqtt_connect_count=unavailable; restored=True, icon=mdi:counter, friendly_name=MQTT Connect Count, supported_features=0 @ 2025-08-06T12:49:18.687382+09:00>>
2025-08-06 12:49:18.687 DEBUG (MainThread) [homeassistant.core] Bus:Handling <Event state_changed[L]: entity_id=sensor.tasmota_restart_reason, old_state=None, new_state=<state sensor.tasmota_restart_reason=unavailable; restored=True, icon=mdi:information-outline, friendly_name=Restart Reason, supported_features=0 @ 2025-08-06T12:49:18.687576+09:00>>
2025-08-06 12:49:18.687 DEBUG (MainThread) [homeassistant.core] Bus:Handling <Event state_changed[L]: entity_id=sensor.tasmota_ssid, old_state=None, new_state=<state sensor.tasmota_ssid=unavailable; restored=True, icon=mdi:access-point-network, friendly_name=SSID, supported_features=0 @ 2025-08-06T12:49:18.687764+09:00>>
2025-08-06 12:49:18.703 DEBUG (MainThread) [homeassistant.core] Bus:Handling <Event state_changed[L]: entity_id=person.gimjungyo, old_state=<state person.gimjungyo=home; editable=True, id=gimjungyo, device_trackers=['device_tracker.gimjungyoyi_iphone', 'device_tracker.gimjungyoyi_ipad'], latitude=37.50205526530521, longitude=126.95938130662636, gps_accuracy=14, source=person.gimjungyo, user_id=acdae19039da4fd6a1a78cbe5403a220, friendly_name=김준교 @ 2025-08-06T12:49:08.051963+09:00>, new_state=<state person.gimjungyo=home; editable=True, id=gimjungyo, device_trackers=['device_tracker.gimjungyoyi_iphone', 'device_tracker.gimjungyoyi_ipad'], latitude=37.50205526530521, longitude=126.95938130662636, gps_accuracy=14, source=device_tracker.gimjungyoyi_ipad, user_id=acdae19039da4fd6a1a78cbe5403a220, friendly_name=김준교 @ 2025-08-06T12:49:08.051963+09:00>>
2025-08-06 12:49:18.707 INFO (MainThread) [custom_components.hacs] Stage changed: startup
2025-08-06 12:49:18.749 INFO (MainThread) [custom_components.hacs] Loading removed repositories
2025-08-06 12:49:18.853 INFO (MainThread) [custom_components.hacs] Loading known repositories
2025-08-06 12:49:19.230 DEBUG (MainThread) [homeassistant.core] Bus:Handling <Event state_changed[L]: entity_id=binary_sensor.zigbee2mqtt_bridge_connection_state, old_state=<state binary_sensor.zigbee2mqtt_bridge_connection_state=unavailable; restored=True, device_class=connectivity, friendly_name=Connection state, supported_features=0 @ 2025-08-06T12:49:18.684306+09:00>, new_state=<state binary_sensor.zigbee2mqtt_bridge_connection_state=unknown; device_class=connectivity, friendly_name=Zigbee2MQTT Bridge Connection state @ 2025-08-06T12:49:19.230002+09:00>>
2025-08-06 12:49:19.338 DEBUG (MainThread) [homeassistant.components.binary_sensor] Not adding entity Restart required because it's disabled
2025-08-06 12:49:19.640 DEBUG (MainThread) [homeassistant.core] Bus:Handling <Event state_changed[L]: entity_id=button.zigbee2mqtt_bridge_restart, old_state=<state button.zigbee2mqtt_bridge_restart=unavailable; restored=True, device_class=restart, friendly_name=Restart, supported_features=0 @ 2025-08-06T12:49:18.684536+09:00>, new_state=<state button.zigbee2mqtt_bridge_restart=unavailable; device_class=restart, friendly_name=Zigbee2MQTT Bridge Restart @ 2025-08-06T12:49:18.684536+09:00>>
2025-08-06 12:49:20.484 INFO (MainThread) [custom_components.hacs] Stage changed: running
2025-08-06 12:49:20.516 DEBUG (MainThread) [homeassistant.core] Bus:Handling <Event core_config_updated[L]>
2025-08-06 12:49:20.517 DEBUG (MainThread) [homeassistant.core] Bus:Handling <Event homeassistant_started[L]>
2025-08-06 12:49:20.535 INFO (SyncWorker_1) [homeassistant.loader] Loaded synology_dsm from homeassistant.components.synology_dsm
2025-08-06 12:49:20.542 INFO (SyncWorker_2) [homeassistant.loader] Loaded xiaomi_aqara from homeassistant.components.xiaomi_aqara
2025-08-06 12:49:20.545 DEBUG (MainThread) [homeassistant.core] Bus:Handling <Event state_changed[L]: entity_id=sensor.backup_backup_manager_state, old_state=<state sensor.backup_backup_manager_state=blocked; options=['idle', 'create_backup', 'blocked', 'receive_backup', 'restore_backup'], device_class=enum, friendly_name=Backup Backup Manager state @ 2025-08-06T12:49:06.828109+09:00>, new_state=<state sensor.backup_backup_manager_state=idle; options=['idle', 'create_backup', 'blocked', 'receive_backup', 'restore_backup'], device_class=enum, friendly_name=Backup Backup Manager state @ 2025-08-06T12:49:20.544336+09:00>>
2025-08-06 12:49:20.546 DEBUG (MainThread) [homeassistant.core] Bus:Handling <Event state_reported[L]: entity_id=sensor.backup_next_scheduled_automatic_backup, old_last_reported=2025-08-06T12:49:07.630096+09:00, new_state=<state sensor.backup_next_scheduled_automatic_backup=unknown; device_class=timestamp, friendly_name=Backup Next scheduled automatic backup @ 2025-08-06T12:49:06.833341+09:00>>
2025-08-06 12:49:20.546 DEBUG (MainThread) [homeassistant.core] Bus:Handling <Event state_reported[L]: entity_id=sensor.backup_last_successful_automatic_backup, old_last_reported=2025-08-06T12:49:07.630299+09:00, new_state=<state sensor.backup_last_successful_automatic_backup=unknown; device_class=timestamp, friendly_name=Backup Last successful automatic backup @ 2025-08-06T12:49:06.834313+09:00>>
2025-08-06 12:49:20.546 DEBUG (MainThread) [homeassistant.core] Bus:Handling <Event state_reported[L]: entity_id=sensor.backup_last_attempted_automatic_backup, old_last_reported=2025-08-06T12:49:07.630486+09:00, new_state=<state sensor.backup_last_attempted_automatic_backup=unknown; device_class=timestamp, friendly_name=Backup Last attempted automatic backup @ 2025-08-06T12:49:06.834757+09:00>>
2025-08-06 12:49:20.569 INFO (MainThread) [homeassistant.components.automation.geosil_beoteun_1_geosil_eeokeon_togeul] Initialized trigger 거실 버튼 1 -> 거실 에어컨 토글
2025-08-06 12:49:20.570 DEBUG (MainThread) [homeassistant.core] Bus:Handling <Event state_reported[L]: entity_id=automation.geosil_beoteun_1_geosil_eeokeon_togeul, old_last_reported=2025-08-06T12:49:09.946148+09:00, new_state=<state automation.geosil_beoteun_1_geosil_eeokeon_togeul=on; id=1754384697297, last_triggered=2025-08-05T22:36:31.754036+09:00, mode=single, current=0, friendly_name=거실 버튼 1 -> 거실 에어컨 토글 @ 2025-08-06T12:49:09.946148+09:00>>
2025-08-06 12:49:21.200 DEBUG (MainThread) [homeassistant.core] Bus:Handling <Event state_changed[L]: entity_id=select.zigbee2mqtt_bridge_log_level, old_state=<state select.zigbee2mqtt_bridge_log_level=unavailable; restored=True, options=['error', 'warning', 'info', 'debug'], friendly_name=Log level, supported_features=0 @ 2025-08-06T12:49:18.684746+09:00>, new_state=<state select.zigbee2mqtt_bridge_log_level=unavailable; options=['error', 'warning', 'info', 'debug'], friendly_name=Zigbee2MQTT Bridge Log level @ 2025-08-06T12:49:18.684746+09:00>>
2025-08-06 12:49:21.341 DEBUG (MainThread) [homeassistant.core] Bus:Handling <Event state_changed[L]: entity_id=select.geosil_beoteun1_operation_mode, old_state=<state select.geosil_beoteun1_operation_mode=unavailable; restored=True, options=['command', 'event'], icon=mdi:tune, friendly_name=Operation mode, supported_features=0 @ 2025-08-06T12:49:18.685765+09:00>, new_state=<state select.geosil_beoteun1_operation_mode=unavailable; options=['command', 'event'], icon=mdi:tune, friendly_name=거실 버튼1 Operation mode @ 2025-08-06T12:49:18.685765+09:00>>
2025-08-06 12:49:21.382 DEBUG (MainThread) [homeassistant.core] Bus:Handling <Event state_changed[L]: entity_id=sensor.zigbee2mqtt_bridge_version, old_state=<state sensor.zigbee2mqtt_bridge_version=unavailable; restored=True, icon=mdi:zigbee, friendly_name=Version, supported_features=0 @ 2025-08-06T12:49:18.685135+09:00>, new_state=<state sensor.zigbee2mqtt_bridge_version=unavailable; icon=mdi:zigbee, friendly_name=Zigbee2MQTT Bridge Version @ 2025-08-06T12:49:18.685135+09:00>>
2025-08-06 12:49:21.479 DEBUG (MainThread) [homeassistant.core] Bus:Handling <Event state_changed[L]: entity_id=sensor.geosil_beoteun1_battery, old_state=<state sensor.geosil_beoteun1_battery=unavailable; restored=True, state_class=measurement, device_class=battery, friendly_name=배터리, supported_features=0, unit_of_measurement=% @ 2025-08-06T12:49:18.685530+09:00>, new_state=<state sensor.geosil_beoteun1_battery=unavailable; state_class=measurement, unit_of_measurement=%, device_class=battery, friendly_name=거실 버튼1 배터리 @ 2025-08-06T12:49:18.685530+09:00>>
2025-08-06 12:49:21.519 DEBUG (MainThread) [homeassistant.core] Bus:Handling <Event state_changed[L]: entity_id=sensor.0xa4c13857052a9c52_battery, old_state=<state sensor.0xa4c13857052a9c52_battery=unavailable; restored=True, state_class=measurement, device_class=battery, friendly_name=배터리, supported_features=0, unit_of_measurement=% @ 2025-08-06T12:49:18.686041+09:00>, new_state=<state sensor.0xa4c13857052a9c52_battery=unavailable; state_class=measurement, unit_of_measurement=%, device_class=battery, friendly_name=안방 온습도 센서 배터리 @ 2025-08-06T12:49:18.686041+09:00>>
2025-08-06 12:49:21.578 DEBUG (MainThread) [homeassistant.core] Bus:Handling <Event state_changed[L]: entity_id=sensor.0xa4c13857052a9c52_temperature, old_state=<state sensor.0xa4c13857052a9c52_temperature=unavailable; restored=True, state_class=measurement, device_class=temperature, friendly_name=온도, supported_features=0, unit_of_measurement=°C @ 2025-08-06T12:49:18.686286+09:00>, new_state=<state sensor.0xa4c13857052a9c52_temperature=unavailable; state_class=measurement, unit_of_measurement=°C, device_class=temperature, friendly_name=안방 온습도 센서 온도 @ 2025-08-06T12:49:18.686286+09:00>>
2025-08-06 12:49:21.618 DEBUG (MainThread) [homeassistant.core] Bus:Handling <Event state_changed[L]: entity_id=sensor.0xa4c13857052a9c52_humidity, old_state=<state sensor.0xa4c13857052a9c52_humidity=unavailable; restored=True, state_class=measurement, device_class=humidity, friendly_name=습도, supported_features=0, unit_of_measurement=% @ 2025-08-06T12:49:18.686509+09:00>, new_state=<state sensor.0xa4c13857052a9c52_humidity=unavailable; state_class=measurement, unit_of_measurement=%, device_class=humidity, friendly_name=안방 온습도 센서 습도 @ 2025-08-06T12:49:18.686509+09:00>>
2025-08-06 12:49:21.631 DEBUG (MainThread) [homeassistant.core] Bus:Handling <Event state_changed[L]: entity_id=sensor.0xa4c13857052a9c52_voltage, old_state=<state sensor.0xa4c13857052a9c52_voltage=unavailable; restored=True, state_class=measurement, device_class=voltage, friendly_name=전압, supported_features=0, unit_of_measurement=mV @ 2025-08-06T12:49:18.686709+09:00>, new_state=<state sensor.0xa4c13857052a9c52_voltage=unavailable; state_class=measurement, unit_of_measurement=mV, device_class=voltage, friendly_name=안방 온습도 센서 전압 @ 2025-08-06T12:49:18.686709+09:00>>
2025-08-06 12:49:21.687 DEBUG (MainThread) [homeassistant.core] Bus:Handling <Event state_changed[L]: entity_id=switch.zigbee2mqtt_bridge_permit_join, old_state=<state switch.zigbee2mqtt_bridge_permit_join=unavailable; restored=True, icon=mdi:human-greeting-proximity, friendly_name=Permit join, supported_features=0 @ 2025-08-06T12:49:18.685330+09:00>, new_state=<state switch.zigbee2mqtt_bridge_permit_join=unavailable; icon=mdi:human-greeting-proximity, friendly_name=Zigbee2MQTT Bridge Permit join @ 2025-08-06T12:49:18.685330+09:00>>
2025-08-06 12:49:21.888 DEBUG (MainThread) [homeassistant.core] Bus:Handling <Event state_changed[L]: entity_id=sensor.tasmota_last_restart_time, old_state=<state sensor.tasmota_last_restart_time=unavailable; restored=True, device_class=timestamp, friendly_name=Last Restart Time, supported_features=0 @ 2025-08-06T12:49:18.686962+09:00>, new_state=<state sensor.tasmota_last_restart_time=unavailable; device_class=timestamp, friendly_name=Tasmota Last Restart Time @ 2025-08-06T12:49:18.686962+09:00>>
2025-08-06 12:49:21.889 DEBUG (MainThread) [homeassistant.core] Bus:Handling <Event state_changed[L]: entity_id=sensor.tasmota_wifi_connect_count, old_state=<state sensor.tasmota_wifi_connect_count=unavailable; restored=True, icon=mdi:counter, friendly_name=WiFi Connect Count, supported_features=0 @ 2025-08-06T12:49:18.687178+09:00>, new_state=<state sensor.tasmota_wifi_connect_count=unavailable; icon=mdi:counter, friendly_name=Tasmota WiFi Connect Count @ 2025-08-06T12:49:18.687178+09:00>>
2025-08-06 12:49:21.890 DEBUG (MainThread) [homeassistant.core] Bus:Handling <Event state_changed[L]: entity_id=sensor.tasmota_mqtt_connect_count, old_state=<state sensor.tasmota_mqtt_connect_count=unavailable; restored=True, icon=mdi:counter, friendly_name=MQTT Connect Count, supported_features=0 @ 2025-08-06T12:49:18.687382+09:00>, new_state=<state sensor.tasmota_mqtt_connect_count=unavailable; icon=mdi:counter, friendly_name=Tasmota MQTT Connect Count @ 2025-08-06T12:49:18.687382+09:00>>
2025-08-06 12:49:21.891 DEBUG (MainThread) [homeassistant.core] Bus:Handling <Event state_changed[L]: entity_id=sensor.tasmota_restart_reason, old_state=<state sensor.tasmota_restart_reason=unavailable; restored=True, icon=mdi:information-outline, friendly_name=Restart Reason, supported_features=0 @ 2025-08-06T12:49:18.687576+09:00>, new_state=<state sensor.tasmota_restart_reason=unavailable; icon=mdi:information-outline, friendly_name=Tasmota Restart Reason @ 2025-08-06T12:49:18.687576+09:00>>
2025-08-06 12:49:21.892 DEBUG (MainThread) [homeassistant.core] Bus:Handling <Event state_changed[L]: entity_id=sensor.tasmota_ssid, old_state=<state sensor.tasmota_ssid=unavailable; restored=True, icon=mdi:access-point-network, friendly_name=SSID, supported_features=0 @ 2025-08-06T12:49:18.687764+09:00>, new_state=<state sensor.tasmota_ssid=unavailable; icon=mdi:access-point-network, friendly_name=Tasmota SSID @ 2025-08-06T12:49:18.687764+09:00>>
2025-08-06 12:49:22.427 DEBUG (MainThread) [homeassistant.core] Bus:Handling <Event state_changed[L]: entity_id=sensor.0xa4c13857052a9c52_humidity, old_state=<state sensor.0xa4c13857052a9c52_humidity=unavailable; state_class=measurement, unit_of_measurement=%, device_class=humidity, friendly_name=안방 온습도 센서 습도 @ 2025-08-06T12:49:18.686509+09:00>, new_state=<state sensor.0xa4c13857052a9c52_humidity=unknown; state_class=measurement, unit_of_measurement=%, device_class=humidity, friendly_name=안방 온습도 센서 습도 @ 2025-08-06T12:49:22.427620+09:00>>
2025-08-06 12:49:22.428 DEBUG (MainThread) [homeassistant.core] Bus:Handling <Event state_changed[L]: entity_id=switch.zigbee2mqtt_bridge_permit_join, old_state=<state switch.zigbee2mqtt_bridge_permit_join=unavailable; icon=mdi:human-greeting-proximity, friendly_name=Zigbee2MQTT Bridge Permit join @ 2025-08-06T12:49:18.685330+09:00>, new_state=<state switch.zigbee2mqtt_bridge_permit_join=unknown; icon=mdi:human-greeting-proximity, friendly_name=Zigbee2MQTT Bridge Permit join @ 2025-08-06T12:49:22.428240+09:00>>
2025-08-06 12:49:22.428 DEBUG (MainThread) [homeassistant.core] Bus:Handling <Event state_changed[L]: entity_id=binary_sensor.zigbee2mqtt_bridge_connection_state, old_state=<state binary_sensor.zigbee2mqtt_bridge_connection_state=unknown; device_class=connectivity, friendly_name=Zigbee2MQTT Bridge Connection state @ 2025-08-06T12:49:19.230002+09:00>, new_state=<state binary_sensor.zigbee2mqtt_bridge_connection_state=on; device_class=connectivity, friendly_name=Zigbee2MQTT Bridge Connection state @ 2025-08-06T12:49:22.428557+09:00>>
2025-08-06 12:49:22.429 DEBUG (MainThread) [homeassistant.core] Bus:Handling <Event state_changed[L]: entity_id=sensor.0xa4c13857052a9c52_battery, old_state=<state sensor.0xa4c13857052a9c52_battery=unavailable; state_class=measurement, unit_of_measurement=%, device_class=battery, friendly_name=안방 온습도 센서 배터리 @ 2025-08-06T12:49:18.686041+09:00>, new_state=<state sensor.0xa4c13857052a9c52_battery=unknown; state_class=measurement, unit_of_measurement=%, device_class=battery, friendly_name=안방 온습도 센서 배터리 @ 2025-08-06T12:49:22.428846+09:00>>
2025-08-06 12:49:22.430 DEBUG (MainThread) [homeassistant.core] Bus:Handling <Event state_changed[L]: entity_id=sensor.geosil_beoteun1_battery, old_state=<state sensor.geosil_beoteun1_battery=unavailable; state_class=measurement, unit_of_measurement=%, device_class=battery, friendly_name=거실 버튼1 배터리 @ 2025-08-06T12:49:18.685530+09:00>, new_state=<state sensor.geosil_beoteun1_battery=unknown; state_class=measurement, unit_of_measurement=%, device_class=battery, friendly_name=거실 버튼1 배터리 @ 2025-08-06T12:49:22.429898+09:00>>
2025-08-06 12:49:22.430 DEBUG (MainThread) [homeassistant.core] Bus:Handling <Event state_changed[L]: entity_id=select.geosil_beoteun1_operation_mode, old_state=<state select.geosil_beoteun1_operation_mode=unavailable; options=['command', 'event'], icon=mdi:tune, friendly_name=거실 버튼1 Operation mode @ 2025-08-06T12:49:18.685765+09:00>, new_state=<state select.geosil_beoteun1_operation_mode=unknown; options=['command', 'event'], icon=mdi:tune, friendly_name=거실 버튼1 Operation mode @ 2025-08-06T12:49:22.430146+09:00>>
2025-08-06 12:49:22.430 DEBUG (MainThread) [homeassistant.core] Bus:Handling <Event state_changed[L]: entity_id=select.zigbee2mqtt_bridge_log_level, old_state=<state select.zigbee2mqtt_bridge_log_level=unavailable; options=['error', 'warning', 'info', 'debug'], friendly_name=Zigbee2MQTT Bridge Log level @ 2025-08-06T12:49:18.684746+09:00>, new_state=<state select.zigbee2mqtt_bridge_log_level=unknown; options=['error', 'warning', 'info', 'debug'], friendly_name=Zigbee2MQTT Bridge Log level @ 2025-08-06T12:49:22.430399+09:00>>
2025-08-06 12:49:22.430 DEBUG (MainThread) [homeassistant.core] Bus:Handling <Event state_changed[L]: entity_id=sensor.0xa4c13857052a9c52_voltage, old_state=<state sensor.0xa4c13857052a9c52_voltage=unavailable; state_class=measurement, unit_of_measurement=mV, device_class=voltage, friendly_name=안방 온습도 센서 전압 @ 2025-08-06T12:49:18.686709+09:00>, new_state=<state sensor.0xa4c13857052a9c52_voltage=unknown; state_class=measurement, unit_of_measurement=mV, device_class=voltage, friendly_name=안방 온습도 센서 전압 @ 2025-08-06T12:49:22.430650+09:00>>
2025-08-06 12:49:22.430 DEBUG (MainThread) [homeassistant.core] Bus:Handling <Event state_changed[L]: entity_id=sensor.zigbee2mqtt_bridge_version, old_state=<state sensor.zigbee2mqtt_bridge_version=unavailable; icon=mdi:zigbee, friendly_name=Zigbee2MQTT Bridge Version @ 2025-08-06T12:49:18.685135+09:00>, new_state=<state sensor.zigbee2mqtt_bridge_version=unknown; icon=mdi:zigbee, friendly_name=Zigbee2MQTT Bridge Version @ 2025-08-06T12:49:22.430898+09:00>>
2025-08-06 12:49:22.431 DEBUG (MainThread) [homeassistant.core] Bus:Handling <Event state_changed[L]: entity_id=button.zigbee2mqtt_bridge_restart, old_state=<state button.zigbee2mqtt_bridge_restart=unavailable; device_class=restart, friendly_name=Zigbee2MQTT Bridge Restart @ 2025-08-06T12:49:18.684536+09:00>, new_state=<state button.zigbee2mqtt_bridge_restart=unknown; device_class=restart, friendly_name=Zigbee2MQTT Bridge Restart @ 2025-08-06T12:49:22.431125+09:00>>
2025-08-06 12:49:22.431 DEBUG (MainThread) [homeassistant.core] Bus:Handling <Event state_changed[L]: entity_id=sensor.0xa4c13857052a9c52_temperature, old_state=<state sensor.0xa4c13857052a9c52_temperature=unavailable; state_class=measurement, unit_of_measurement=°C, device_class=temperature, friendly_name=안방 온습도 센서 온도 @ 2025-08-06T12:49:18.686286+09:00>, new_state=<state sensor.0xa4c13857052a9c52_temperature=unknown; state_class=measurement, unit_of_measurement=°C, device_class=temperature, friendly_name=안방 온습도 센서 온도 @ 2025-08-06T12:49:22.431360+09:00>>
2025-08-06 12:49:22.470 DEBUG (MainThread) [homeassistant.core] Bus:Handling <Event state_changed[L]: entity_id=switch.zigbee2mqtt_bridge_permit_join, old_state=<state switch.zigbee2mqtt_bridge_permit_join=unknown; icon=mdi:human-greeting-proximity, friendly_name=Zigbee2MQTT Bridge Permit join @ 2025-08-06T12:49:22.428240+09:00>, new_state=<state switch.zigbee2mqtt_bridge_permit_join=off; icon=mdi:human-greeting-proximity, friendly_name=Zigbee2MQTT Bridge Permit join @ 2025-08-06T12:49:22.469903+09:00>>
2025-08-06 12:49:22.470 DEBUG (MainThread) [homeassistant.core] Bus:Handling <Event state_changed[L]: entity_id=select.zigbee2mqtt_bridge_log_level, old_state=<state select.zigbee2mqtt_bridge_log_level=unknown; options=['error', 'warning', 'info', 'debug'], friendly_name=Zigbee2MQTT Bridge Log level @ 2025-08-06T12:49:22.430399+09:00>, new_state=<state select.zigbee2mqtt_bridge_log_level=info; options=['error', 'warning', 'info', 'debug'], friendly_name=Zigbee2MQTT Bridge Log level @ 2025-08-06T12:49:22.470428+09:00>>
2025-08-06 12:49:22.470 DEBUG (MainThread) [homeassistant.core] Bus:Handling <Event state_changed[L]: entity_id=sensor.zigbee2mqtt_bridge_version, old_state=<state sensor.zigbee2mqtt_bridge_version=unknown; icon=mdi:zigbee, friendly_name=Zigbee2MQTT Bridge Version @ 2025-08-06T12:49:22.430898+09:00>, new_state=<state sensor.zigbee2mqtt_bridge_version=2.6.0; icon=mdi:zigbee, friendly_name=Zigbee2MQTT Bridge Version @ 2025-08-06T12:49:22.470706+09:00>>
2025-08-06 12:49:22.563 DEBUG (MainThread) [homeassistant.core] Bus:Handling <Event state_changed[L]: entity_id=sensor.tasmota_wifi_connect_count, old_state=<state sensor.tasmota_wifi_connect_count=unavailable; icon=mdi:counter, friendly_name=Tasmota WiFi Connect Count @ 2025-08-06T12:49:18.687178+09:00>, new_state=<state sensor.tasmota_wifi_connect_count=unknown; icon=mdi:counter, friendly_name=Tasmota WiFi Connect Count @ 2025-08-06T12:49:22.540660+09:00>>
2025-08-06 12:49:22.564 DEBUG (MainThread) [homeassistant.core] Bus:Handling <Event state_changed[L]: entity_id=sensor.tasmota_mqtt_connect_count, old_state=<state sensor.tasmota_mqtt_connect_count=unavailable; icon=mdi:counter, friendly_name=Tasmota MQTT Connect Count @ 2025-08-06T12:49:18.687382+09:00>, new_state=<state sensor.tasmota_mqtt_connect_count=unknown; icon=mdi:counter, friendly_name=Tasmota MQTT Connect Count @ 2025-08-06T12:49:22.564336+09:00>>
2025-08-06 12:49:22.567 DEBUG (MainThread) [homeassistant.core] Bus:Handling <Event state_changed[L]: entity_id=sensor.tasmota_restart_reason, old_state=<state sensor.tasmota_restart_reason=unavailable; icon=mdi:information-outline, friendly_name=Tasmota Restart Reason @ 2025-08-06T12:49:18.687576+09:00>, new_state=<state sensor.tasmota_restart_reason=unknown; icon=mdi:information-outline, friendly_name=Tasmota Restart Reason @ 2025-08-06T12:49:22.564739+09:00>>
2025-08-06 12:49:22.571 DEBUG (MainThread) [homeassistant.core] Bus:Handling <Event state_changed[L]: entity_id=sensor.tasmota_ssid, old_state=<state sensor.tasmota_ssid=unavailable; icon=mdi:access-point-network, friendly_name=Tasmota SSID @ 2025-08-06T12:49:18.687764+09:00>, new_state=<state sensor.tasmota_ssid=unknown; icon=mdi:access-point-network, friendly_name=Tasmota SSID @ 2025-08-06T12:49:22.570074+09:00>>
2025-08-06 12:49:22.589 DEBUG (MainThread) [homeassistant.core] Bus:Handling <Event state_changed[L]: entity_id=sensor.tasmota_last_restart_time, old_state=<state sensor.tasmota_last_restart_time=unavailable; device_class=timestamp, friendly_name=Tasmota Last Restart Time @ 2025-08-06T12:49:18.686962+09:00>, new_state=<state sensor.tasmota_last_restart_time=unknown; device_class=timestamp, friendly_name=Tasmota Last Restart Time @ 2025-08-06T12:49:22.589463+09:00>>
2025-08-06 12:49:23.292 DEBUG (MainThread) [homeassistant.core] Bus:Handling <Event state_reported[L]: entity_id=sun.sun, old_last_reported=2025-08-06T12:49:08.288126+09:00, new_state=<state sun.sun=above_horizon; next_dawn=2025-08-06T20:12:19.937481+00:00, next_dusk=2025-08-06T11:04:07.962815+00:00, next_midnight=2025-08-06T15:37:59+00:00, next_noon=2025-08-07T03:37:59+00:00, next_rising=2025-08-06T20:41:22.994271+00:00, next_setting=2025-08-06T10:35:05.744028+00:00, elevation=69.0, azimuth=187.4, rising=False, friendly_name=Sun @ 2025-08-06T12:49:08.286914+09:00>>
2025-08-06 12:49:23.933 DEBUG (MainThread) [homeassistant.core] Bus:Handling <Event state_changed[L]: entity_id=sensor.tasmota_restart_reason, old_state=<state sensor.tasmota_restart_reason=unknown; icon=mdi:information-outline, friendly_name=Tasmota Restart Reason @ 2025-08-06T12:49:22.564739+09:00>, new_state=<state sensor.tasmota_restart_reason=Software reset CPU; icon=mdi:information-outline, friendly_name=Tasmota Restart Reason @ 2025-08-06T12:49:23.933234+09:00>>
2025-08-06 12:49:23.961 DEBUG (MainThread) [homeassistant.core] Bus:Handling <Event state_changed[L]: entity_id=sensor.tasmota_ssid, old_state=<state sensor.tasmota_ssid=unknown; icon=mdi:access-point-network, friendly_name=Tasmota SSID @ 2025-08-06T12:49:22.570074+09:00>, new_state=<state sensor.tasmota_ssid=honami; icon=mdi:access-point-network, friendly_name=Tasmota SSID @ 2025-08-06T12:49:23.961655+09:00>>
2025-08-06 12:49:23.962 DEBUG (MainThread) [homeassistant.core] Bus:Handling <Event state_changed[L]: entity_id=sensor.tasmota_wifi_connect_count, old_state=<state sensor.tasmota_wifi_connect_count=unknown; icon=mdi:counter, friendly_name=Tasmota WiFi Connect Count @ 2025-08-06T12:49:22.540660+09:00>, new_state=<state sensor.tasmota_wifi_connect_count=19; icon=mdi:counter, friendly_name=Tasmota WiFi Connect Count @ 2025-08-06T12:49:23.962243+09:00>>
2025-08-06 12:49:23.962 DEBUG (MainThread) [homeassistant.core] Bus:Handling <Event state_changed[L]: entity_id=sensor.tasmota_mqtt_connect_count, old_state=<state sensor.tasmota_mqtt_connect_count=unknown; icon=mdi:counter, friendly_name=Tasmota MQTT Connect Count @ 2025-08-06T12:49:22.564336+09:00>, new_state=<state sensor.tasmota_mqtt_connect_count=22; icon=mdi:counter, friendly_name=Tasmota MQTT Connect Count @ 2025-08-06T12:49:23.962626+09:00>>
2025-08-06 12:49:23.963 DEBUG (MainThread) [homeassistant.core] Bus:Handling <Event state_changed[L]: entity_id=sensor.tasmota_last_restart_time, old_state=<state sensor.tasmota_last_restart_time=unknown; device_class=timestamp, friendly_name=Tasmota Last Restart Time @ 2025-08-06T12:49:22.589463+09:00>, new_state=<state sensor.tasmota_last_restart_time=2025-06-23T14:36:57+00:00; device_class=timestamp, friendly_name=Tasmota Last Restart Time @ 2025-08-06T12:49:23.962960+09:00>>
2025-08-06 12:49:27.401 INFO (MainThread) [homeassistant.components.mqtt.client] MQTT client initialized, birth message sent
2025-08-06 12:49:31.407 DEBUG (MainThread) [homeassistant.core] Bus:Handling <Event state_reported[L]: entity_id=fan.zhimi_airpurifier_m1, old_last_reported=2025-08-06T12:49:16.743908+09:00, new_state=<state fan.zhimi_airpurifier_m1=off; preset_modes=['Auto', 'Silent', 'Favorite', 'Idle'], preset_mode=None, extra_features=0, turbo_mode_supported=False, button_pressed=None, sleep_time=None, sleep_mode_learn_count=None, use_time=148003558, sleep_mode=None, friendly_name=공기청정기, supported_features=56 @ 2025-08-06T12:49:16.743908+09:00>>
2025-08-06 12:49:31.431 DEBUG (MainThread) [homeassistant.core] Bus:Handling <Event state_reported[L]: entity_id=number.zhimi_airpurifier_m1_favorite_level, old_last_reported=2025-08-06T12:49:16.769225+09:00, new_state=<state number.zhimi_airpurifier_m1_favorite_level=10; min=0, max=17, step=1, mode=auto, icon=mdi:star-cog, friendly_name=공기청정기 Favorite level @ 2025-08-06T12:49:16.769225+09:00>>
2025-08-06 12:49:31.435 DEBUG (MainThread) [homeassistant.core] Bus:Handling <Event state_reported[L]: entity_id=select.zhimi_airpurifier_m1_led_brightness, old_last_reported=2025-08-06T12:49:16.789280+09:00, new_state=<state select.zhimi_airpurifier_m1_led_brightness=bright; options=['bright', 'dim', 'off'], icon=mdi:brightness-6, friendly_name=공기청정기 Led Brightness @ 2025-08-06T12:49:16.789280+09:00>>
2025-08-06 12:49:31.436 DEBUG (MainThread) [homeassistant.core] Bus:Handling <Event state_reported[L]: entity_id=sensor.zhimi_airpurifier_m1_temperature, old_last_reported=2025-08-06T12:49:16.798304+09:00, new_state=<state sensor.zhimi_airpurifier_m1_temperature=26.3; state_class=measurement, unit_of_measurement=°C, device_class=temperature, friendly_name=온도 @ 2025-08-06T12:49:16.798304+09:00>>
2025-08-06 12:49:31.437 DEBUG (MainThread) [homeassistant.core] Bus:Handling <Event state_reported[L]: entity_id=sensor.zhimi_airpurifier_m1_humidity, old_last_reported=2025-08-06T12:49:16.825535+09:00, new_state=<state sensor.zhimi_airpurifier_m1_humidity=59; state_class=measurement, unit_of_measurement=%, device_class=humidity, friendly_name=공기청정기 습도 @ 2025-08-06T12:49:16.825535+09:00>>
2025-08-06 12:49:31.438 DEBUG (MainThread) [homeassistant.core] Bus:Handling <Event state_reported[L]: entity_id=sensor.zhimi_airpurifier_m1_motor_speed, old_last_reported=2025-08-06T12:49:16.832864+09:00, new_state=<state sensor.zhimi_airpurifier_m1_motor_speed=0; state_class=measurement, unit_of_measurement=rpm, icon=mdi:fast-forward, friendly_name=공기청정기 Motor speed @ 2025-08-06T12:49:16.832864+09:00>>
2025-08-06 12:49:31.438 DEBUG (MainThread) [homeassistant.core] Bus:Handling <Event state_changed[L]: entity_id=sensor.zhimi_airpurifier_m1_pm2_5, old_state=<state sensor.zhimi_airpurifier_m1_pm2_5=37; state_class=measurement, unit_of_measurement=µg/m³, device_class=pm25, friendly_name=공기청정기 PM2.5 @ 2025-08-06T12:49:16.833575+09:00>, new_state=<state sensor.zhimi_airpurifier_m1_pm2_5=36; state_class=measurement, unit_of_measurement=µg/m³, device_class=pm25, friendly_name=공기청정기 PM2.5 @ 2025-08-06T12:49:31.438319+09:00>>
2025-08-06 12:49:31.438 DEBUG (MainThread) [homeassistant.core] Bus:Handling <Event state_reported[L]: entity_id=sensor.zhimi_airpurifier_m1_filter_life_remaining, old_last_reported=2025-08-06T12:49:16.834153+09:00, new_state=<state sensor.zhimi_airpurifier_m1_filter_life_remaining=0; state_class=measurement, unit_of_measurement=%, icon=mdi:air-filter, friendly_name=공기청정기 Filter life remaining @ 2025-08-06T12:49:16.834153+09:00>>
2025-08-06 12:49:31.439 DEBUG (MainThread) [homeassistant.core] Bus:Handling <Event state_reported[L]: entity_id=sensor.zhimi_airpurifier_m1_filter_use, old_last_reported=2025-08-06T12:49:16.834726+09:00, new_state=<state sensor.zhimi_airpurifier_m1_filter_use=3500; state_class=measurement, unit_of_measurement=h, device_class=duration, icon=mdi:clock-outline, friendly_name=공기청정기 Filter use @ 2025-08-06T12:49:16.834726+09:00>>
2025-08-06 12:49:31.439 DEBUG (MainThread) [homeassistant.core] Bus:Handling <Event state_reported[L]: entity_id=switch.zhimi_airpurifier_m1_buzzer, old_last_reported=2025-08-06T12:49:16.858531+09:00, new_state=<state switch.zhimi_airpurifier_m1_buzzer=off; icon=mdi:volume-high, friendly_name=공기청정기 Buzzer @ 2025-08-06T12:49:16.858531+09:00>>
2025-08-06 12:49:31.449 DEBUG (MainThread) [homeassistant.core] Bus:Handling <Event state_reported[L]: entity_id=switch.zhimi_airpurifier_m1_child_lock, old_last_reported=2025-08-06T12:49:16.860435+09:00, new_state=<state switch.zhimi_airpurifier_m1_child_lock=off; icon=mdi:lock, friendly_name=공기청정기 차일드 락 @ 2025-08-06T12:49:16.860435+09:00>>
2025-08-06 12:49:31.451 DEBUG (MainThread) [homeassistant.core] Bus:Handling <Event state_reported[L]: entity_id=switch.zhimi_airpurifier_m1_led, old_last_reported=2025-08-06T12:49:16.861523+09:00, new_state=<state switch.zhimi_airpurifier_m1_led=off; icon=mdi:led-outline, friendly_name=공기청정기 LED @ 2025-08-06T12:49:16.861523+09:00>>
2025-08-06 12:49:31.453 DEBUG (MainThread) [homeassistant.core] Bus:Handling <Event state_reported[L]: entity_id=switch.zhimi_airpurifier_m1_learn_mode, old_last_reported=2025-08-06T12:49:16.873943+09:00, new_state=<state switch.zhimi_airpurifier_m1_learn_mode=off; icon=mdi:school-outline, friendly_name=공기청정기 Learn mode @ 2025-08-06T12:49:16.873943+09:00>>
2025-08-06 12:49:35.694 DEBUG (MainThread) [homeassistant.core] Bus:Handling <Event state_changed[L]: entity_id=sensor.geosil_eeokeon_energy, old_state=<state sensor.geosil_eeokeon_energy=159.662; state_class=total_increasing, unit_of_measurement=kWh, device_class=energy, friendly_name=거실 에어컨 에너지 @ 2025-08-06T12:49:18.586588+09:00>, new_state=<state sensor.geosil_eeokeon_energy=159.819; state_class=total_increasing, unit_of_measurement=kWh, device_class=energy, friendly_name=거실 에어컨 에너지 @ 2025-08-06T12:49:35.693619+09:00>>
2025-08-06 12:49:35.694 DEBUG (MainThread) [homeassistant.core] Bus:Handling <Event state_changed[L]: entity_id=sensor.geosil_eeokeon_power, old_state=<state sensor.geosil_eeokeon_power=732.0; state_class=measurement, power_consumption_start=2025-08-06T03:24:45Z, power_consumption_end=2025-08-06T03:36:15Z, unit_of_measurement=W, device_class=power, friendly_name=거실 에어컨 전원 @ 2025-08-06T12:49:18.608908+09:00>, new_state=<state sensor.geosil_eeokeon_power=730.0; state_class=measurement, power_consumption_start=2025-08-06T03:36:15Z, power_consumption_end=2025-08-06T03:49:35Z, unit_of_measurement=W, device_class=power, friendly_name=거실 에어컨 전원 @ 2025-08-06T12:49:35.694487+09:00>>
2025-08-06 12:49:35.694 DEBUG (MainThread) [homeassistant.core] Bus:Handling <Event state_changed[L]: entity_id=sensor.geosil_eeokeon_energy_difference, old_state=<state sensor.geosil_eeokeon_energy_difference=0.147; state_class=total, unit_of_measurement=kWh, device_class=energy, friendly_name=거실 에어컨 Energy difference @ 2025-08-06T12:49:18.619904+09:00>, new_state=<state sensor.geosil_eeokeon_energy_difference=0.157; state_class=total, unit_of_measurement=kWh, device_class=energy, friendly_name=거실 에어컨 Energy difference @ 2025-08-06T12:49:35.694882+09:00>>
2025-08-06 12:49:35.695 DEBUG (MainThread) [homeassistant.core] Bus:Handling <Event state_changed[L]: entity_id=sensor.geosil_eeokeon_power_energy, old_state=<state sensor.geosil_eeokeon_power_energy=0.137115947236617; state_class=total, unit_of_measurement=kWh, device_class=energy, friendly_name=거실 에어컨 전력 에너지 @ 2025-08-06T12:49:18.622462+09:00>, new_state=<state sensor.geosil_eeokeon_power_energy=0.162790090022882; state_class=total, unit_of_measurement=kWh, device_class=energy, friendly_name=거실 에어컨 전력 에너지 @ 2025-08-06T12:49:35.695294+09:00>>
2025-08-06 12:49:35.695 DEBUG (MainThread) [homeassistant.core] Bus:Handling <Event state_reported[L]: entity_id=sensor.geosil_eeokeon_energy_saved, old_last_reported=2025-08-06T12:49:18.624216+09:00, new_state=<state sensor.geosil_eeokeon_energy_saved=0.0; state_class=total_increasing, unit_of_measurement=kWh, device_class=energy, friendly_name=거실 에어컨 Energy saved @ 2025-08-06T12:49:18.624216+09:00>>
2025-08-06 12:49:38.293 DEBUG (MainThread) [homeassistant.core] Bus:Handling <Event state_reported[L]: entity_id=sun.sun, old_last_reported=2025-08-06T12:49:23.292335+09:00, new_state=<state sun.sun=above_horizon; next_dawn=2025-08-06T20:12:19.937481+00:00, next_dusk=2025-08-06T11:04:07.962815+00:00, next_midnight=2025-08-06T15:37:59+00:00, next_noon=2025-08-07T03:37:59+00:00, next_rising=2025-08-06T20:41:22.994271+00:00, next_setting=2025-08-06T10:35:05.744028+00:00, elevation=69.0, azimuth=187.4, rising=False, friendly_name=Sun @ 2025-08-06T12:49:08.286914+09:00>>
2025-08-06 12:49:40.993 INFO (SyncWorker_4) [homeassistant.loader] Loaded google_travel_time from homeassistant.components.google_travel_time
2025-08-06 12:49:40.994 INFO (SyncWorker_4) [homeassistant.loader] Loaded generic from homeassistant.components.generic
2025-08-06 12:49:40.994 INFO (SyncWorker_4) [homeassistant.loader] Loaded homekit_controller from homeassistant.components.homekit_controller
2025-08-06 12:49:40.998 INFO (SyncWorker_4) [homeassistant.loader] Loaded demo from homeassistant.components.demo
2025-08-06 12:49:41.002 INFO (SyncWorker_4) [homeassistant.loader] Loaded local_ip from homeassistant.components.local_ip
2025-08-06 12:49:41.002 INFO (SyncWorker_4) [homeassistant.loader] Loaded islamic_prayer_times from homeassistant.components.islamic_prayer_times
2025-08-06 12:49:41.005 INFO (SyncWorker_4) [homeassistant.loader] Loaded moehlenhoff_alpha2 from homeassistant.components.moehlenhoff_alpha2
2025-08-06 12:49:41.014 INFO (SyncWorker_4) [homeassistant.loader] Loaded statistics from homeassistant.components.statistics
2025-08-06 12:49:41.014 INFO (SyncWorker_4) [homeassistant.loader] Loaded waze_travel_time from homeassistant.components.waze_travel_time
2025-08-06 12:49:41.014 INFO (SyncWorker_4) [homeassistant.loader] Loaded workday from homeassistant.components.workday
2025-08-06 12:49:41.015 INFO (SyncWorker_4) [homeassistant.loader] Loaded plant from homeassistant.components.plant
2025-08-06 12:49:41.015 INFO (SyncWorker_4) [homeassistant.loader] Loaded derivative from homeassistant.components.derivative
2025-08-06 12:49:41.022 INFO (SyncWorker_4) [homeassistant.loader] Loaded nextbus from homeassistant.components.nextbus
2025-08-06 12:49:41.024 INFO (SyncWorker_4) [homeassistant.loader] Loaded local_todo from homeassistant.components.local_todo
2025-08-06 12:49:41.026 INFO (SyncWorker_4) [homeassistant.loader] Loaded aurora from homeassistant.components.aurora
2025-08-06 12:49:41.028 INFO (SyncWorker_4) [homeassistant.loader] Loaded holiday from homeassistant.components.holiday
2025-08-06 12:49:41.031 INFO (SyncWorker_4) [homeassistant.loader] Loaded cpuspeed from homeassistant.components.cpuspeed
2025-08-06 12:49:41.032 INFO (SyncWorker_4) [homeassistant.loader] Loaded time_date from homeassistant.components.time_date
2025-08-06 12:49:41.033 INFO (SyncWorker_4) [homeassistant.loader] Loaded uptime from homeassistant.components.uptime
2025-08-06 12:49:41.035 INFO (SyncWorker_4) [homeassistant.loader] Loaded version from homeassistant.components.version
2025-08-06 12:49:41.035 INFO (SyncWorker_4) [homeassistant.loader] Loaded local_calendar from homeassistant.components.local_calendar
2025-08-06 12:49:41.036 INFO (SyncWorker_4) [homeassistant.loader] Loaded group from homeassistant.components.group
2025-08-06 12:49:41.036 INFO (SyncWorker_4) [homeassistant.loader] Loaded alert from homeassistant.components.alert
2025-08-06 12:49:41.040 INFO (SyncWorker_4) [homeassistant.loader] Loaded generic_hygrostat from homeassistant.components.generic_hygrostat
2025-08-06 12:49:41.041 INFO (SyncWorker_4) [homeassistant.loader] Loaded season from homeassistant.components.season
2025-08-06 12:49:41.042 INFO (SyncWorker_4) [homeassistant.loader] Loaded rpi_power from homeassistant.components.rpi_power
2025-08-06 12:49:41.043 INFO (SyncWorker_4) [homeassistant.loader] Loaded growatt_server from homeassistant.components.growatt_server
2025-08-06 12:49:41.046 INFO (SyncWorker_4) [homeassistant.loader] Loaded random from homeassistant.components.random
2025-08-06 12:49:41.048 INFO (SyncWorker_4) [homeassistant.loader] Loaded remote_calendar from homeassistant.components.remote_calendar
2025-08-06 12:49:41.053 INFO (SyncWorker_4) [homeassistant.loader] Loaded nmap_tracker from homeassistant.components.nmap_tracker
2025-08-06 12:49:41.057 INFO (SyncWorker_4) [homeassistant.loader] Loaded tod from homeassistant.components.tod
2025-08-06 12:49:41.059 INFO (SyncWorker_4) [homeassistant.loader] Loaded filesize from homeassistant.components.filesize
2025-08-06 12:49:41.064 INFO (SyncWorker_4) [homeassistant.loader] Loaded vegehub from homeassistant.components.vegehub
2025-08-06 12:49:41.065 INFO (SyncWorker_4) [homeassistant.loader] Loaded garages_amsterdam from homeassistant.components.garages_amsterdam
2025-08-06 12:49:41.068 INFO (SyncWorker_4) [homeassistant.loader] Loaded history_stats from homeassistant.components.history_stats
2025-08-06 12:49:41.072 INFO (SyncWorker_4) [homeassistant.loader] Loaded proximity from homeassistant.components.proximity
2025-08-06 12:49:41.074 INFO (SyncWorker_4) [homeassistant.loader] Loaded moon from homeassistant.components.moon
2025-08-06 12:49:41.077 INFO (SyncWorker_4) [homeassistant.loader] Loaded trend from homeassistant.components.trend
2025-08-06 12:49:41.079 INFO (SyncWorker_4) [homeassistant.loader] Loaded threshold from homeassistant.components.threshold
2025-08-06 12:49:41.084 INFO (SyncWorker_4) [homeassistant.loader] Loaded emulated_roku from homeassistant.components.emulated_roku
2025-08-06 12:49:41.087 INFO (SyncWorker_4) [homeassistant.loader] Loaded min_max from homeassistant.components.min_max
2025-08-06 12:49:41.090 INFO (SyncWorker_4) [homeassistant.loader] Loaded zodiac from homeassistant.components.zodiac
2025-08-06 12:49:41.091 INFO (SyncWorker_4) [homeassistant.loader] Loaded integration from homeassistant.components.integration
2025-08-06 12:49:41.091 INFO (SyncWorker_4) [homeassistant.loader] Loaded utility_meter from homeassistant.components.utility_meter
2025-08-06 12:49:41.105 INFO (SyncWorker_4) [homeassistant.loader] Loaded energenie_power_sockets from homeassistant.components.energenie_power_sockets
2025-08-06 12:49:41.105 INFO (SyncWorker_4) [homeassistant.loader] Loaded generic_thermostat from homeassistant.components.generic_thermostat
2025-08-06 12:49:41.110 INFO (SyncWorker_4) [homeassistant.loader] Loaded cert_expiry from homeassistant.components.cert_expiry
2025-08-06 12:49:41.115 INFO (SyncWorker_4) [homeassistant.loader] Loaded mold_indicator from homeassistant.components.mold_indicator
2025-08-06 12:49:41.115 INFO (SyncWorker_4) [homeassistant.loader] Loaded filter from homeassistant.components.filter
2025-08-06 12:49:46.372 DEBUG (MainThread) [homeassistant.core] Bus:Handling <Event state_reported[L]: entity_id=fan.zhimi_airpurifier_m1, old_last_reported=2025-08-06T12:49:31.407393+09:00, new_state=<state fan.zhimi_airpurifier_m1=off; preset_modes=['Auto', 'Silent', 'Favorite', 'Idle'], preset_mode=None, extra_features=0, turbo_mode_supported=False, button_pressed=None, sleep_time=None, sleep_mode_learn_count=None, use_time=148003558, sleep_mode=None, friendly_name=공기청정기, supported_features=56 @ 2025-08-06T12:49:16.743908+09:00>>
2025-08-06 12:49:46.373 DEBUG (MainThread) [homeassistant.core] Bus:Handling <Event state_reported[L]: entity_id=number.zhimi_airpurifier_m1_favorite_level, old_last_reported=2025-08-06T12:49:31.431139+09:00, new_state=<state number.zhimi_airpurifier_m1_favorite_level=10; min=0, max=17, step=1, mode=auto, icon=mdi:star-cog, friendly_name=공기청정기 Favorite level @ 2025-08-06T12:49:16.769225+09:00>>
2025-08-06 12:49:46.373 DEBUG (MainThread) [homeassistant.core] Bus:Handling <Event state_reported[L]: entity_id=select.zhimi_airpurifier_m1_led_brightness, old_last_reported=2025-08-06T12:49:31.434682+09:00, new_state=<state select.zhimi_airpurifier_m1_led_brightness=bright; options=['bright', 'dim', 'off'], icon=mdi:brightness-6, friendly_name=공기청정기 Led Brightness @ 2025-08-06T12:49:16.789280+09:00>>
2025-08-06 12:49:46.373 DEBUG (MainThread) [homeassistant.core] Bus:Handling <Event state_reported[L]: entity_id=sensor.zhimi_airpurifier_m1_temperature, old_last_reported=2025-08-06T12:49:31.435544+09:00, new_state=<state sensor.zhimi_airpurifier_m1_temperature=26.3; state_class=measurement, unit_of_measurement=°C, device_class=temperature, friendly_name=온도 @ 2025-08-06T12:49:16.798304+09:00>>
2025-08-06 12:49:46.373 DEBUG (MainThread) [homeassistant.core] Bus:Handling <Event state_reported[L]: entity_id=sensor.zhimi_airpurifier_m1_humidity, old_last_reported=2025-08-06T12:49:31.437096+09:00, new_state=<state sensor.zhimi_airpurifier_m1_humidity=59; state_class=measurement, unit_of_measurement=%, device_class=humidity, friendly_name=공기청정기 습도 @ 2025-08-06T12:49:16.825535+09:00>>
2025-08-06 12:49:46.373 DEBUG (MainThread) [homeassistant.core] Bus:Handling <Event state_reported[L]: entity_id=sensor.zhimi_airpurifier_m1_motor_speed, old_last_reported=2025-08-06T12:49:31.438020+09:00, new_state=<state sensor.zhimi_airpurifier_m1_motor_speed=0; state_class=measurement, unit_of_measurement=rpm, icon=mdi:fast-forward, friendly_name=공기청정기 Motor speed @ 2025-08-06T12:49:16.832864+09:00>>
2025-08-06 12:49:46.374 DEBUG (MainThread) [homeassistant.core] Bus:Handling <Event state_changed[L]: entity_id=sensor.zhimi_airpurifier_m1_pm2_5, old_state=<state sensor.zhimi_airpurifier_m1_pm2_5=36; state_class=measurement, unit_of_measurement=µg/m³, device_class=pm25, friendly_name=공기청정기 PM2.5 @ 2025-08-06T12:49:31.438319+09:00>, new_state=<state sensor.zhimi_airpurifier_m1_pm2_5=38; state_class=measurement, unit_of_measurement=µg/m³, device_class=pm25, friendly_name=공기청정기 PM2.5 @ 2025-08-06T12:49:46.374082+09:00>>
2025-08-06 12:49:46.374 DEBUG (MainThread) [homeassistant.core] Bus:Handling <Event state_reported[L]: entity_id=sensor.zhimi_airpurifier_m1_filter_life_remaining, old_last_reported=2025-08-06T12:49:31.438746+09:00, new_state=<state sensor.zhimi_airpurifier_m1_filter_life_remaining=0; state_class=measurement, unit_of_measurement=%, icon=mdi:air-filter, friendly_name=공기청정기 Filter life remaining @ 2025-08-06T12:49:16.834153+09:00>>
2025-08-06 12:49:46.374 DEBUG (MainThread) [homeassistant.core] Bus:Handling <Event state_reported[L]: entity_id=sensor.zhimi_airpurifier_m1_filter_use, old_last_reported=2025-08-06T12:49:31.438964+09:00, new_state=<state sensor.zhimi_airpurifier_m1_filter_use=3500; state_class=measurement, unit_of_measurement=h, device_class=duration, icon=mdi:clock-outline, friendly_name=공기청정기 Filter use @ 2025-08-06T12:49:16.834726+09:00>>
2025-08-06 12:49:46.374 DEBUG (MainThread) [homeassistant.core] Bus:Handling <Event state_reported[L]: entity_id=switch.zhimi_airpurifier_m1_buzzer, old_last_reported=2025-08-06T12:49:31.439181+09:00, new_state=<state switch.zhimi_airpurifier_m1_buzzer=off; icon=mdi:volume-high, friendly_name=공기청정기 Buzzer @ 2025-08-06T12:49:16.858531+09:00>>
2025-08-06 12:49:46.375 DEBUG (MainThread) [homeassistant.core] Bus:Handling <Event state_reported[L]: entity_id=switch.zhimi_airpurifier_m1_child_lock, old_last_reported=2025-08-06T12:49:31.439352+09:00, new_state=<state switch.zhimi_airpurifier_m1_child_lock=off; icon=mdi:lock, friendly_name=공기청정기 차일드 락 @ 2025-08-06T12:49:16.860435+09:00>>
2025-08-06 12:49:46.375 DEBUG (MainThread) [homeassistant.core] Bus:Handling <Event state_reported[L]: entity_id=switch.zhimi_airpurifier_m1_led, old_last_reported=2025-08-06T12:49:31.450895+09:00, new_state=<state switch.zhimi_airpurifier_m1_led=off; icon=mdi:led-outline, friendly_name=공기청정기 LED @ 2025-08-06T12:49:16.861523+09:00>>
2025-08-06 12:49:46.375 DEBUG (MainThread) [homeassistant.core] Bus:Handling <Event state_reported[L]: entity_id=switch.zhimi_airpurifier_m1_learn_mode, old_last_reported=2025-08-06T12:49:31.452650+09:00, new_state=<state switch.zhimi_airpurifier_m1_learn_mode=off; icon=mdi:school-outline, friendly_name=공기청정기 Learn mode @ 2025-08-06T12:49:16.873943+09:00>>
2025-08-06 12:49:47.396 DEBUG (MainThread) [homeassistant.core] Bus:Handling <Event state_reported[L]: entity_id=binary_sensor.efm_networks_iptime_ax3000m_wan_status, old_last_reported=2025-08-06T12:49:17.118024+09:00, new_state=<state binary_sensor.efm_networks_iptime_ax3000m_wan_status=on; device_class=connectivity, friendly_name=EFM Networks ipTIME AX3000M WAN 상태 @ 2025-08-06T12:49:17.118024+09:00>>
2025-08-06 12:49:47.420 DEBUG (MainThread) [homeassistant.core] Bus:Handling <Event state_reported[L]: entity_id=sensor.efm_networks_iptime_ax3000m_external_ip, old_last_reported=2025-08-06T12:49:17.243913+09:00, new_state=<state sensor.efm_networks_iptime_ax3000m_external_ip=49.142.72.18; friendly_name=EFM Networks ipTIME AX3000M 외부 IP @ 2025-08-06T12:49:17.243913+09:00>>
2025-08-06 12:49:47.420 DEBUG (MainThread) [homeassistant.core] Bus:Handling <Event state_changed[L]: entity_id=sensor.efm_networks_iptime_ax3000m_download_speed, old_state=<state sensor.efm_networks_iptime_ax3000m_download_speed=unknown; state_class=measurement, unit_of_measurement=KiB/s, device_class=data_rate, friendly_name=EFM Networks ipTIME AX3000M 다운로드 속도 @ 2025-08-06T12:49:17.256432+09:00>, new_state=<state sensor.efm_networks_iptime_ax3000m_download_speed=267.723123896497; state_class=measurement, unit_of_measurement=KiB/s, device_class=data_rate, friendly_name=EFM Networks ipTIME AX3000M 다운로드 속도 @ 2025-08-06T12:49:47.420434+09:00>>
2025-08-06 12:49:47.420 DEBUG (MainThread) [homeassistant.core] Bus:Handling <Event state_changed[L]: entity_id=sensor.efm_networks_iptime_ax3000m_upload_speed, old_state=<state sensor.efm_networks_iptime_ax3000m_upload_speed=unknown; state_class=measurement, unit_of_measurement=KiB/s, device_class=data_rate, friendly_name=EFM Networks ipTIME AX3000M 업로드 속도 @ 2025-08-06T12:49:17.276237+09:00>, new_state=<state sensor.efm_networks_iptime_ax3000m_upload_speed=18.9291824138968; state_class=measurement, unit_of_measurement=KiB/s, device_class=data_rate, friendly_name=EFM Networks ipTIME AX3000M 업로드 속도 @ 2025-08-06T12:49:47.420840+09:00>>
2025-08-06 12:49:51.076 INFO (MainThread) [homeassistant.setup] Setting up commax
2025-08-06 12:49:51.086 INFO (MainThread) [homeassistant.components.light] Setting up commax.light
2025-08-06 12:49:51.087 INFO (MainThread) [homeassistant.helpers.entity_registry] Registered new light.commax entity: light.geosil_jomyeong1
2025-08-06 12:49:51.087 DEBUG (MainThread) [homeassistant.core] Bus:Handling <Event entity_registry_updated[L]: action=create, entity_id=light.geosil_jomyeong1>
2025-08-06 12:49:51.089 DEBUG (MainThread) [homeassistant.core] Bus:Handling <Event state_changed[L]: entity_id=light.geosil_jomyeong1, old_state=None, new_state=<state light.geosil_jomyeong1=unavailable; supported_color_modes=[<ColorMode.ONOFF: 'onoff'>], friendly_name=거실 조명1, supported_features=0 @ 2025-08-06T12:49:51.087723+09:00>>
2025-08-06 12:49:51.089 INFO (MainThread) [homeassistant.helpers.entity_registry] Registered new light.commax entity: light.geosil_jomyeong2
2025-08-06 12:49:51.089 DEBUG (MainThread) [homeassistant.core] Bus:Handling <Event entity_registry_updated[L]: action=create, entity_id=light.geosil_jomyeong2>
2025-08-06 12:49:51.090 DEBUG (MainThread) [homeassistant.core] Bus:Handling <Event state_changed[L]: entity_id=light.geosil_jomyeong2, old_state=None, new_state=<state light.geosil_jomyeong2=unavailable; supported_color_modes=[<ColorMode.ONOFF: 'onoff'>], friendly_name=거실 조명2, supported_features=0 @ 2025-08-06T12:49:51.090097+09:00>>
2025-08-06 12:49:51.090 INFO (MainThread) [homeassistant.helpers.entity_registry] Registered new light.commax entity: light.geosil_jomyeong3
2025-08-06 12:49:51.090 DEBUG (MainThread) [homeassistant.core] Bus:Handling <Event entity_registry_updated[L]: action=create, entity_id=light.geosil_jomyeong3>
2025-08-06 12:49:51.090 DEBUG (MainThread) [homeassistant.core] Bus:Handling <Event state_changed[L]: entity_id=light.geosil_jomyeong3, old_state=None, new_state=<state light.geosil_jomyeong3=unavailable; supported_color_modes=[<ColorMode.ONOFF: 'onoff'>], friendly_name=거실 조명3, supported_features=0 @ 2025-08-06T12:49:51.090847+09:00>>
2025-08-06 12:49:51.091 INFO (MainThread) [homeassistant.helpers.entity_registry] Registered new light.commax entity: light.geosil_jomyeong4
2025-08-06 12:49:51.091 DEBUG (MainThread) [homeassistant.core] Bus:Handling <Event entity_registry_updated[L]: action=create, entity_id=light.geosil_jomyeong4>
2025-08-06 12:49:51.091 DEBUG (MainThread) [homeassistant.core] Bus:Handling <Event state_changed[L]: entity_id=light.geosil_jomyeong4, old_state=None, new_state=<state light.geosil_jomyeong4=unavailable; supported_color_modes=[<ColorMode.ONOFF: 'onoff'>], friendly_name=거실 조명4, supported_features=0 @ 2025-08-06T12:49:51.091429+09:00>>
2025-08-06 12:49:51.101 INFO (MainThread) [homeassistant.helpers.entity_registry] Registered new light.commax entity: light.bogdo_jomyeong
2025-08-06 12:49:51.101 DEBUG (MainThread) [homeassistant.core] Bus:Handling <Event entity_registry_updated[L]: action=create, entity_id=light.bogdo_jomyeong>
2025-08-06 12:49:51.102 DEBUG (MainThread) [homeassistant.core] Bus:Handling <Event state_changed[L]: entity_id=light.bogdo_jomyeong, old_state=None, new_state=<state light.bogdo_jomyeong=unavailable; supported_color_modes=[<ColorMode.ONOFF: 'onoff'>], friendly_name=복도 조명, supported_features=0 @ 2025-08-06T12:49:51.102275+09:00>>
2025-08-06 12:49:51.103 INFO (MainThread) [homeassistant.components.climate] Setting up commax.climate
2025-08-06 12:49:51.103 INFO (MainThread) [homeassistant.helpers.entity_registry] Registered new climate.commax entity: climate.geosil_boilreo
2025-08-06 12:49:51.103 DEBUG (MainThread) [homeassistant.core] Bus:Handling <Event entity_registry_updated[L]: action=create, entity_id=climate.geosil_boilreo>
2025-08-06 12:49:51.104 DEBUG (MainThread) [homeassistant.core] Bus:Handling <Event state_changed[L]: entity_id=climate.geosil_boilreo, old_state=None, new_state=<state climate.geosil_boilreo=unavailable; hvac_modes=[<HVACMode.OFF: 'off'>, <HVACMode.HEAT: 'heat'>], min_temp=7, max_temp=35, target_temp_step=0.5, icon=mdi:water-boiler, friendly_name=거실 보일러, supported_features=1 @ 2025-08-06T12:49:51.103861+09:00>>
2025-08-06 12:49:51.104 INFO (MainThread) [homeassistant.helpers.entity_registry] Registered new climate.commax entity: climate.anbang_boilreo
2025-08-06 12:49:51.104 DEBUG (MainThread) [homeassistant.core] Bus:Handling <Event entity_registry_updated[L]: action=create, entity_id=climate.anbang_boilreo>
2025-08-06 12:49:51.104 DEBUG (MainThread) [homeassistant.core] Bus:Handling <Event state_changed[L]: entity_id=climate.anbang_boilreo, old_state=None, new_state=<state climate.anbang_boilreo=unavailable; hvac_modes=[<HVACMode.OFF: 'off'>, <HVACMode.HEAT: 'heat'>], min_temp=7, max_temp=35, target_temp_step=0.5, icon=mdi:water-boiler, friendly_name=안방 보일러, supported_features=1 @ 2025-08-06T12:49:51.104575+09:00>>
2025-08-06 12:49:51.106 INFO (MainThread) [homeassistant.helpers.entity_registry] Registered new climate.commax entity: climate.gongbubang_boilreo
2025-08-06 12:49:51.106 DEBUG (MainThread) [homeassistant.core] Bus:Handling <Event entity_registry_updated[L]: action=create, entity_id=climate.gongbubang_boilreo>
2025-08-06 12:49:51.106 DEBUG (MainThread) [homeassistant.core] Bus:Handling <Event state_changed[L]: entity_id=climate.gongbubang_boilreo, old_state=None, new_state=<state climate.gongbubang_boilreo=unavailable; hvac_modes=[<HVACMode.OFF: 'off'>, <HVACMode.HEAT: 'heat'>], min_temp=7, max_temp=35, target_temp_step=0.5, icon=mdi:water-boiler, friendly_name=공부방 보일러, supported_features=1 @ 2025-08-06T12:49:51.106594+09:00>>
2025-08-06 12:49:51.126 INFO (MainThread) [homeassistant.helpers.entity_registry] Registered new climate.commax entity: climate.cimdaebang_boilreo
2025-08-06 12:49:51.127 DEBUG (MainThread) [homeassistant.core] Bus:Handling <Event entity_registry_updated[L]: action=create, entity_id=climate.cimdaebang_boilreo>
2025-08-06 12:49:51.128 DEBUG (MainThread) [homeassistant.core] Bus:Handling <Event state_changed[L]: entity_id=climate.cimdaebang_boilreo, old_state=None, new_state=<state climate.cimdaebang_boilreo=unavailable; hvac_modes=[<HVACMode.OFF: 'off'>, <HVACMode.HEAT: 'heat'>], min_temp=7, max_temp=35, target_temp_step=0.5, icon=mdi:water-boiler, friendly_name=침대방 보일러, supported_features=1 @ 2025-08-06T12:49:51.128251+09:00>>
2025-08-06 12:49:51.129 INFO (MainThread) [homeassistant.components.binary_sensor] Setting up commax.binary_sensor
2025-08-06 12:49:51.129 INFO (MainThread) [homeassistant.helpers.entity_registry] Registered new binary_sensor.commax entity: binary_sensor.commax_doorbell_1
2025-08-06 12:49:51.156 DEBUG (MainThread) [homeassistant.core] Bus:Handling <Event entity_registry_updated[L]: action=create, entity_id=binary_sensor.commax_doorbell_1>
2025-08-06 12:49:51.164 DEBUG (MainThread) [homeassistant.core] Bus:Handling <Event state_changed[L]: entity_id=binary_sensor.commax_doorbell_1, old_state=None, new_state=<state binary_sensor.commax_doorbell_1=unavailable; device_class=occupancy, icon=mdi:bell-ring, friendly_name=현관 도어벨 @ 2025-08-06T12:49:51.157720+09:00>>
2025-08-06 12:49:51.166 INFO (MainThread) [homeassistant.components.switch] Setting up commax.switch
2025-08-06 12:49:51.167 INFO (MainThread) [homeassistant.helpers.entity_registry] Registered new switch.commax entity: switch.commax_master_switch_1
2025-08-06 12:49:51.181 DEBUG (MainThread) [homeassistant.core] Bus:Handling <Event entity_registry_updated[L]: action=create, entity_id=switch.commax_master_switch_1>
2025-08-06 12:49:51.182 DEBUG (MainThread) [homeassistant.core] Bus:Handling <Event state_changed[L]: entity_id=switch.commax_master_switch_1, old_state=None, new_state=<state switch.commax_master_switch_1=unavailable; friendly_name=일괄소등 @ 2025-08-06T12:49:51.181974+09:00>>
2025-08-06 12:49:51.183 INFO (MainThread) [homeassistant.components.button] Setting up commax.button
2025-08-06 12:49:51.183 INFO (MainThread) [homeassistant.helpers.entity_registry] Registered new button.commax entity: button.hyeongwanmun_yeolgi
2025-08-06 12:49:51.183 DEBUG (MainThread) [homeassistant.core] Bus:Handling <Event entity_registry_updated[L]: action=create, entity_id=button.hyeongwanmun_yeolgi>
2025-08-06 12:49:51.184 DEBUG (MainThread) [homeassistant.core] Bus:Handling <Event state_changed[L]: entity_id=button.hyeongwanmun_yeolgi, old_state=None, new_state=<state button.hyeongwanmun_yeolgi=unavailable; icon=mdi:door-open, friendly_name=현관문 열기 @ 2025-08-06T12:49:51.184034+09:00>>
2025-08-06 12:49:51.184 INFO (MainThread) [homeassistant.helpers.entity_registry] Registered new button.commax entity: button.elribeiteo_hocul
2025-08-06 12:49:51.184 DEBUG (MainThread) [homeassistant.core] Bus:Handling <Event entity_registry_updated[L]: action=create, entity_id=button.elribeiteo_hocul>
2025-08-06 12:49:51.185 DEBUG (MainThread) [homeassistant.core] Bus:Handling <Event state_changed[L]: entity_id=button.elribeiteo_hocul, old_state=None, new_state=<state button.elribeiteo_hocul=unavailable; icon=mdi:elevator, friendly_name=엘리베이터 호출 @ 2025-08-06T12:49:51.184719+09:00>>
2025-08-06 12:49:51.210 DEBUG (MainThread) [homeassistant.core] Bus:Handling <Event component_loaded[L]: component=commax>
2025-08-06 12:49:53.294 DEBUG (MainThread) [homeassistant.core] Bus:Handling <Event state_reported[L]: entity_id=sun.sun, old_last_reported=2025-08-06T12:49:38.293019+09:00, new_state=<state sun.sun=above_horizon; next_dawn=2025-08-06T20:12:19.937481+00:00, next_dusk=2025-08-06T11:04:07.962815+00:00, next_midnight=2025-08-06T15:37:59+00:00, next_noon=2025-08-07T03:37:59+00:00, next_rising=2025-08-06T20:41:22.994271+00:00, next_setting=2025-08-06T10:35:05.744028+00:00, elevation=69.0, azimuth=187.4, rising=False, friendly_name=Sun @ 2025-08-06T12:49:08.286914+09:00>>
2025-08-06 12:49:57.416 DEBUG (MainThread) [homeassistant.core] Bus:Handling <Event state_changed[L]: entity_id=sensor.geosil_beoteun1_battery, old_state=<state sensor.geosil_beoteun1_battery=unknown; state_class=measurement, unit_of_measurement=%, device_class=battery, friendly_name=거실 버튼1 배터리 @ 2025-08-06T12:49:22.429898+09:00>, new_state=<state sensor.geosil_beoteun1_battery=100; state_class=measurement, unit_of_measurement=%, device_class=battery, friendly_name=거실 버튼1 배터리 @ 2025-08-06T12:49:57.416145+09:00>>
2025-08-06 12:49:57.416 DEBUG (MainThread) [homeassistant.core] Bus:Handling <Event state_changed[L]: entity_id=select.geosil_beoteun1_operation_mode, old_state=<state select.geosil_beoteun1_operation_mode=unknown; options=['command', 'event'], icon=mdi:tune, friendly_name=거실 버튼1 Operation mode @ 2025-08-06T12:49:22.430146+09:00>, new_state=<state select.geosil_beoteun1_operation_mode=event; options=['command', 'event'], icon=mdi:tune, friendly_name=거실 버튼1 Operation mode @ 2025-08-06T12:49:57.416742+09:00>>
2025-08-06 12:49:57.418 DEBUG (MainThread) [homeassistant.core] Bus:Handling <Event state_changed[L]: entity_id=sensor.0xa4c13857052a9c52_battery, old_state=<state sensor.0xa4c13857052a9c52_battery=unknown; state_class=measurement, unit_of_measurement=%, device_class=battery, friendly_name=안방 온습도 센서 배터리 @ 2025-08-06T12:49:22.428846+09:00>, new_state=<state sensor.0xa4c13857052a9c52_battery=87; state_class=measurement, unit_of_measurement=%, device_class=battery, friendly_name=안방 온습도 센서 배터리 @ 2025-08-06T12:49:57.418709+09:00>>
2025-08-06 12:49:57.419 DEBUG (MainThread) [homeassistant.core] Bus:Handling <Event state_changed[L]: entity_id=sensor.0xa4c13857052a9c52_voltage, old_state=<state sensor.0xa4c13857052a9c52_voltage=unknown; state_class=measurement, unit_of_measurement=mV, device_class=voltage, friendly_name=안방 온습도 센서 전압 @ 2025-08-06T12:49:22.430650+09:00>, new_state=<state sensor.0xa4c13857052a9c52_voltage=2500; state_class=measurement, unit_of_measurement=mV, device_class=voltage, friendly_name=안방 온습도 센서 전압 @ 2025-08-06T12:49:57.419064+09:00>>
2025-08-06 12:49:57.419 DEBUG (MainThread) [homeassistant.core] Bus:Handling <Event state_changed[L]: entity_id=sensor.0xa4c13857052a9c52_humidity, old_state=<state sensor.0xa4c13857052a9c52_humidity=unknown; state_class=measurement, unit_of_measurement=%, device_class=humidity, friendly_name=안방 온습도 센서 습도 @ 2025-08-06T12:49:22.427620+09:00>, new_state=<state sensor.0xa4c13857052a9c52_humidity=57.13; state_class=measurement, unit_of_measurement=%, device_class=humidity, friendly_name=안방 온습도 센서 습도 @ 2025-08-06T12:49:57.419340+09:00>>
2025-08-06 12:49:57.419 DEBUG (MainThread) [homeassistant.core] Bus:Handling <Event state_changed[L]: entity_id=sensor.0xa4c13857052a9c52_temperature, old_state=<state sensor.0xa4c13857052a9c52_temperature=unknown; state_class=measurement, unit_of_measurement=°C, device_class=temperature, friendly_name=안방 온습도 센서 온도 @ 2025-08-06T12:49:22.431360+09:00>, new_state=<state sensor.0xa4c13857052a9c52_temperature=28.79; state_class=measurement, unit_of_measurement=°C, device_class=temperature, friendly_name=안방 온습도 센서 온도 @ 2025-08-06T12:49:57.419580+09:00>>
2025-08-06 12:50:00.713 DEBUG (MainThread) [homeassistant.core] Bus:Handling <Event logging_changed[L]>
